id,source_entity_id,target_entity_id,type,confidence,timestamp,properties
R000001,P143,P080,MET,0.97,2025-06-17T05:44:21,"{""details"": ""Brief meeting observed"", ""source_type"": ""surveillance"", ""verified"": true}"
R000002,P048,P195,CALLED,0.68,2025-03-17T02:55:26,"{""duration_seconds"": 1423, ""source_type"": ""call_record"", ""verified"": false}"
R000003,P414,P023,MESSAGED,0.73,2026-07-21T19:11:11,"{""message_count"": 32, ""source_type"": ""communication_record""}"
R000004,P499,P473,ASSOCIATED,0.54,2025-10-22T00:23:32,"{""context"": ""Indirect association noted as an analytical lead, not confirmed activity"", ""source_type"": ""informant_tip"", ""verified"": false}"
R000005,P151,P425,FAMILY,0.8,2026-05-04T06:41:42,"{""relationship_note"": ""Partner relation recorded"", ""source_type"": ""public_record""}"
R000006,P296,P099,PARTNER,0.53,2026-07-02T06:10:15,"{""relationship_note"": ""Family relation recorded"", ""source_type"": ""public_record""}"
R000007,P396,P149,EMPLOYED_WITH,0.92,2025-03-03T23:25:48,"{""context"": ""Shared employment recorded"", ""source_type"": ""employment_record""}"
R000008,P444,P052,MEMBER_OF,0.64,2025-10-23T06:03:59,"{""context"": ""Shared membership recorded"", ""source_type"": ""field_report""}"
R000009,P326,P428,TRAVELED_WITH,0.58,2025-10-11T08:57:53,"{""context"": ""Joint travel recorded"", ""source_type"": ""travel_record""}"
R000010,P182,P108,LOCATED_WITH,0.63,2026-06-05T12:58:14,"{""observation_note"": ""Presence recorded at location"", ""source_type"": ""location_record""}"
R000011,P480,P350,SUSPECTED_ASSOCIATE,0.53,2026-05-19T08:15:18,"{""context"": ""Indirect association noted as an analytical lead, not confirmed activity"", ""source_type"": ""informant_tip"", ""verified"": false}"
R000012,P326,PH044,OWNS_PHONE,0.86,2026-02-19T21:05:20,"{""registration_status"": ""active"", ""source_type"": ""telecom_registry""}"
R000013,P084,PH119,USED_PHONE,0.63,2025-10-22T17:33:43,"{""observation"": ""Device usage recorded"", ""source_type"": ""telecom_record""}"
R000014,P474,PH164,CALLED,0.77,2026-06-19T12:16:07,"{""duration_seconds"": 2819, ""source_type"": ""call_record"", ""verified"": false}"
R000015,P432,PH197,MESSAGED,0.53,2026-08-26T17:41:12,"{""message_count"": 9, ""source_type"": ""communication_record""}"
R000016,P413,V081,OWNS_VEHICLE,0.63,2025-11-08T14:15:13,"{""registration_status"": ""active"", ""source_type"": ""vehicle_registry""}"
R000017,P109,V146,USED_VEHICLE,0.65,2026-07-12T14:53:31,"{""observation"": ""Vehicle observed in use"", ""source_type"": ""CCTV""}"
R000018,P336,V128,TRAVELED_IN,0.93,2025-11-04T07:06:47,"{""trip_note"": ""Travel recorded together"", ""source_type"": ""field_report""}"
R000019,P330,LOC059,VISITED,0.63,2025-04-21T23:19:10,"{""duration_minutes"": 68, ""source_type"": ""location_record""}"
R000020,P382,LOC072,LOCATED_AT,0.63,2026-02-23T15:15:53,"{""observation_note"": ""Presence recorded at location"", ""source_type"": ""location_record""}"
R000021,P300,LOC055,TRAVELED_TO,0.7,2026-03-30T05:50:31,"{""mode"": ""road"", ""source_type"": ""travel_record""}"
R000022,P071,LOC066,RESIDES_AT,0.54,2026-01-19T07:48:07,"{""since"": ""2025-02-06"", ""source_type"": ""registration_record""}"
R000023,P441,LOC015,WORKS_AT,0.81,2025-04-29T17:10:07,"{""role"": ""Contractor"", ""source_type"": ""employment_record""}"
R000024,P306,ORG009,WORKS_FOR,0.69,2025-10-26T20:34:57,"{""role"": ""Contractor"", ""source_type"": ""employment_record""}"
R000025,P271,ORG033,MEMBER_OF,0.92,2026-03-06T16:52:41,"{""context"": ""Shared membership recorded"", ""source_type"": ""field_report""}"
R000026,P006,ORG088,ASSOCIATED_WITH,0.56,2026-07-14T19:13:42,"{""context"": ""Indirect association noted as an analytical lead, not confirmed activity"", ""source_type"": ""informant_tip"", ""verified"": false}"
R000027,P454,ORG069,VISITED_ORG,0.63,2026-08-07T05:22:36,"{""duration_minutes"": 169, ""source_type"": ""location_record""}"
R000028,P175,ACC029,OWNS_ACCOUNT,0.71,2025-08-16T23:14:20,"{""account_status"": ""active"", ""source_type"": ""financial_registry""}"
R000029,P233,ACC001,TRANSFERRED_TO,0.93,2026-07-15T20:46:17,"{""amount"": 138591, ""currency"": ""INR"", ""transaction_type"": ""cash_deposit""}"
R000030,P260,ACC028,RECEIVED_FROM,0.65,2026-05-01T16:26:25,"{""amount"": 335493, ""currency"": ""INR"", ""transaction_type"": ""cash_deposit""}"
R000031,P079,ACC096,TRANSACTION_WITH,0.58,2026-08-16T06:13:53,"{""amount"": 408724, ""currency"": ""INR"", ""transaction_type"": ""bank_transfer""}"
R000032,ORG077,ORG042,CONNECTED_TO,0.51,2026-01-15T12:16:14,"{""relationship_note"": ""Organizational link recorded"", ""source_type"": ""corporate_record""}"
R000033,ORG047,ORG040,PARTNERED_WITH,0.53,2025-07-05T23:42:52,"{""relationship_note"": ""Organizational link recorded"", ""source_type"": ""corporate_record""}"
R000034,ORG073,ORG011,TRANSACTION_WITH,0.86,2025-03-08T12:41:45,"{""amount"": 428331, ""currency"": ""INR"", ""transaction_type"": ""bank_transfer""}"
R000035,PH195,PH137,COMMUNICATED_WITH,0.56,2026-08-18T20:11:18,"{""contact_count"": 61, ""source_type"": ""telecom_record""}"
R000036,V141,LOC022,SEEN_AT,0.76,2025-07-25T21:00:49,"{""observation"": ""Vehicle observed in use"", ""source_type"": ""CCTV""}"
R000037,ACC156,ACC109,TRANSFERRED_TO,0.96,2025-06-14T12:12:16,"{""amount"": 396476, ""currency"": ""INR"", ""transaction_type"": ""cash_deposit""}"
R000038,ACC183,ACC080,TRANSACTION_WITH,0.99,2025-11-06T21:45:19,"{""amount"": 341223, ""currency"": ""INR"", ""transaction_type"": ""wire_transfer""}"
R000039,P033,P028,ASSOCIATED,0.83,2025-08-05T07:11:32,"{""context"": ""Indirect association noted as an analytical lead, not confirmed activity"", ""source_type"": ""informant_tip"", ""verified"": false}"
R000040,P028,P027,ASSOCIATED,0.56,2026-02-23T20:02:56,"{""context"": ""Indirect association noted as an analytical lead, not confirmed activity"", ""source_type"": ""informant_tip"", ""verified"": false}"
R000041,P027,P036,CALLED,0.73,2026-03-24T13:21:49,"{""duration_seconds"": 3228, ""source_type"": ""call_record"", ""verified"": false}"
R000042,P036,P042,MET,0.55,2025-05-28T21:29:53,"{""details"": ""Extended meeting recorded"", ""source_type"": ""surveillance"", ""verified"": false}"
R000043,P289,P290,CALLED,0.55,2026-05-17T21:39:49,"{""duration_seconds"": 1664, ""source_type"": ""call_record"", ""verified"": false}"
R000044,P290,P299,ASSOCIATED,0.59,2025-07-13T03:17:24,"{""context"": ""Indirect association noted as an analytical lead, not confirmed activity"", ""source_type"": ""informant_tip"", ""verified"": false}"
R000045,P299,P277,CALLED,0.57,2025-12-15T10:45:45,"{""duration_seconds"": 766, ""source_type"": ""call_record"", ""verified"": false}"
R000046,P277,P297,MET,0.93,2025-07-14T00:43:46,"{""details"": ""Meeting recorded at location"", ""source_type"": ""surveillance"", ""verified"": false}"
R000047,P429,P427,ASSOCIATED,0.92,2026-08-09T07:28:44,"{""context"": ""Indirect association noted as an analytical lead, not confirmed activity"", ""source_type"": ""informant_tip"", ""verified"": false}"
R000048,P427,P446,ASSOCIATED,0.74,2025-11-12T16:06:25,"{""context"": ""Indirect association noted as an analytical lead, not confirmed activity"", ""source_type"": ""informant_tip"", ""verified"": false}"
R000049,P446,P443,ASSOCIATED,0.94,2025-11-08T11:55:58,"{""context"": ""Indirect association noted as an analytical lead, not confirmed activity"", ""source_type"": ""informant_tip"", ""verified"": false}"
R000050,P443,P426,ASSOCIATED,0.5,2025-10-22T08:34:15,"{""context"": ""Indirect association noted as an analytical lead, not confirmed activity"", ""source_type"": ""informant_tip"", ""verified"": false}"
R000051,P309,P315,CALLED,0.82,2026-03-08T16:16:20,"{""duration_seconds"": 2008, ""source_type"": ""call_record"", ""verified"": true}"
R000052,P315,P310,ASSOCIATED,0.61,2025-08-19T11:02:05,"{""context"": ""Indirect association noted as an analytical lead, not confirmed activity"", ""source_type"": ""informant_tip"", ""verified"": false}"
R000053,P310,P314,ASSOCIATED,0.86,2026-03-26T20:42:11,"{""context"": ""Indirect association noted as an analytical lead, not confirmed activity"", ""source_type"": ""informant_tip"", ""verified"": false}"
R000054,P314,P323,ASSOCIATED,0.65,2026-08-04T23:16:30,"{""context"": ""Indirect association noted as an analytical lead, not confirmed activity"", ""source_type"": ""informant_tip"", ""verified"": false}"
R000055,P044,P041,CALLED,0.92,2025-03-04T05:23:09,"{""duration_seconds"": 295, ""source_type"": ""call_record"", ""verified"": true}"
R000056,P041,P042,CALLED,0.7,2025-07-02T16:31:06,"{""duration_seconds"": 2348, ""source_type"": ""call_record"", ""verified"": true}"
R000057,P042,P031,CALLED,0.52,2026-04-07T18:38:25,"{""duration_seconds"": 350, ""source_type"": ""call_record"", ""verified"": false}"
R000058,P031,P027,CALLED,0.78,2026-03-30T08:26:24,"{""duration_seconds"": 1310, ""source_type"": ""call_record"", ""verified"": false}"
R000059,P172,P173,MET,0.83,2025-04-12T15:44:52,"{""details"": ""Brief meeting observed"", ""source_type"": ""surveillance"", ""verified"": false}"
R000060,P173,P161,MET,0.96,2026-08-07T23:46:11,"{""details"": ""Meeting recorded at location"", ""source_type"": ""surveillance"", ""verified"": false}"
R000061,P161,P158,CALLED,0.99,2026-03-14T06:57:43,"{""duration_seconds"": 315, ""source_type"": ""call_record"", ""verified"": true}"
R000062,P158,P159,CALLED,0.56,2025-07-25T23:41:38,"{""duration_seconds"": 1444, ""source_type"": ""call_record"", ""verified"": true}"
R000063,P187,P185,CALLED,0.8,2025-08-23T23:19:41,"{""duration_seconds"": 3320, ""source_type"": ""call_record"", ""verified"": true}"
R000064,P185,P181,CALLED,0.65,2026-03-07T18:32:09,"{""duration_seconds"": 2732, ""source_type"": ""call_record"", ""verified"": true}"
R000065,P181,P190,ASSOCIATED,0.56,2025-07-25T10:00:07,"{""context"": ""Indirect association noted as an analytical lead, not confirmed activity"", ""source_type"": ""informant_tip"", ""verified"": false}"
R000066,P190,P193,ASSOCIATED,0.77,2026-07-31T15:39:00,"{""context"": ""Indirect association noted as an analytical lead, not confirmed activity"", ""source_type"": ""informant_tip"", ""verified"": false}"
R000067,P210,P220,ASSOCIATED,0.81,2026-06-18T23:52:31,"{""context"": ""Indirect association noted as an analytical lead, not confirmed activity"", ""source_type"": ""informant_tip"", ""verified"": false}"
R000068,P220,P207,MET,0.74,2026-01-28T13:30:27,"{""details"": ""Meeting recorded at location"", ""source_type"": ""surveillance"", ""verified"": true}"
R000069,P207,P223,CALLED,0.91,2025-11-26T00:01:28,"{""duration_seconds"": 195, ""source_type"": ""call_record"", ""verified"": true}"
R000070,P223,P211,MET,0.56,2026-08-22T22:42:15,"{""details"": ""Brief meeting observed"", ""source_type"": ""surveillance"", ""verified"": true}"
R000071,P368,P373,ASSOCIATED,0.94,2026-06-21T17:32:21,"{""context"": ""Indirect association noted as an analytical lead, not confirmed activity"", ""source_type"": ""informant_tip"", ""verified"": false}"
R000072,P373,P364,CALLED,0.91,2025-01-28T23:36:47,"{""duration_seconds"": 2400, ""source_type"": ""call_record"", ""verified"": true}"
R000073,P364,P351,MET,0.52,2025-04-09T23:45:24,"{""details"": ""Brief meeting observed"", ""source_type"": ""surveillance"", ""verified"": true}"
R000074,P351,P354,MET,0.83,2025-06-13T04:06:37,"{""details"": ""Extended meeting recorded"", ""source_type"": ""surveillance"", ""verified"": true}"
R000075,P300,P293,ASSOCIATED,0.92,2025-07-03T21:06:13,"{""context"": ""Indirect association noted as an analytical lead, not confirmed activity"", ""source_type"": ""informant_tip"", ""verified"": false}"
R000076,P293,P289,ASSOCIATED,0.51,2025-11-17T05:43:29,"{""context"": ""Indirect association noted as an analytical lead, not confirmed activity"", ""source_type"": ""informant_tip"", ""verified"": false}"
R000077,P289,P295,CALLED,0.88,2025-09-16T00:23:09,"{""duration_seconds"": 1701, ""source_type"": ""call_record"", ""verified"": true}"
R000078,P295,P299,MET,0.89,2025-05-04T15:39:46,"{""details"": ""Meeting recorded at location"", ""source_type"": ""surveillance"", ""verified"": false}"
R000079,P041,P033,MET,0.61,2025-06-26T18:41:14,"{""details"": ""Extended meeting recorded"", ""source_type"": ""surveillance"", ""verified"": true}"
R000080,P033,P032,MET,0.64,2025-09-12T23:14:46,"{""details"": ""Meeting recorded at location"", ""source_type"": ""surveillance"", ""verified"": false}"
R000081,P032,P040,MET,0.75,2026-05-14T06:05:10,"{""details"": ""Extended meeting recorded"", ""source_type"": ""surveillance"", ""verified"": false}"
R000082,P040,P037,ASSOCIATED,0.93,2025-03-31T14:07:33,"{""context"": ""Indirect association noted as an analytical lead, not confirmed activity"", ""source_type"": ""informant_tip"", ""verified"": false}"
R000083,P206,P219,CALLED,0.67,2025-12-04T12:51:20,"{""duration_seconds"": 3236, ""source_type"": ""call_record"", ""verified"": false}"
R000084,P219,P209,MET,0.98,2026-04-16T20:33:07,"{""details"": ""Meeting recorded at location"", ""source_type"": ""surveillance"", ""verified"": false}"
R000085,P209,P202,CALLED,0.62,2025-05-28T15:19:30,"{""duration_seconds"": 2918, ""source_type"": ""call_record"", ""verified"": false}"
R000086,P202,P204,ASSOCIATED,0.95,2026-02-08T20:01:03,"{""context"": ""Indirect association noted as an analytical lead, not confirmed activity"", ""source_type"": ""informant_tip"", ""verified"": false}"
R000087,P447,P449,ASSOCIATED,0.95,2026-05-31T22:17:16,"{""context"": ""Indirect association noted as an analytical lead, not confirmed activity"", ""source_type"": ""informant_tip"", ""verified"": false}"
R000088,P449,P432,CALLED,0.83,2025-09-01T19:48:42,"{""duration_seconds"": 525, ""source_type"": ""call_record"", ""verified"": false}"
R000089,P432,P437,CALLED,0.83,2025-08-29T05:29:02,"{""duration_seconds"": 1351, ""source_type"": ""call_record"", ""verified"": false}"
R000090,P437,P439,CALLED,0.77,2025-08-18T15:24:44,"{""duration_seconds"": 800, ""source_type"": ""call_record"", ""verified"": false}"
R000091,P322,P324,MET,0.77,2025-11-12T09:47:23,"{""details"": ""Meeting recorded at location"", ""source_type"": ""surveillance"", ""verified"": false}"
R000092,P324,P306,MET,0.71,2025-06-13T06:05:21,"{""details"": ""Extended meeting recorded"", ""source_type"": ""surveillance"", ""verified"": false}"
R000093,P306,P320,MET,0.72,2025-12-10T03:29:17,"{""details"": ""Meeting recorded at location"", ""source_type"": ""surveillance"", ""verified"": false}"
R000094,P320,P319,CALLED,0.82,2025-05-12T19:16:36,"{""duration_seconds"": 1177, ""source_type"": ""call_record"", ""verified"": false}"
R000095,P075,P058,ASSOCIATED,0.52,2025-01-19T23:19:20,"{""context"": ""Indirect association noted as an analytical lead, not confirmed activity"", ""source_type"": ""informant_tip"", ""verified"": false}"
R000096,P058,P072,MET,0.92,2026-04-20T18:58:21,"{""details"": ""Meeting recorded at location"", ""source_type"": ""surveillance"", ""verified"": false}"
R000097,P072,P060,MET,0.78,2026-05-05T03:40:39,"{""details"": ""Extended meeting recorded"", ""source_type"": ""surveillance"", ""verified"": false}"
R000098,P060,P057,MET,0.62,2025-11-07T10:04:09,"{""details"": ""Extended meeting recorded"", ""source_type"": ""surveillance"", ""verified"": true}"
R000099,P100,P089,ASSOCIATED,0.75,2026-06-25T12:44:08,"{""context"": ""Indirect association noted as an analytical lead, not confirmed activity"", ""source_type"": ""informant_tip"", ""verified"": false}"
R000100,P089,P083,ASSOCIATED,0.62,2026-03-09T22:47:49,"{""context"": ""Indirect association noted as an analytical lead, not confirmed activity"", ""source_type"": ""informant_tip"", ""verified"": false}"
R000101,P083,P100,ASSOCIATED,0.57,2025-12-21T13:03:54,"{""context"": ""Indirect association noted as an analytical lead, not confirmed activity"", ""source_type"": ""informant_tip"", ""verified"": false}"
R000102,P372,P367,MET,0.94,2026-08-10T14:52:50,"{""details"": ""Extended meeting recorded"", ""source_type"": ""surveillance"", ""verified"": false}"
R000103,P367,P368,MET,0.86,2025-05-04T14:55:06,"{""details"": ""Brief meeting observed"", ""source_type"": ""surveillance"", ""verified"": false}"
R000104,P368,P372,MET,0.62,2026-08-07T22:08:06,"{""details"": ""Extended meeting recorded"", ""source_type"": ""surveillance"", ""verified"": false}"
R000105,P416,P421,MET,0.54,2025-12-08T15:49:10,"{""details"": ""Brief meeting observed"", ""source_type"": ""surveillance"", ""verified"": true}"
R000106,P421,P408,MET,0.66,2025-09-18T20:39:06,"{""details"": ""Extended meeting recorded"", ""source_type"": ""surveillance"", ""verified"": true}"
R000107,P408,P416,ASSOCIATED,0.61,2025-04-28T03:41:14,"{""context"": ""Indirect association noted as an analytical lead, not confirmed activity"", ""source_type"": ""informant_tip"", ""verified"": false}"
R000108,P123,P107,MET,0.66,2025-11-13T14:12:10,"{""details"": ""Brief meeting observed"", ""source_type"": ""surveillance"", ""verified"": false}"
R000109,P107,P103,ASSOCIATED,0.91,2025-06-10T15:40:20,"{""context"": ""Indirect association noted as an analytical lead, not confirmed activity"", ""source_type"": ""informant_tip"", ""verified"": false}"
R000110,P103,P123,MET,0.79,2026-08-21T22:01:59,"{""details"": ""Extended meeting recorded"", ""source_type"": ""surveillance"", ""verified"": true}"
R000111,P463,P466,MET,0.87,2025-08-20T22:32:35,"{""details"": ""Brief meeting observed"", ""source_type"": ""surveillance"", ""verified"": true}"
R000112,P466,P451,MET,0.63,2025-06-20T10:18:56,"{""details"": ""Brief meeting observed"", ""source_type"": ""surveillance"", ""verified"": true}"
R000113,P451,P463,MET,0.83,2025-09-19T01:54:31,"{""details"": ""Brief meeting observed"", ""source_type"": ""surveillance"", ""verified"": true}"
R000114,P355,P370,ASSOCIATED,0.79,2025-11-03T01:04:11,"{""context"": ""Indirect association noted as an analytical lead, not confirmed activity"", ""source_type"": ""informant_tip"", ""verified"": false}"
R000115,P370,P368,ASSOCIATED,0.81,2025-03-07T04:53:38,"{""context"": ""Indirect association noted as an analytical lead, not confirmed activity"", ""source_type"": ""informant_tip"", ""verified"": false}"
R000116,P368,P355,ASSOCIATED,0.59,2025-12-25T14:40:58,"{""context"": ""Indirect association noted as an analytical lead, not confirmed activity"", ""source_type"": ""informant_tip"", ""verified"": false}"
R000117,P213,P211,MET,0.67,2025-09-11T20:50:50,"{""details"": ""Brief meeting observed"", ""source_type"": ""surveillance"", ""verified"": false}"
R000118,P211,P207,MET,0.91,2025-07-15T22:40:55,"{""details"": ""Brief meeting observed"", ""source_type"": ""surveillance"", ""verified"": true}"
R000119,P207,P213,ASSOCIATED,0.61,2025-09-29T19:44:01,"{""context"": ""Indirect association noted as an analytical lead, not confirmed activity"", ""source_type"": ""informant_tip"", ""verified"": false}"
R000120,P075,P071,ASSOCIATED,0.6,2025-07-12T01:41:41,"{""context"": ""Indirect association noted as an analytical lead, not confirmed activity"", ""source_type"": ""informant_tip"", ""verified"": false}"
R000121,P071,P052,ASSOCIATED,0.57,2026-04-28T14:32:10,"{""context"": ""Indirect association noted as an analytical lead, not confirmed activity"", ""source_type"": ""informant_tip"", ""verified"": false}"
R000122,P052,P075,ASSOCIATED,0.83,2026-01-03T19:49:04,"{""context"": ""Indirect association noted as an analytical lead, not confirmed activity"", ""source_type"": ""informant_tip"", ""verified"": false}"
R000123,P457,P465,MET,0.68,2026-08-19T16:01:00,"{""details"": ""Extended meeting recorded"", ""source_type"": ""surveillance"", ""verified"": true}"
R000124,P465,P473,ASSOCIATED,0.55,2025-08-30T14:11:08,"{""context"": ""Indirect association noted as an analytical lead, not confirmed activity"", ""source_type"": ""informant_tip"", ""verified"": false}"
R000125,P473,P457,ASSOCIATED,0.78,2025-08-31T07:18:16,"{""context"": ""Indirect association noted as an analytical lead, not confirmed activity"", ""source_type"": ""informant_tip"", ""verified"": false}"
R000126,P313,P323,ASSOCIATED,0.84,2026-04-05T21:30:14,"{""context"": ""Indirect association noted as an analytical lead, not confirmed activity"", ""source_type"": ""informant_tip"", ""verified"": false}"
R000127,P323,P307,ASSOCIATED,0.84,2025-03-21T03:34:40,"{""context"": ""Indirect association noted as an analytical lead, not confirmed activity"", ""source_type"": ""informant_tip"", ""verified"": false}"
R000128,P307,P313,MET,0.79,2026-06-16T11:30:46,"{""details"": ""Meeting recorded at location"", ""source_type"": ""surveillance"", ""verified"": true}"
R000129,P112,P118,ASSOCIATED,0.71,2025-03-23T23:23:13,"{""context"": ""Indirect association noted as an analytical lead, not confirmed activity"", ""source_type"": ""informant_tip"", ""verified"": false}"
R000130,P112,P114,ASSOCIATED,0.94,2026-05-09T16:09:54,"{""context"": ""Indirect association noted as an analytical lead, not confirmed activity"", ""source_type"": ""informant_tip"", ""verified"": false}"
R000131,P112,P122,ASSOCIATED,0.57,2026-07-04T09:11:19,"{""context"": ""Indirect association noted as an analytical lead, not confirmed activity"", ""source_type"": ""informant_tip"", ""verified"": false}"
R000132,P112,P125,MEMBER_OF,0.76,2026-07-24T22:56:09,"{""context"": ""Shared membership recorded"", ""source_type"": ""field_report""}"
R000133,P112,P103,CALLED,0.8,2025-07-29T18:42:02,"{""duration_seconds"": 2219, ""source_type"": ""call_record"", ""verified"": false}"
R000134,P112,P117,ASSOCIATED,0.9,2025-12-05T07:41:49,"{""context"": ""Indirect association noted as an analytical lead, not confirmed activity"", ""source_type"": ""informant_tip"", ""verified"": false}"
R000135,P112,P111,CALLED,0.66,2025-07-28T11:15:19,"{""duration_seconds"": 1020, ""source_type"": ""call_record"", ""verified"": true}"
R000136,P112,P101,ASSOCIATED,0.62,2025-12-17T03:33:30,"{""context"": ""Indirect association noted as an analytical lead, not confirmed activity"", ""source_type"": ""informant_tip"", ""verified"": false}"
R000137,P112,P123,ASSOCIATED,0.8,2026-03-19T14:46:02,"{""context"": ""Indirect association noted as an analytical lead, not confirmed activity"", ""source_type"": ""informant_tip"", ""verified"": false}"
R000138,P120,P113,ASSOCIATED,0.93,2025-08-06T05:12:43,"{""context"": ""Indirect association noted as an analytical lead, not confirmed activity"", ""source_type"": ""informant_tip"", ""verified"": false}"
R000139,P120,P111,CALLED,0.77,2025-08-03T14:01:10,"{""duration_seconds"": 2131, ""source_type"": ""call_record"", ""verified"": true}"
R000140,P120,P101,MEMBER_OF,0.85,2025-07-07T11:12:10,"{""context"": ""Shared membership recorded"", ""source_type"": ""field_report""}"
R000141,P120,P116,ASSOCIATED,0.87,2026-03-08T05:14:04,"{""context"": ""Indirect association noted as an analytical lead, not confirmed activity"", ""source_type"": ""informant_tip"", ""verified"": false}"
R000142,P120,P124,CALLED,0.82,2026-01-05T19:01:07,"{""duration_seconds"": 2025, ""source_type"": ""call_record"", ""verified"": false}"
R000143,P120,P106,MEMBER_OF,0.64,2025-03-14T06:38:24,"{""context"": ""Shared membership recorded"", ""source_type"": ""field_report""}"
R000144,P120,P122,ASSOCIATED,0.62,2026-06-22T07:50:50,"{""context"": ""Indirect association noted as an analytical lead, not confirmed activity"", ""source_type"": ""informant_tip"", ""verified"": false}"
R000145,P120,P107,CALLED,0.68,2026-03-28T16:58:54,"{""duration_seconds"": 2282, ""source_type"": ""call_record"", ""verified"": false}"
R000146,P120,P112,ASSOCIATED,0.77,2026-08-03T09:14:39,"{""context"": ""Indirect association noted as an analytical lead, not confirmed activity"", ""source_type"": ""informant_tip"", ""verified"": false}"
R000147,P120,P109,ASSOCIATED,0.72,2026-06-30T22:09:56,"{""context"": ""Indirect association noted as an analytical lead, not confirmed activity"", ""source_type"": ""informant_tip"", ""verified"": false}"
R000148,P259,P260,MEMBER_OF,0.74,2026-07-28T16:35:19,"{""context"": ""Shared membership recorded"", ""source_type"": ""field_report""}"
R000149,P259,P258,CALLED,0.98,2026-04-03T22:41:47,"{""duration_seconds"": 2163, ""source_type"": ""call_record"", ""verified"": false}"
R000150,P259,P254,MEMBER_OF,0.65,2025-05-31T18:36:50,"{""context"": ""Shared membership recorded"", ""source_type"": ""field_report""}"
R000151,P259,P257,ASSOCIATED,0.65,2025-05-20T09:01:58,"{""context"": ""Indirect association noted as an analytical lead, not confirmed activity"", ""source_type"": ""informant_tip"", ""verified"": false}"
R000152,P259,P261,CALLED,0.56,2026-02-19T20:59:59,"{""duration_seconds"": 201, ""source_type"": ""call_record"", ""verified"": true}"
R000153,P259,P272,CALLED,0.84,2025-08-15T21:49:18,"{""duration_seconds"": 532, ""source_type"": ""call_record"", ""verified"": false}"
R000154,P259,P268,MEMBER_OF,0.78,2025-01-10T12:38:37,"{""context"": ""Shared membership recorded"", ""source_type"": ""field_report""}"
R000155,P259,P256,ASSOCIATED,0.72,2026-01-07T19:52:46,"{""context"": ""Indirect association noted as an analytical lead, not confirmed activity"", ""source_type"": ""informant_tip"", ""verified"": false}"
R000156,P259,P271,MEMBER_OF,0.62,2025-02-09T21:43:53,"{""context"": ""Shared membership recorded"", ""source_type"": ""field_report""}"
R000157,P309,P316,CALLED,0.54,2025-08-24T23:54:16,"{""duration_seconds"": 1031, ""source_type"": ""call_record"", ""verified"": true}"
R000158,P309,P304,CALLED,0.7,2026-08-17T18:15:31,"{""duration_seconds"": 2456, ""source_type"": ""call_record"", ""verified"": true}"
R000159,P309,P303,CALLED,0.72,2025-10-23T10:45:37,"{""duration_seconds"": 1828, ""source_type"": ""call_record"", ""verified"": false}"
R000160,P309,P313,CALLED,0.65,2025-11-30T01:58:03,"{""duration_seconds"": 2558, ""source_type"": ""call_record"", ""verified"": true}"
R000161,P309,P325,CALLED,0.55,2026-07-29T20:15:52,"{""duration_seconds"": 3139, ""source_type"": ""call_record"", ""verified"": true}"
R000162,P309,P323,CALLED,0.63,2025-06-13T21:47:41,"{""duration_seconds"": 347, ""source_type"": ""call_record"", ""verified"": true}"
R000163,P309,P319,MEMBER_OF,0.77,2025-05-16T00:07:09,"{""context"": ""Shared membership recorded"", ""source_type"": ""field_report""}"
R000164,P309,P302,MEMBER_OF,0.7,2025-01-03T01:52:44,"{""context"": ""Shared membership recorded"", ""source_type"": ""field_report""}"
R000165,P309,P305,CALLED,0.73,2026-04-07T05:26:34,"{""duration_seconds"": 148, ""source_type"": ""call_record"", ""verified"": true}"
R000166,P309,P317,ASSOCIATED,0.64,2026-07-04T02:36:42,"{""context"": ""Indirect association noted as an analytical lead, not confirmed activity"", ""source_type"": ""informant_tip"", ""verified"": false}"
R000167,P014,P015,CALLED,0.95,2025-04-26T17:21:49,"{""duration_seconds"": 3400, ""source_type"": ""call_record"", ""verified"": true}"
R000168,P014,P003,MEMBER_OF,0.58,2025-02-16T07:44:01,"{""context"": ""Shared membership recorded"", ""source_type"": ""field_report""}"
R000169,P014,P022,ASSOCIATED,0.87,2026-04-08T04:25:29,"{""context"": ""Indirect association noted as an analytical lead, not confirmed activity"", ""source_type"": ""informant_tip"", ""verified"": false}"
R000170,P014,P008,CALLED,0.72,2025-08-13T04:05:28,"{""duration_seconds"": 1934, ""source_type"": ""call_record"", ""verified"": false}"
R000171,P014,P009,CALLED,0.96,2025-11-09T15:18:09,"{""duration_seconds"": 2064, ""source_type"": ""call_record"", ""verified"": false}"
R000172,P014,P019,ASSOCIATED,0.79,2025-03-04T11:32:41,"{""context"": ""Indirect association noted as an analytical lead, not confirmed activity"", ""source_type"": ""informant_tip"", ""verified"": false}"
R000173,P014,P007,ASSOCIATED,0.66,2026-07-25T12:42:17,"{""context"": ""Indirect association noted as an analytical lead, not confirmed activity"", ""source_type"": ""informant_tip"", ""verified"": false}"
R000174,P014,P004,ASSOCIATED,0.54,2025-01-21T02:09:23,"{""context"": ""Indirect association noted as an analytical lead, not confirmed activity"", ""source_type"": ""informant_tip"", ""verified"": false}"
R000175,P014,P023,CALLED,0.79,2026-03-23T18:29:18,"{""duration_seconds"": 99, ""source_type"": ""call_record"", ""verified"": false}"
R000176,P288,P294,MEMBER_OF,0.67,2026-01-01T01:37:43,"{""context"": ""Shared membership recorded"", ""source_type"": ""field_report""}"
R000177,P288,P277,ASSOCIATED,0.83,2025-09-07T08:57:34,"{""context"": ""Indirect association noted as an analytical lead, not confirmed activity"", ""source_type"": ""informant_tip"", ""verified"": false}"
R000178,P288,P281,MEMBER_OF,0.7,2025-09-14T03:59:09,"{""context"": ""Shared membership recorded"", ""source_type"": ""field_report""}"
R000179,P288,P291,ASSOCIATED,0.82,2025-08-12T20:46:08,"{""context"": ""Indirect association noted as an analytical lead, not confirmed activity"", ""source_type"": ""informant_tip"", ""verified"": false}"
R000180,P288,P292,ASSOCIATED,0.77,2026-08-14T16:44:35,"{""context"": ""Indirect association noted as an analytical lead, not confirmed activity"", ""source_type"": ""informant_tip"", ""verified"": false}"
R000181,P288,P290,ASSOCIATED,0.65,2025-03-10T09:33:12,"{""context"": ""Indirect association noted as an analytical lead, not confirmed activity"", ""source_type"": ""informant_tip"", ""verified"": false}"
R000182,P288,P284,ASSOCIATED,0.98,2025-04-01T00:56:06,"{""context"": ""Indirect association noted as an analytical lead, not confirmed activity"", ""source_type"": ""informant_tip"", ""verified"": false}"
R000183,P288,P298,ASSOCIATED,0.9,2026-02-04T16:46:09,"{""context"": ""Indirect association noted as an analytical lead, not confirmed activity"", ""source_type"": ""informant_tip"", ""verified"": false}"
R000184,P288,P289,MEMBER_OF,0.93,2026-05-26T19:40:41,"{""context"": ""Shared membership recorded"", ""source_type"": ""field_report""}"
R000185,P288,P297,ASSOCIATED,0.53,2025-11-17T23:29:35,"{""context"": ""Indirect association noted as an analytical lead, not confirmed activity"", ""source_type"": ""informant_tip"", ""verified"": false}"
R000186,P102,P117,ASSOCIATED,0.93,2025-12-07T07:04:33,"{""context"": ""Indirect association noted as an analytical lead, not confirmed activity"", ""source_type"": ""informant_tip"", ""verified"": false}"
R000187,P102,P112,ASSOCIATED,0.51,2025-04-05T07:32:46,"{""context"": ""Indirect association noted as an analytical lead, not confirmed activity"", ""source_type"": ""informant_tip"", ""verified"": false}"
R000188,P102,P120,CALLED,0.89,2026-04-18T22:11:25,"{""duration_seconds"": 2922, ""source_type"": ""call_record"", ""verified"": true}"
R000189,P102,P116,ASSOCIATED,0.51,2026-03-04T20:23:00,"{""context"": ""Indirect association noted as an analytical lead, not confirmed activity"", ""source_type"": ""informant_tip"", ""verified"": false}"
R000190,P102,P121,ASSOCIATED,0.61,2025-03-14T09:32:43,"{""context"": ""Indirect association noted as an analytical lead, not confirmed activity"", ""source_type"": ""informant_tip"", ""verified"": false}"
R000191,P102,P115,MEMBER_OF,0.96,2025-12-25T10:00:43,"{""context"": ""Shared membership recorded"", ""source_type"": ""field_report""}"
R000192,P102,P107,CALLED,0.74,2025-04-30T14:13:47,"{""duration_seconds"": 2950, ""source_type"": ""call_record"", ""verified"": false}"
R000193,P102,P109,CALLED,0.63,2026-07-02T21:49:33,"{""duration_seconds"": 3434, ""source_type"": ""call_record"", ""verified"": false}"
R000194,P102,P105,ASSOCIATED,0.72,2025-07-09T07:28:24,"{""context"": ""Indirect association noted as an analytical lead, not confirmed activity"", ""source_type"": ""informant_tip"", ""verified"": false}"
R000195,P367,P355,CALLED,0.9,2025-07-27T12:27:33,"{""duration_seconds"": 1173, ""source_type"": ""call_record"", ""verified"": false}"
R000196,P367,P363,CALLED,0.99,2026-03-27T10:33:19,"{""duration_seconds"": 2020, ""source_type"": ""call_record"", ""verified"": true}"
R000197,P367,P357,ASSOCIATED,0.74,2026-02-23T07:52:10,"{""context"": ""Indirect association noted as an analytical lead, not confirmed activity"", ""source_type"": ""informant_tip"", ""verified"": false}"
R000198,P367,P370,ASSOCIATED,0.87,2026-03-05T16:29:10,"{""context"": ""Indirect association noted as an analytical lead, not confirmed activity"", ""source_type"": ""informant_tip"", ""verified"": false}"
R000199,P367,P375,ASSOCIATED,0.96,2025-12-20T16:14:19,"{""context"": ""Indirect association noted as an analytical lead, not confirmed activity"", ""source_type"": ""informant_tip"", ""verified"": false}"
R000200,P367,P353,MEMBER_OF,0.62,2026-06-26T18:18:47,"{""context"": ""Shared membership recorded"", ""source_type"": ""field_report""}"
R000201,P367,P359,ASSOCIATED,0.92,2025-07-01T09:55:10,"{""context"": ""Indirect association noted as an analytical lead, not confirmed activity"", ""source_type"": ""informant_tip"", ""verified"": false}"
R000202,P367,P364,ASSOCIATED,0.66,2025-02-03T21:38:40,"{""context"": ""Indirect association noted as an analytical lead, not confirmed activity"", ""source_type"": ""informant_tip"", ""verified"": false}"
R000203,P367,P361,ASSOCIATED,0.95,2026-07-02T18:24:01,"{""context"": ""Indirect association noted as an analytical lead, not confirmed activity"", ""source_type"": ""informant_tip"", ""verified"": false}"
R000204,P333,P338,MEMBER_OF,0.55,2025-12-08T23:54:09,"{""context"": ""Shared membership recorded"", ""source_type"": ""field_report""}"
R000205,P333,P350,ASSOCIATED,0.85,2025-01-12T22:05:59,"{""context"": ""Indirect association noted as an analytical lead, not confirmed activity"", ""source_type"": ""informant_tip"", ""verified"": false}"
R000206,P333,P347,ASSOCIATED,0.98,2026-05-24T14:00:30,"{""context"": ""Indirect association noted as an analytical lead, not confirmed activity"", ""source_type"": ""informant_tip"", ""verified"": false}"
R000207,P333,P346,MEMBER_OF,0.88,2025-12-31T15:56:20,"{""context"": ""Shared membership recorded"", ""source_type"": ""field_report""}"
R000208,P333,P330,ASSOCIATED,0.81,2025-09-20T23:14:19,"{""context"": ""Indirect association noted as an analytical lead, not confirmed activity"", ""source_type"": ""informant_tip"", ""verified"": false}"
R000209,P333,P341,ASSOCIATED,0.54,2026-05-20T17:49:59,"{""context"": ""Indirect association noted as an analytical lead, not confirmed activity"", ""source_type"": ""informant_tip"", ""verified"": false}"
R000210,P333,P327,ASSOCIATED,0.92,2026-06-08T18:56:05,"{""context"": ""Indirect association noted as an analytical lead, not confirmed activity"", ""source_type"": ""informant_tip"", ""verified"": false}"
R000211,P333,P348,ASSOCIATED,0.81,2025-09-03T22:59:30,"{""context"": ""Indirect association noted as an analytical lead, not confirmed activity"", ""source_type"": ""informant_tip"", ""verified"": false}"
R000212,P333,P342,ASSOCIATED,0.52,2026-02-25T05:16:10,"{""context"": ""Indirect association noted as an analytical lead, not confirmed activity"", ""source_type"": ""informant_tip"", ""verified"": false}"
R000213,P333,P336,MEMBER_OF,0.81,2025-07-02T08:26:04,"{""context"": ""Shared membership recorded"", ""source_type"": ""field_report""}"
R000214,P360,P358,MEMBER_OF,0.89,2025-09-09T22:46:55,"{""context"": ""Shared membership recorded"", ""source_type"": ""field_report""}"
R000215,P360,P353,ASSOCIATED,0.68,2025-10-06T10:14:27,"{""context"": ""Indirect association noted as an analytical lead, not confirmed activity"", ""source_type"": ""informant_tip"", ""verified"": false}"
R000216,P360,P364,MEMBER_OF,0.76,2025-07-09T16:10:12,"{""context"": ""Shared membership recorded"", ""source_type"": ""field_report""}"
R000217,P360,P354,CALLED,0.89,2026-06-14T13:40:48,"{""duration_seconds"": 711, ""source_type"": ""call_record"", ""verified"": true}"
R000218,P360,P371,MEMBER_OF,0.93,2026-04-19T09:45:01,"{""context"": ""Shared membership recorded"", ""source_type"": ""field_report""}"
R000219,P360,P365,CALLED,0.62,2026-06-15T14:33:05,"{""duration_seconds"": 2403, ""source_type"": ""call_record"", ""verified"": true}"
R000220,P360,P356,MEMBER_OF,0.81,2025-12-25T04:27:26,"{""context"": ""Shared membership recorded"", ""source_type"": ""field_report""}"
R000221,P360,P375,ASSOCIATED,0.83,2025-07-18T07:38:05,"{""context"": ""Indirect association noted as an analytical lead, not confirmed activity"", ""source_type"": ""informant_tip"", ""verified"": false}"
R000222,P360,P351,ASSOCIATED,0.83,2025-08-12T09:50:34,"{""context"": ""Indirect association noted as an analytical lead, not confirmed activity"", ""source_type"": ""informant_tip"", ""verified"": false}"
R000223,P389,P397,TRAVELED_WITH,0.8,2025-11-30T07:14:06,"{""context"": ""Joint travel recorded"", ""source_type"": ""travel_record""}"
R000224,P014,PH070,CALLED,0.84,2026-06-23T15:14:23,"{""duration_seconds"": 1280, ""source_type"": ""call_record"", ""verified"": false}"
R000225,P204,P222,MESSAGED,0.54,2025-05-21T21:38:40,"{""message_count"": 136, ""source_type"": ""communication_record""}"
R000226,P180,P195,MEMBER_OF,0.58,2025-11-23T02:14:41,"{""context"": ""Shared membership recorded"", ""source_type"": ""field_report""}"
R000227,P034,V114,TRAVELED_IN,0.82,2025-02-08T15:38:24,"{""trip_note"": ""Travel recorded together"", ""source_type"": ""field_report""}"
R000228,P360,P365,EMPLOYED_WITH,0.83,2025-12-10T08:18:03,"{""context"": ""Shared employment recorded"", ""source_type"": ""employment_record""}"
R000229,P112,P021,SUSPECTED_ASSOCIATE,0.96,2026-02-14T06:45:49,"{""context"": ""Indirect association noted as an analytical lead, not confirmed activity"", ""source_type"": ""informant_tip"", ""verified"": false}"
R000230,P137,V031,USED_VEHICLE,0.5,2026-08-17T12:59:29,"{""observation"": ""Vehicle observed in use"", ""source_type"": ""CCTV""}"
R000231,P181,V059,OWNS_VEHICLE,0.75,2025-05-17T11:11:18,"{""registration_status"": ""active"", ""source_type"": ""vehicle_registry""}"
R000232,P200,LOC095,VISITED,0.52,2025-10-03T02:09:16,"{""duration_minutes"": 9, ""source_type"": ""location_record""}"
R000233,P282,P290,PARTNER,0.7,2025-03-02T11:27:51,"{""relationship_note"": ""Partner relation recorded"", ""source_type"": ""public_record""}"
R000234,P440,P429,MEMBER_OF,0.79,2026-04-26T02:41:24,"{""context"": ""Shared membership recorded"", ""source_type"": ""field_report""}"
R000235,P112,P103,FAMILY,0.56,2025-11-04T09:37:33,"{""relationship_note"": ""Family relation recorded"", ""source_type"": ""public_record""}"
R000236,P354,ORG083,ASSOCIATED_WITH,0.9,2025-09-29T08:49:37,"{""context"": ""Indirect association noted as an analytical lead, not confirmed activity"", ""source_type"": ""informant_tip"", ""verified"": false}"
R000237,P299,P296,FAMILY,0.81,2025-04-24T17:55:05,"{""relationship_note"": ""Partner relation recorded"", ""source_type"": ""public_record""}"
R000238,P224,V145,TRAVELED_IN,0.82,2026-08-14T05:08:12,"{""trip_note"": ""Travel recorded together"", ""source_type"": ""field_report""}"
R000239,V113,LOC009,SEEN_AT,0.73,2025-09-09T01:02:17,"{""observation"": ""Vehicle observed in use"", ""source_type"": ""CCTV""}"
R000240,P175,PH019,OWNS_PHONE,0.65,2025-08-02T08:17:17,"{""registration_status"": ""active"", ""source_type"": ""telecom_registry""}"
R000241,P029,P411,PARTNER,0.75,2025-02-14T04:30:26,"{""relationship_note"": ""Partner relation recorded"", ""source_type"": ""public_record""}"
R000242,P389,P386,MET,0.75,2026-07-28T22:29:11,"{""details"": ""Meeting recorded at location"", ""source_type"": ""surveillance"", ""verified"": false}"
R000243,P099,P115,CALLED,0.58,2026-06-29T00:17:56,"{""duration_seconds"": 1542, ""source_type"": ""call_record"", ""verified"": false}"
R000244,P021,P011,PARTNER,0.55,2026-08-25T13:04:12,"{""relationship_note"": ""Partner relation recorded"", ""source_type"": ""public_record""}"
R000245,P299,P303,SUSPECTED_ASSOCIATE,0.57,2026-07-17T03:22:23,"{""context"": ""Indirect association noted as an analytical lead, not confirmed activity"", ""source_type"": ""informant_tip"", ""verified"": false}"
R000246,P292,P146,SUSPECTED_ASSOCIATE,0.89,2026-05-25T13:44:46,"{""context"": ""Indirect association noted as an analytical lead, not confirmed activity"", ""source_type"": ""informant_tip"", ""verified"": false}"
R000247,P047,LOC086,WORKS_AT,0.71,2026-06-05T11:52:30,"{""role"": ""Staff"", ""source_type"": ""employment_record""}"
R000248,P167,P157,MESSAGED,0.57,2025-08-28T21:40:51,"{""message_count"": 20, ""source_type"": ""communication_record""}"
R000249,P402,P014,TRAVELED_WITH,0.88,2025-03-20T13:24:01,"{""context"": ""Joint travel recorded"", ""source_type"": ""travel_record""}"
R000250,P399,P381,MESSAGED,0.52,2025-10-20T14:34:02,"{""message_count"": 94, ""source_type"": ""communication_record""}"
R000251,P299,PH193,MESSAGED,0.87,2025-07-04T11:53:01,"{""message_count"": 115, ""source_type"": ""communication_record""}"
R000252,P369,P102,FAMILY,0.78,2025-07-05T18:25:26,"{""relationship_note"": ""Partner relation recorded"", ""source_type"": ""public_record""}"
R000253,P215,P207,EMPLOYED_WITH,0.57,2025-08-07T20:36:20,"{""context"": ""Shared employment recorded"", ""source_type"": ""employment_record""}"
R000254,P276,P293,MEMBER_OF,0.64,2026-05-14T00:26:36,"{""context"": ""Shared membership recorded"", ""source_type"": ""field_report""}"
R000255,P426,V038,USED_VEHICLE,0.91,2025-07-31T21:11:54,"{""observation"": ""Vehicle observed in use"", ""source_type"": ""CCTV""}"
R000256,P446,P438,MEMBER_OF,0.62,2025-06-22T11:05:18,"{""context"": ""Shared membership recorded"", ""source_type"": ""field_report""}"
R000257,PH082,PH026,COMMUNICATED_WITH,0.91,2025-10-19T04:52:43,"{""contact_count"": 43, ""source_type"": ""telecom_record""}"
R000258,P135,LOC061,VISITED,0.84,2025-04-17T21:02:32,"{""duration_minutes"": 40, ""source_type"": ""location_record""}"
R000259,P301,V021,USED_VEHICLE,0.51,2025-12-31T08:50:47,"{""observation"": ""Vehicle observed in use"", ""source_type"": ""CCTV""}"
R000260,P299,P325,TRAVELED_WITH,0.65,2025-04-27T03:14:51,"{""context"": ""Joint travel recorded"", ""source_type"": ""travel_record""}"
R000261,P224,P241,SUSPECTED_ASSOCIATE,0.51,2025-11-23T02:06:55,"{""context"": ""Indirect association noted as an analytical lead, not confirmed activity"", ""source_type"": ""informant_tip"", ""verified"": false}"
R000262,P002,P020,MESSAGED,0.83,2025-07-07T22:03:13,"{""message_count"": 22, ""source_type"": ""communication_record""}"
R000263,P272,P267,CALLED,0.69,2025-10-08T02:08:28,"{""duration_seconds"": 1940, ""source_type"": ""call_record"", ""verified"": true}"
R000264,P360,PH092,CALLED,0.89,2025-10-17T22:51:39,"{""duration_seconds"": 1427, ""source_type"": ""call_record"", ""verified"": true}"
R000265,P367,V086,OWNS_VEHICLE,0.57,2026-05-03T23:33:31,"{""registration_status"": ""active"", ""source_type"": ""vehicle_registry""}"
R000266,P369,P398,SUSPECTED_ASSOCIATE,0.59,2025-09-20T22:58:41,"{""context"": ""Indirect association noted as an analytical lead, not confirmed activity"", ""source_type"": ""informant_tip"", ""verified"": false}"
R000267,P280,P152,MEMBER_OF,0.7,2025-02-17T19:56:50,"{""context"": ""Shared membership recorded"", ""source_type"": ""field_report""}"
R000268,P014,LOC083,TRAVELED_TO,0.59,2026-01-03T16:48:40,"{""mode"": ""rail"", ""source_type"": ""travel_record""}"
R000269,P133,ORG048,ASSOCIATED_WITH,0.71,2025-02-07T03:07:54,"{""context"": ""Indirect association noted as an analytical lead, not confirmed activity"", ""source_type"": ""informant_tip"", ""verified"": false}"
R000270,P102,P113,EMPLOYED_WITH,0.75,2025-12-08T13:17:05,"{""context"": ""Shared employment recorded"", ""source_type"": ""employment_record""}"
R000271,P031,LOC078,RESIDES_AT,0.99,2026-07-19T17:46:41,"{""since"": ""2025-05-21"", ""source_type"": ""registration_record""}"
R000272,P029,P070,CALLED,0.72,2025-09-07T11:48:54,"{""duration_seconds"": 2954, ""source_type"": ""call_record"", ""verified"": false}"
R000273,P353,P300,PARTNER,0.81,2025-12-11T19:03:07,"{""relationship_note"": ""Family relation recorded"", ""source_type"": ""public_record""}"
R000274,P379,P376,EMPLOYED_WITH,0.8,2026-05-11T04:05:42,"{""context"": ""Shared employment recorded"", ""source_type"": ""employment_record""}"
R000275,P029,LOC100,LOCATED_AT,0.82,2025-01-28T00:41:59,"{""observation_note"": ""Presence recorded at location"", ""source_type"": ""location_record""}"
R000276,P328,P180,MET,0.68,2026-06-13T09:51:41,"{""details"": ""Brief meeting observed"", ""source_type"": ""surveillance"", ""verified"": false}"
R000277,P242,P244,MET,0.88,2025-03-30T02:50:07,"{""details"": ""Extended meeting recorded"", ""source_type"": ""surveillance"", ""verified"": false}"
R000278,P499,P480,FAMILY,0.72,2026-04-21T06:13:02,"{""relationship_note"": ""Partner relation recorded"", ""source_type"": ""public_record""}"
R000279,V017,LOC071,SEEN_AT,0.77,2026-06-14T16:04:57,"{""observation"": ""Vehicle observed in use"", ""source_type"": ""CCTV""}"
R000280,P371,ORG066,MEMBER_OF,0.61,2025-05-03T08:06:38,"{""context"": ""Shared membership recorded"", ""source_type"": ""field_report""}"
R000281,PH007,PH093,COMMUNICATED_WITH,0.77,2025-04-18T20:51:09,"{""contact_count"": 48, ""source_type"": ""telecom_record""}"
R000282,P040,P049,MESSAGED,0.76,2026-03-05T11:26:39,"{""message_count"": 105, ""source_type"": ""communication_record""}"
R000283,P470,LOC083,LOCATED_AT,0.54,2025-02-27T06:48:46,"{""observation_note"": ""Presence recorded at location"", ""source_type"": ""location_record""}"
R000284,P328,P353,PARTNER,0.81,2026-02-06T20:17:22,"{""relationship_note"": ""Family relation recorded"", ""source_type"": ""public_record""}"
R000285,P247,V015,USED_VEHICLE,0.91,2025-04-11T05:20:55,"{""observation"": ""Vehicle observed in use"", ""source_type"": ""CCTV""}"
R000286,P446,P442,MESSAGED,0.91,2025-08-25T05:17:32,"{""message_count"": 65, ""source_type"": ""communication_record""}"
R000287,P453,P051,FAMILY,0.55,2026-03-04T20:25:41,"{""relationship_note"": ""Family relation recorded"", ""source_type"": ""public_record""}"
R000288,P302,P163,MESSAGED,0.52,2026-03-28T00:02:07,"{""message_count"": 8, ""source_type"": ""communication_record""}"
R000289,P109,P121,LOCATED_WITH,0.77,2026-07-02T09:11:45,"{""observation_note"": ""Presence recorded at location"", ""source_type"": ""location_record""}"
R000290,P116,PH176,MESSAGED,0.7,2025-08-23T15:26:32,"{""message_count"": 117, ""source_type"": ""communication_record""}"
R000291,P230,P246,MESSAGED,0.92,2025-02-16T12:51:35,"{""message_count"": 82, ""source_type"": ""communication_record""}"
R000292,P075,V095,USED_VEHICLE,0.75,2025-09-26T06:10:25,"{""observation"": ""Vehicle observed in use"", ""source_type"": ""CCTV""}"
R000293,P158,P195,MEMBER_OF,0.55,2025-07-07T18:19:13,"{""context"": ""Shared membership recorded"", ""source_type"": ""field_report""}"
R000294,P459,P389,LOCATED_WITH,0.85,2025-10-26T09:04:18,"{""observation_note"": ""Presence recorded at location"", ""source_type"": ""location_record""}"
R000295,P229,P241,MEMBER_OF,0.69,2025-05-04T18:21:28,"{""context"": ""Shared membership recorded"", ""source_type"": ""field_report""}"
R000296,P021,P045,ASSOCIATED,0.82,2025-07-06T23:30:25,"{""context"": ""Indirect association noted as an analytical lead, not confirmed activity"", ""source_type"": ""informant_tip"", ""verified"": false}"
R000297,P217,P354,MET,0.68,2026-02-21T20:38:26,"{""details"": ""Brief meeting observed"", ""source_type"": ""surveillance"", ""verified"": true}"
R000298,P029,P044,PARTNER,0.98,2025-06-01T04:38:16,"{""relationship_note"": ""Family relation recorded"", ""source_type"": ""public_record""}"
R000299,P486,P488,EMPLOYED_WITH,0.6,2025-03-17T02:16:24,"{""context"": ""Shared employment recorded"", ""source_type"": ""employment_record""}"
R000300,P158,P172,MET,0.89,2026-01-24T10:07:40,"{""details"": ""Extended meeting recorded"", ""source_type"": ""surveillance"", ""verified"": false}"
R000301,P299,P320,MESSAGED,0.65,2026-02-05T09:43:24,"{""message_count"": 87, ""source_type"": ""communication_record""}"
R000302,P280,P276,TRAVELED_WITH,0.83,2026-01-31T21:45:34,"{""context"": ""Joint travel recorded"", ""source_type"": ""travel_record""}"
R000303,P375,ACC186,RECEIVED_FROM,0.93,2026-03-30T08:59:47,"{""amount"": 330413, ""currency"": ""INR"", ""transaction_type"": ""bank_transfer""}"
R000304,P367,P375,SUSPECTED_ASSOCIATE,0.74,2025-07-26T05:50:45,"{""context"": ""Indirect association noted as an analytical lead, not confirmed activity"", ""source_type"": ""informant_tip"", ""verified"": false}"
R000305,P309,P316,LOCATED_WITH,0.57,2025-12-15T19:35:52,"{""observation_note"": ""Presence recorded at location"", ""source_type"": ""location_record""}"
R000306,P415,PH189,MESSAGED,0.86,2025-11-15T17:59:21,"{""message_count"": 36, ""source_type"": ""communication_record""}"
R000307,P230,P232,PARTNER,0.76,2026-03-12T15:41:14,"{""relationship_note"": ""Partner relation recorded"", ""source_type"": ""public_record""}"
R000308,P299,PH050,CALLED,0.97,2026-07-14T23:00:28,"{""duration_seconds"": 1157, ""source_type"": ""call_record"", ""verified"": false}"
R000309,P328,P366,FAMILY,0.96,2025-08-20T03:56:15,"{""relationship_note"": ""Partner relation recorded"", ""source_type"": ""public_record""}"
R000310,P426,P462,SUSPECTED_ASSOCIATE,0.89,2026-03-22T10:22:56,"{""context"": ""Indirect association noted as an analytical lead, not confirmed activity"", ""source_type"": ""informant_tip"", ""verified"": false}"
R000311,P222,P216,CALLED,0.91,2025-08-12T09:49:05,"{""duration_seconds"": 1125, ""source_type"": ""call_record"", ""verified"": false}"
R000312,P021,P112,LOCATED_WITH,0.55,2026-04-24T05:03:06,"{""observation_note"": ""Presence recorded at location"", ""source_type"": ""location_record""}"
R000313,P082,P476,CALLED,0.82,2026-01-02T22:14:49,"{""duration_seconds"": 1963, ""source_type"": ""call_record"", ""verified"": false}"
R000314,P158,PH166,CALLED,0.53,2026-08-11T03:12:12,"{""duration_seconds"": 3163, ""source_type"": ""call_record"", ""verified"": true}"
R000315,P433,PH045,OWNS_PHONE,0.7,2025-06-30T08:53:53,"{""registration_status"": ""active"", ""source_type"": ""telecom_registry""}"
R000316,P369,LOC024,RESIDES_AT,0.96,2025-01-29T05:25:25,"{""since"": ""2025-08-13"", ""source_type"": ""registration_record""}"
R000317,P280,ORG014,ASSOCIATED_WITH,0.95,2025-01-08T04:45:09,"{""context"": ""Indirect association noted as an analytical lead, not confirmed activity"", ""source_type"": ""informant_tip"", ""verified"": false}"
R000318,P237,P406,SUSPECTED_ASSOCIATE,0.59,2025-12-19T21:40:50,"{""context"": ""Indirect association noted as an analytical lead, not confirmed activity"", ""source_type"": ""informant_tip"", ""verified"": false}"
R000319,P344,P336,MEMBER_OF,0.78,2025-05-07T05:06:45,"{""context"": ""Shared membership recorded"", ""source_type"": ""field_report""}"
R000320,P412,V104,TRAVELED_IN,0.91,2025-05-17T07:27:44,"{""trip_note"": ""Travel recorded together"", ""source_type"": ""field_report""}"
R000321,P102,P112,EMPLOYED_WITH,0.5,2025-03-09T08:54:33,"{""context"": ""Shared employment recorded"", ""source_type"": ""employment_record""}"
R000322,P143,P126,FAMILY,0.53,2026-04-17T11:38:58,"{""relationship_note"": ""Family relation recorded"", ""source_type"": ""public_record""}"
R000323,P444,P367,EMPLOYED_WITH,0.81,2025-05-05T01:20:14,"{""context"": ""Shared employment recorded"", ""source_type"": ""employment_record""}"
R000324,P112,ACC035,TRANSFERRED_TO,0.73,2025-10-13T11:30:53,"{""amount"": 239039, ""currency"": ""INR"", ""transaction_type"": ""wire_transfer""}"
R000325,P380,P384,MEMBER_OF,0.79,2026-03-03T14:28:23,"{""context"": ""Shared membership recorded"", ""source_type"": ""field_report""}"
R000326,P261,LOC047,RESIDES_AT,0.54,2026-02-13T04:09:14,"{""since"": ""2026-03-15"", ""source_type"": ""registration_record""}"
R000327,P270,P267,TRAVELED_WITH,0.83,2026-03-02T08:55:18,"{""context"": ""Joint travel recorded"", ""source_type"": ""travel_record""}"
R000328,P426,V115,OWNS_VEHICLE,0.9,2026-01-15T16:24:49,"{""registration_status"": ""active"", ""source_type"": ""vehicle_registry""}"
R000329,P022,P010,EMPLOYED_WITH,0.69,2026-02-03T15:37:59,"{""context"": ""Shared employment recorded"", ""source_type"": ""employment_record""}"
R000330,P288,LOC006,LOCATED_AT,0.71,2026-08-03T06:48:11,"{""observation_note"": ""Presence recorded at location"", ""source_type"": ""location_record""}"
R000331,P446,V018,OWNS_VEHICLE,0.98,2026-02-25T08:01:07,"{""registration_status"": ""active"", ""source_type"": ""vehicle_registry""}"
R000332,P080,P100,EMPLOYED_WITH,0.69,2026-08-22T16:18:55,"{""context"": ""Shared employment recorded"", ""source_type"": ""employment_record""}"
R000333,P033,ORG085,VISITED_ORG,0.93,2025-10-21T05:02:31,"{""duration_minutes"": 39, ""source_type"": ""location_record""}"
R000334,P099,PH138,OWNS_PHONE,0.69,2025-09-28T02:54:02,"{""registration_status"": ""active"", ""source_type"": ""telecom_registry""}"
R000335,P477,P500,MET,0.76,2025-06-22T23:14:47,"{""details"": ""Meeting recorded at location"", ""source_type"": ""surveillance"", ""verified"": true}"
R000336,P415,P402,FAMILY,0.71,2025-05-01T11:40:19,"{""relationship_note"": ""Family relation recorded"", ""source_type"": ""public_record""}"
R000337,P224,P202,CALLED,0.52,2025-02-22T06:23:36,"{""duration_seconds"": 1812, ""source_type"": ""call_record"", ""verified"": true}"
R000338,P328,P365,MET,0.95,2026-08-09T22:46:07,"{""details"": ""Extended meeting recorded"", ""source_type"": ""surveillance"", ""verified"": false}"
R000339,P113,P485,SUSPECTED_ASSOCIATE,0.7,2026-08-24T01:09:21,"{""context"": ""Indirect association noted as an analytical lead, not confirmed activity"", ""source_type"": ""informant_tip"", ""verified"": false}"
R000340,P431,P440,LOCATED_WITH,0.52,2026-03-09T09:58:40,"{""observation_note"": ""Presence recorded at location"", ""source_type"": ""location_record""}"
R000341,P259,P265,SUSPECTED_ASSOCIATE,0.68,2026-05-15T16:16:50,"{""context"": ""Indirect association noted as an analytical lead, not confirmed activity"", ""source_type"": ""informant_tip"", ""verified"": false}"
R000342,P404,V077,OWNS_VEHICLE,0.92,2026-01-03T19:01:50,"{""registration_status"": ""active"", ""source_type"": ""vehicle_registry""}"
R000343,P465,P455,MET,0.62,2025-12-26T15:24:52,"{""details"": ""Brief meeting observed"", ""source_type"": ""surveillance"", ""verified"": true}"
R000344,P269,ACC049,OWNS_ACCOUNT,0.53,2025-10-16T05:23:09,"{""account_status"": ""active"", ""source_type"": ""financial_registry""}"
R000345,P270,P273,LOCATED_WITH,0.87,2026-04-15T21:26:52,"{""observation_note"": ""Presence recorded at location"", ""source_type"": ""location_record""}"
R000346,P230,V086,OWNS_VEHICLE,0.65,2026-03-11T01:43:40,"{""registration_status"": ""active"", ""source_type"": ""vehicle_registry""}"
R000347,P459,ORG016,MEMBER_OF,0.87,2025-06-14T12:22:58,"{""context"": ""Shared membership recorded"", ""source_type"": ""field_report""}"
R000348,P299,V053,TRAVELED_IN,0.69,2025-07-08T10:15:52,"{""trip_note"": ""Travel recorded together"", ""source_type"": ""field_report""}"
R000349,P267,P259,FAMILY,0.93,2025-09-07T19:20:17,"{""relationship_note"": ""Partner relation recorded"", ""source_type"": ""public_record""}"
R000350,P157,P162,MEMBER_OF,0.78,2026-07-16T02:45:54,"{""context"": ""Shared membership recorded"", ""source_type"": ""field_report""}"
R000351,P446,P439,MET,0.6,2025-04-24T08:11:47,"{""details"": ""Meeting recorded at location"", ""source_type"": ""surveillance"", ""verified"": false}"
R000352,P452,P467,MEMBER_OF,0.81,2025-07-10T20:44:22,"{""context"": ""Shared membership recorded"", ""source_type"": ""field_report""}"
R000353,P346,P343,PARTNER,0.97,2025-05-11T16:06:08,"{""relationship_note"": ""Family relation recorded"", ""source_type"": ""public_record""}"
R000354,P367,LOC053,VISITED,0.57,2025-02-27T17:37:09,"{""duration_minutes"": 166, ""source_type"": ""location_record""}"
R000355,P175,P169,MESSAGED,0.53,2026-07-04T06:35:46,"{""message_count"": 124, ""source_type"": ""communication_record""}"
R000356,P265,PH106,OWNS_PHONE,0.51,2025-01-13T05:15:41,"{""registration_status"": ""active"", ""source_type"": ""telecom_registry""}"
R000357,P005,P023,TRAVELED_WITH,0.96,2025-08-02T09:32:18,"{""context"": ""Joint travel recorded"", ""source_type"": ""travel_record""}"
R000358,P058,P069,TRAVELED_WITH,0.62,2025-03-16T19:25:15,"{""context"": ""Joint travel recorded"", ""source_type"": ""travel_record""}"
R000359,P210,P224,CALLED,0.84,2025-11-05T06:41:08,"{""duration_seconds"": 3487, ""source_type"": ""call_record"", ""verified"": true}"
R000360,P048,PH098,OWNS_PHONE,0.68,2026-05-20T18:54:38,"{""registration_status"": ""active"", ""source_type"": ""telecom_registry""}"
R000361,P036,P047,MET,0.78,2026-05-10T13:50:40,"{""details"": ""Meeting recorded at location"", ""source_type"": ""surveillance"", ""verified"": true}"
R000362,P021,P034,LOCATED_WITH,0.78,2026-06-22T17:10:41,"{""observation_note"": ""Presence recorded at location"", ""source_type"": ""location_record""}"
R000363,P288,P299,MET,0.96,2025-09-02T06:25:10,"{""details"": ""Brief meeting observed"", ""source_type"": ""surveillance"", ""verified"": true}"
R000364,P272,P299,EMPLOYED_WITH,0.98,2026-03-17T03:58:39,"{""context"": ""Shared employment recorded"", ""source_type"": ""employment_record""}"
R000365,P472,V014,TRAVELED_IN,0.55,2026-01-24T23:27:19,"{""trip_note"": ""Travel recorded together"", ""source_type"": ""field_report""}"
R000366,P004,P016,PARTNER,0.67,2025-01-17T05:51:06,"{""relationship_note"": ""Partner relation recorded"", ""source_type"": ""public_record""}"
R000367,P039,P033,LOCATED_WITH,0.54,2026-06-12T22:25:49,"{""observation_note"": ""Presence recorded at location"", ""source_type"": ""location_record""}"
R000368,P004,P010,SUSPECTED_ASSOCIATE,0.54,2025-01-13T08:38:32,"{""context"": ""Indirect association noted as an analytical lead, not confirmed activity"", ""source_type"": ""informant_tip"", ""verified"": false}"
R000369,P051,P093,TRAVELED_WITH,0.79,2026-03-09T14:57:12,"{""context"": ""Joint travel recorded"", ""source_type"": ""travel_record""}"
R000370,P190,P194,MET,0.98,2025-10-27T05:21:19,"{""details"": ""Extended meeting recorded"", ""source_type"": ""surveillance"", ""verified"": true}"
R000371,P129,PH069,USED_PHONE,0.74,2025-05-12T15:44:29,"{""observation"": ""Device usage recorded"", ""source_type"": ""telecom_record""}"
R000372,P230,P235,FAMILY,0.85,2025-12-04T14:57:10,"{""relationship_note"": ""Partner relation recorded"", ""source_type"": ""public_record""}"
R000373,P367,P371,MEMBER_OF,0.92,2026-04-01T20:29:31,"{""context"": ""Shared membership recorded"", ""source_type"": ""field_report""}"
R000374,P081,P099,SUSPECTED_ASSOCIATE,0.65,2025-12-01T11:16:05,"{""context"": ""Indirect association noted as an analytical lead, not confirmed activity"", ""source_type"": ""informant_tip"", ""verified"": false}"
R000375,P358,ACC163,RECEIVED_FROM,0.74,2025-09-05T21:09:26,"{""amount"": 302426, ""currency"": ""INR"", ""transaction_type"": ""cash_deposit""}"
R000376,P446,P443,EMPLOYED_WITH,0.88,2025-08-06T17:10:24,"{""context"": ""Shared employment recorded"", ""source_type"": ""employment_record""}"
R000377,P109,P124,MEMBER_OF,0.89,2026-07-19T20:14:22,"{""context"": ""Shared membership recorded"", ""source_type"": ""field_report""}"
R000378,P113,PH169,CALLED,0.58,2025-04-19T02:29:12,"{""duration_seconds"": 1748, ""source_type"": ""call_record"", ""verified"": false}"
R000379,P267,P413,MEMBER_OF,0.52,2026-04-10T10:17:41,"{""context"": ""Shared membership recorded"", ""source_type"": ""field_report""}"
R000380,P051,ACC064,OWNS_ACCOUNT,0.82,2026-06-29T23:24:39,"{""account_status"": ""active"", ""source_type"": ""financial_registry""}"
R000381,P051,P066,LOCATED_WITH,0.7,2026-05-18T12:57:04,"{""observation_note"": ""Presence recorded at location"", ""source_type"": ""location_record""}"
R000382,P004,V067,OWNS_VEHICLE,0.61,2025-12-01T08:16:22,"{""registration_status"": ""active"", ""source_type"": ""vehicle_registry""}"
R000383,P328,V057,TRAVELED_IN,0.72,2026-03-10T09:45:04,"{""trip_note"": ""Travel recorded together"", ""source_type"": ""field_report""}"
R000384,P244,P226,SUSPECTED_ASSOCIATE,0.64,2026-08-23T21:30:09,"{""context"": ""Indirect association noted as an analytical lead, not confirmed activity"", ""source_type"": ""informant_tip"", ""verified"": false}"
R000385,P399,ACC187,OWNS_ACCOUNT,0.57,2025-03-08T16:26:58,"{""account_status"": ""active"", ""source_type"": ""financial_registry""}"
R000386,P174,P175,ASSOCIATED,0.66,2025-12-20T16:00:55,"{""context"": ""Indirect association noted as an analytical lead, not confirmed activity"", ""source_type"": ""informant_tip"", ""verified"": false}"
R000387,P175,P157,CALLED,0.83,2026-07-07T01:52:50,"{""duration_seconds"": 688, ""source_type"": ""call_record"", ""verified"": true}"
R000388,P217,P213,MESSAGED,0.59,2026-03-05T16:21:12,"{""message_count"": 111, ""source_type"": ""communication_record""}"
R000389,P224,P226,LOCATED_WITH,0.6,2026-07-27T17:54:55,"{""observation_note"": ""Presence recorded at location"", ""source_type"": ""location_record""}"
R000390,P051,V138,TRAVELED_IN,0.59,2025-02-18T14:16:22,"{""trip_note"": ""Travel recorded together"", ""source_type"": ""field_report""}"
R000391,P413,P422,CALLED,0.69,2025-12-22T09:21:29,"{""duration_seconds"": 1622, ""source_type"": ""call_record"", ""verified"": true}"
R000392,P323,P320,LOCATED_WITH,0.83,2025-12-22T15:08:23,"{""observation_note"": ""Presence recorded at location"", ""source_type"": ""location_record""}"
R000393,P046,P047,FAMILY,0.75,2025-07-05T07:19:04,"{""relationship_note"": ""Partner relation recorded"", ""source_type"": ""public_record""}"
R000394,P230,P247,EMPLOYED_WITH,0.74,2026-04-04T00:02:57,"{""context"": ""Shared employment recorded"", ""source_type"": ""employment_record""}"
R000395,P413,P230,MEMBER_OF,0.69,2025-09-02T08:11:47,"{""context"": ""Shared membership recorded"", ""source_type"": ""field_report""}"
R000396,P234,P241,MEMBER_OF,0.54,2026-05-23T06:06:09,"{""context"": ""Shared membership recorded"", ""source_type"": ""field_report""}"
R000397,P133,P131,ASSOCIATED,0.78,2026-08-15T03:07:25,"{""context"": ""Indirect association noted as an analytical lead, not confirmed activity"", ""source_type"": ""informant_tip"", ""verified"": false}"
R000398,P255,V147,TRAVELED_IN,0.56,2026-01-20T17:18:35,"{""trip_note"": ""Travel recorded together"", ""source_type"": ""field_report""}"
R000399,P389,V011,TRAVELED_IN,0.87,2025-10-12T22:47:56,"{""trip_note"": ""Travel recorded together"", ""source_type"": ""field_report""}"
R000400,P328,P353,EMPLOYED_WITH,0.62,2025-06-19T17:55:00,"{""context"": ""Shared employment recorded"", ""source_type"": ""employment_record""}"
R000401,P122,ORG012,VISITED_ORG,0.72,2025-01-26T00:49:05,"{""duration_minutes"": 35, ""source_type"": ""location_record""}"
R000402,P389,V090,OWNS_VEHICLE,0.92,2025-07-04T00:59:40,"{""registration_status"": ""active"", ""source_type"": ""vehicle_registry""}"
R000403,P301,PH053,USED_PHONE,0.9,2025-11-29T13:36:45,"{""observation"": ""Device usage recorded"", ""source_type"": ""telecom_record""}"
R000404,P265,LOC077,TRAVELED_TO,0.76,2026-03-19T18:57:21,"{""mode"": ""rail"", ""source_type"": ""travel_record""}"
R000405,P282,ACC132,RECEIVED_FROM,0.98,2025-08-16T07:06:22,"{""amount"": 356648, ""currency"": ""INR"", ""transaction_type"": ""bank_transfer""}"
R000406,P492,P070,EMPLOYED_WITH,0.62,2026-08-06T14:46:05,"{""context"": ""Shared employment recorded"", ""source_type"": ""employment_record""}"
R000407,P195,V037,TRAVELED_IN,0.78,2025-07-12T06:45:17,"{""trip_note"": ""Travel recorded together"", ""source_type"": ""field_report""}"
R000408,P307,P047,EMPLOYED_WITH,0.64,2025-11-18T17:42:55,"{""context"": ""Shared employment recorded"", ""source_type"": ""employment_record""}"
R000409,P453,ACC084,TRANSACTION_WITH,0.79,2025-10-14T15:59:07,"{""amount"": 456057, ""currency"": ""INR"", ""transaction_type"": ""bank_transfer""}"
R000410,P318,V092,TRAVELED_IN,0.92,2025-12-23T02:06:48,"{""trip_note"": ""Travel recorded together"", ""source_type"": ""field_report""}"
R000411,P465,LOC028,LOCATED_AT,0.74,2025-11-05T21:57:40,"{""observation_note"": ""Presence recorded at location"", ""source_type"": ""location_record""}"
R000412,P074,P369,PARTNER,0.87,2025-08-09T06:33:29,"{""relationship_note"": ""Family relation recorded"", ""source_type"": ""public_record""}"
R000413,P399,P379,MET,0.72,2025-12-23T23:13:30,"{""details"": ""Brief meeting observed"", ""source_type"": ""surveillance"", ""verified"": true}"
R000414,V071,LOC012,SEEN_AT,0.82,2025-04-13T11:02:17,"{""observation"": ""Vehicle observed in use"", ""source_type"": ""CCTV""}"
R000415,P099,P110,SUSPECTED_ASSOCIATE,0.87,2025-10-16T19:40:12,"{""context"": ""Indirect association noted as an analytical lead, not confirmed activity"", ""source_type"": ""informant_tip"", ""verified"": false}"
R000416,P074,P056,CALLED,0.83,2026-06-11T11:11:07,"{""duration_seconds"": 53, ""source_type"": ""call_record"", ""verified"": true}"
R000417,P331,PH123,MESSAGED,0.53,2025-04-04T16:01:51,"{""message_count"": 99, ""source_type"": ""communication_record""}"
R000418,P415,P405,CALLED,0.83,2025-03-21T13:22:51,"{""duration_seconds"": 295, ""source_type"": ""call_record"", ""verified"": true}"
R000419,P175,PH055,MESSAGED,0.81,2025-05-08T11:21:15,"{""message_count"": 39, ""source_type"": ""communication_record""}"
R000420,P413,ORG012,VISITED_ORG,0.94,2026-04-24T12:29:21,"{""duration_minutes"": 40, ""source_type"": ""location_record""}"
R000421,P186,V110,TRAVELED_IN,0.65,2026-04-03T22:27:15,"{""trip_note"": ""Travel recorded together"", ""source_type"": ""field_report""}"
R000422,P360,P363,SUSPECTED_ASSOCIATE,0.85,2025-08-04T03:03:04,"{""context"": ""Indirect association noted as an analytical lead, not confirmed activity"", ""source_type"": ""informant_tip"", ""verified"": false}"
R000423,P318,P342,MET,0.59,2026-06-21T07:24:25,"{""details"": ""Brief meeting observed"", ""source_type"": ""surveillance"", ""verified"": false}"
R000424,P188,PH062,MESSAGED,0.74,2025-07-05T21:38:27,"{""message_count"": 19, ""source_type"": ""communication_record""}"
R000425,P076,P280,PARTNER,0.83,2025-01-10T08:56:43,"{""relationship_note"": ""Partner relation recorded"", ""source_type"": ""public_record""}"
R000426,P005,ACC018,OWNS_ACCOUNT,0.51,2026-08-22T08:40:57,"{""account_status"": ""active"", ""source_type"": ""financial_registry""}"
R000427,P302,P315,EMPLOYED_WITH,0.7,2025-02-16T23:13:16,"{""context"": ""Shared employment recorded"", ""source_type"": ""employment_record""}"
R000428,P133,PH080,USED_PHONE,0.54,2026-02-22T14:37:20,"{""observation"": ""Device usage recorded"", ""source_type"": ""telecom_record""}"
R000429,P193,ACC163,RECEIVED_FROM,0.87,2025-05-01T16:26:22,"{""amount"": 341203, ""currency"": ""INR"", ""transaction_type"": ""bank_transfer""}"
R000430,P360,P364,ASSOCIATED,0.56,2025-12-06T19:19:51,"{""context"": ""Indirect association noted as an analytical lead, not confirmed activity"", ""source_type"": ""informant_tip"", ""verified"": false}"
R000431,P318,PH169,CALLED,0.86,2025-02-12T17:48:28,"{""duration_seconds"": 504, ""source_type"": ""call_record"", ""verified"": true}"
R000432,P097,V089,OWNS_VEHICLE,0.76,2026-06-29T20:54:02,"{""registration_status"": ""active"", ""source_type"": ""vehicle_registry""}"
R000433,P099,LOC017,TRAVELED_TO,0.87,2026-07-14T20:02:35,"{""mode"": ""rail"", ""source_type"": ""travel_record""}"
R000434,P160,V110,OWNS_VEHICLE,0.63,2025-04-02T16:44:12,"{""registration_status"": ""active"", ""source_type"": ""vehicle_registry""}"
R000435,P239,P227,LOCATED_WITH,0.78,2026-07-08T06:40:03,"{""observation_note"": ""Presence recorded at location"", ""source_type"": ""location_record""}"
R000436,P323,P325,CALLED,0.52,2025-07-18T03:42:30,"{""duration_seconds"": 3549, ""source_type"": ""call_record"", ""verified"": true}"
R000437,P082,P413,PARTNER,0.95,2026-01-02T10:19:45,"{""relationship_note"": ""Partner relation recorded"", ""source_type"": ""public_record""}"
R000438,P157,P170,EMPLOYED_WITH,0.75,2025-07-12T19:57:40,"{""context"": ""Shared employment recorded"", ""source_type"": ""employment_record""}"
R000439,P383,ORG006,MEMBER_OF,0.97,2025-05-20T07:13:15,"{""context"": ""Shared membership recorded"", ""source_type"": ""field_report""}"
R000440,P280,P286,FAMILY,0.62,2025-02-22T03:01:38,"{""relationship_note"": ""Partner relation recorded"", ""source_type"": ""public_record""}"
R000441,P367,P369,ASSOCIATED,0.91,2026-04-01T12:27:37,"{""context"": ""Indirect association noted as an analytical lead, not confirmed activity"", ""source_type"": ""informant_tip"", ""verified"": false}"
R000442,P361,ORG049,WORKS_FOR,0.92,2025-09-18T05:10:35,"{""role"": ""Staff"", ""source_type"": ""employment_record""}"
R000443,P458,P082,ASSOCIATED,0.52,2026-02-16T12:27:28,"{""context"": ""Indirect association noted as an analytical lead, not confirmed activity"", ""source_type"": ""informant_tip"", ""verified"": false}"
R000444,P180,P038,EMPLOYED_WITH,0.69,2026-08-08T19:42:13,"{""context"": ""Shared employment recorded"", ""source_type"": ""employment_record""}"
R000445,P075,P061,EMPLOYED_WITH,0.69,2025-02-18T09:02:12,"{""context"": ""Shared employment recorded"", ""source_type"": ""employment_record""}"
R000446,P224,LOC030,TRAVELED_TO,0.54,2025-09-11T09:46:12,"{""mode"": ""road"", ""source_type"": ""travel_record""}"
R000447,P389,P051,LOCATED_WITH,0.73,2026-08-22T04:34:24,"{""observation_note"": ""Presence recorded at location"", ""source_type"": ""location_record""}"
R000448,P109,P134,PARTNER,0.84,2026-08-06T10:04:26,"{""relationship_note"": ""Family relation recorded"", ""source_type"": ""public_record""}"
R000449,P215,P205,MESSAGED,0.69,2025-09-12T14:31:00,"{""message_count"": 13, ""source_type"": ""communication_record""}"
R000450,P014,PH104,USED_PHONE,0.92,2025-07-22T01:51:37,"{""observation"": ""Device usage recorded"", ""source_type"": ""telecom_record""}"
R000451,P389,P051,ASSOCIATED,0.57,2026-03-04T06:59:48,"{""context"": ""Indirect association noted as an analytical lead, not confirmed activity"", ""source_type"": ""informant_tip"", ""verified"": false}"
R000452,P149,P130,ASSOCIATED,0.84,2026-08-30T14:08:57,"{""context"": ""Indirect association noted as an analytical lead, not confirmed activity"", ""source_type"": ""informant_tip"", ""verified"": false}"
R000453,P438,ACC020,RECEIVED_FROM,0.51,2025-03-07T06:36:30,"{""amount"": 34301, ""currency"": ""INR"", ""transaction_type"": ""cash_deposit""}"
R000454,P046,ORG043,MEMBER_OF,0.56,2025-12-11T10:09:32,"{""context"": ""Shared membership recorded"", ""source_type"": ""field_report""}"
R000455,P445,ACC111,TRANSFERRED_TO,0.9,2025-02-09T07:57:18,"{""amount"": 207593, ""currency"": ""INR"", ""transaction_type"": ""upi_transfer""}"
R000456,P111,P109,EMPLOYED_WITH,0.8,2026-06-29T20:20:37,"{""context"": ""Shared employment recorded"", ""source_type"": ""employment_record""}"
R000457,P272,P284,MEMBER_OF,0.71,2025-08-18T05:09:32,"{""context"": ""Shared membership recorded"", ""source_type"": ""field_report""}"
R000458,P304,PH140,USED_PHONE,0.89,2026-02-13T09:53:04,"{""observation"": ""Device usage recorded"", ""source_type"": ""telecom_record""}"
R000459,V140,LOC063,SEEN_AT,0.67,2026-08-31T07:57:58,"{""observation"": ""Vehicle observed in use"", ""source_type"": ""CCTV""}"
R000460,P014,P001,EMPLOYED_WITH,0.88,2025-09-07T19:08:27,"{""context"": ""Shared employment recorded"", ""source_type"": ""employment_record""}"
R000461,P288,P281,TRAVELED_WITH,0.82,2026-01-02T08:50:03,"{""context"": ""Joint travel recorded"", ""source_type"": ""travel_record""}"
R000462,P453,P464,MET,0.91,2026-07-27T11:47:48,"{""details"": ""Meeting recorded at location"", ""source_type"": ""surveillance"", ""verified"": true}"
R000463,P014,P020,PARTNER,0.78,2025-09-05T00:01:51,"{""relationship_note"": ""Family relation recorded"", ""source_type"": ""public_record""}"
R000464,P145,LOC063,WORKS_AT,0.52,2026-01-18T07:46:16,"{""role"": ""Consultant"", ""source_type"": ""employment_record""}"
R000465,P001,P109,MET,0.95,2025-06-19T22:53:39,"{""details"": ""Brief meeting observed"", ""source_type"": ""surveillance"", ""verified"": true}"
R000466,P402,P457,MESSAGED,0.96,2026-04-01T15:11:15,"{""message_count"": 102, ""source_type"": ""communication_record""}"
R000467,P474,P464,FAMILY,0.97,2025-09-19T09:57:11,"{""relationship_note"": ""Partner relation recorded"", ""source_type"": ""public_record""}"
R000468,P112,P106,LOCATED_WITH,0.86,2026-03-13T12:00:58,"{""observation_note"": ""Presence recorded at location"", ""source_type"": ""location_record""}"
R000469,P453,P500,MET,0.52,2025-05-19T00:43:21,"{""details"": ""Extended meeting recorded"", ""source_type"": ""surveillance"", ""verified"": false}"
R000470,P309,ACC027,TRANSFERRED_TO,0.96,2026-04-20T20:58:14,"{""amount"": 74237, ""currency"": ""INR"", ""transaction_type"": ""wire_transfer""}"
R000471,P481,V043,USED_VEHICLE,0.81,2025-07-04T20:33:56,"{""observation"": ""Vehicle observed in use"", ""source_type"": ""CCTV""}"
R000472,P224,ACC068,RECEIVED_FROM,0.6,2026-07-05T16:04:50,"{""amount"": 363923, ""currency"": ""INR"", ""transaction_type"": ""bank_transfer""}"
R000473,P158,P195,MET,0.97,2025-03-25T21:54:39,"{""details"": ""Brief meeting observed"", ""source_type"": ""surveillance"", ""verified"": false}"
R000474,P051,ORG062,VISITED_ORG,0.89,2025-09-30T19:25:24,"{""duration_minutes"": 152, ""source_type"": ""location_record""}"
R000475,P096,PH019,USED_PHONE,0.89,2026-06-18T17:35:54,"{""observation"": ""Device usage recorded"", ""source_type"": ""telecom_record""}"
R000476,P051,P088,PARTNER,0.54,2025-01-16T14:16:51,"{""relationship_note"": ""Family relation recorded"", ""source_type"": ""public_record""}"
R000477,P217,P221,MEMBER_OF,0.58,2026-04-22T15:10:00,"{""context"": ""Shared membership recorded"", ""source_type"": ""field_report""}"
R000478,P275,P272,ASSOCIATED,0.65,2025-06-09T15:44:18,"{""context"": ""Indirect association noted as an analytical lead, not confirmed activity"", ""source_type"": ""informant_tip"", ""verified"": false}"
R000479,P234,P226,LOCATED_WITH,0.64,2025-11-02T04:13:41,"{""observation_note"": ""Presence recorded at location"", ""source_type"": ""location_record""}"
R000480,P109,PH007,MESSAGED,0.6,2026-04-12T04:49:42,"{""message_count"": 75, ""source_type"": ""communication_record""}"
R000481,P144,ACC102,OWNS_ACCOUNT,0.73,2026-01-03T19:59:48,"{""account_status"": ""active"", ""source_type"": ""financial_registry""}"
R000482,P309,ORG050,WORKS_FOR,0.59,2025-07-25T20:02:24,"{""role"": ""Contractor"", ""source_type"": ""employment_record""}"
R000483,P229,P259,MET,0.57,2025-12-13T05:51:12,"{""details"": ""Extended meeting recorded"", ""source_type"": ""surveillance"", ""verified"": true}"
R000484,P360,P352,TRAVELED_WITH,0.9,2025-09-25T00:44:09,"{""context"": ""Joint travel recorded"", ""source_type"": ""travel_record""}"
R000485,P230,P032,SUSPECTED_ASSOCIATE,0.85,2026-02-20T22:42:43,"{""context"": ""Indirect association noted as an analytical lead, not confirmed activity"", ""source_type"": ""informant_tip"", ""verified"": false}"
R000486,P302,P316,LOCATED_WITH,0.98,2026-02-06T10:10:28,"{""observation_note"": ""Presence recorded at location"", ""source_type"": ""location_record""}"
R000487,P020,ACC021,TRANSFERRED_TO,0.98,2025-05-30T16:40:28,"{""amount"": 228771, ""currency"": ""INR"", ""transaction_type"": ""cash_deposit""}"
R000488,PH082,PH187,COMMUNICATED_WITH,0.95,2026-05-03T04:20:38,"{""contact_count"": 9, ""source_type"": ""telecom_record""}"
R000489,P412,P401,EMPLOYED_WITH,0.81,2026-03-09T03:22:49,"{""context"": ""Shared employment recorded"", ""source_type"": ""employment_record""}"
R000490,P082,P079,CALLED,0.78,2025-11-22T21:47:45,"{""duration_seconds"": 428, ""source_type"": ""call_record"", ""verified"": false}"
R000491,P124,ORG084,VISITED_ORG,0.74,2025-09-25T02:11:09,"{""duration_minutes"": 160, ""source_type"": ""location_record""}"
R000492,P367,P352,FAMILY,0.95,2026-03-09T16:49:31,"{""relationship_note"": ""Partner relation recorded"", ""source_type"": ""public_record""}"
R000493,P234,P229,FAMILY,0.61,2025-08-24T09:21:13,"{""relationship_note"": ""Partner relation recorded"", ""source_type"": ""public_record""}"
R000494,P129,ACC107,RECEIVED_FROM,0.8,2025-12-11T04:10:49,"{""amount"": 47312, ""currency"": ""INR"", ""transaction_type"": ""cash_deposit""}"
R000495,P413,P418,MEMBER_OF,0.53,2025-11-13T06:12:20,"{""context"": ""Shared membership recorded"", ""source_type"": ""field_report""}"
R000496,P369,V135,OWNS_VEHICLE,0.93,2025-11-10T07:38:38,"{""registration_status"": ""active"", ""source_type"": ""vehicle_registry""}"
R000497,P120,P112,ASSOCIATED,0.63,2025-05-30T17:22:15,"{""context"": ""Indirect association noted as an analytical lead, not confirmed activity"", ""source_type"": ""informant_tip"", ""verified"": false}"
R000498,P309,LOC016,RESIDES_AT,0.83,2026-01-28T08:14:17,"{""since"": ""2025-07-07"", ""source_type"": ""registration_record""}"
R000499,P414,P412,MEMBER_OF,0.91,2026-04-07T09:46:30,"{""context"": ""Shared membership recorded"", ""source_type"": ""field_report""}"
R000500,P188,P195,CALLED,0.61,2026-06-20T01:06:17,"{""duration_seconds"": 921, ""source_type"": ""call_record"", ""verified"": true}"
R000501,P258,PH200,MESSAGED,0.97,2025-07-29T00:04:53,"{""message_count"": 3, ""source_type"": ""communication_record""}"
R000502,P379,P396,SUSPECTED_ASSOCIATE,0.65,2025-04-13T18:30:48,"{""context"": ""Indirect association noted as an analytical lead, not confirmed activity"", ""source_type"": ""informant_tip"", ""verified"": false}"
R000503,P216,ACC097,RECEIVED_FROM,0.92,2026-05-15T05:32:52,"{""amount"": 241147, ""currency"": ""INR"", ""transaction_type"": ""wire_transfer""}"
R000504,P302,P301,SUSPECTED_ASSOCIATE,0.82,2025-08-23T16:23:33,"{""context"": ""Indirect association noted as an analytical lead, not confirmed activity"", ""source_type"": ""informant_tip"", ""verified"": false}"
R000505,P309,LOC078,WORKS_AT,0.64,2025-10-18T16:08:54,"{""role"": ""Consultant"", ""source_type"": ""employment_record""}"
R000506,P413,P424,FAMILY,0.82,2025-09-19T04:46:53,"{""relationship_note"": ""Family relation recorded"", ""source_type"": ""public_record""}"
R000507,P384,P396,ASSOCIATED,0.66,2026-08-18T13:28:36,"{""context"": ""Indirect association noted as an analytical lead, not confirmed activity"", ""source_type"": ""informant_tip"", ""verified"": false}"
R000508,P143,P208,SUSPECTED_ASSOCIATE,0.9,2026-06-21T16:18:38,"{""context"": ""Indirect association noted as an analytical lead, not confirmed activity"", ""source_type"": ""informant_tip"", ""verified"": false}"
R000509,P309,P323,ASSOCIATED,0.65,2026-07-09T02:10:02,"{""context"": ""Indirect association noted as an analytical lead, not confirmed activity"", ""source_type"": ""informant_tip"", ""verified"": false}"
R000510,P051,P084,TRAVELED_WITH,0.77,2026-05-26T18:49:34,"{""context"": ""Joint travel recorded"", ""source_type"": ""travel_record""}"
R000511,P316,ORG029,ASSOCIATED_WITH,0.67,2026-06-12T22:45:24,"{""context"": ""Indirect association noted as an analytical lead, not confirmed activity"", ""source_type"": ""informant_tip"", ""verified"": false}"
R000512,P369,V085,USED_VEHICLE,0.68,2025-08-27T12:29:03,"{""observation"": ""Vehicle observed in use"", ""source_type"": ""CCTV""}"
R000513,P413,P421,CALLED,0.94,2025-12-27T05:07:28,"{""duration_seconds"": 2064, ""source_type"": ""call_record"", ""verified"": true}"
R000514,P215,ORG020,ASSOCIATED_WITH,0.57,2025-10-24T10:49:47,"{""context"": ""Indirect association noted as an analytical lead, not confirmed activity"", ""source_type"": ""informant_tip"", ""verified"": false}"
R000515,P486,P499,LOCATED_WITH,0.54,2025-11-14T19:53:19,"{""observation_note"": ""Presence recorded at location"", ""source_type"": ""location_record""}"
R000516,P004,P007,PARTNER,0.58,2025-05-18T08:14:35,"{""relationship_note"": ""Family relation recorded"", ""source_type"": ""public_record""}"
R000517,P280,P276,SUSPECTED_ASSOCIATE,0.87,2025-02-23T15:36:38,"{""context"": ""Indirect association noted as an analytical lead, not confirmed activity"", ""source_type"": ""informant_tip"", ""verified"": false}"
R000518,P224,P204,SUSPECTED_ASSOCIATE,0.84,2025-01-14T21:58:50,"{""context"": ""Indirect association noted as an analytical lead, not confirmed activity"", ""source_type"": ""informant_tip"", ""verified"": false}"
R000519,P288,P277,CALLED,0.64,2025-04-11T03:26:39,"{""duration_seconds"": 2996, ""source_type"": ""call_record"", ""verified"": false}"
R000520,P426,P457,MESSAGED,0.94,2026-06-18T10:30:35,"{""message_count"": 104, ""source_type"": ""communication_record""}"
R000521,P011,P004,MESSAGED,0.82,2025-06-24T05:39:11,"{""message_count"": 10, ""source_type"": ""communication_record""}"
R000522,P302,P303,FAMILY,0.82,2026-05-13T08:27:00,"{""relationship_note"": ""Family relation recorded"", ""source_type"": ""public_record""}"
R000523,P067,P074,EMPLOYED_WITH,0.84,2025-03-31T22:28:43,"{""context"": ""Shared employment recorded"", ""source_type"": ""employment_record""}"
R000524,P318,PH170,MESSAGED,0.75,2025-08-22T21:13:03,"{""message_count"": 36, ""source_type"": ""communication_record""}"
R000525,P060,P054,TRAVELED_WITH,0.63,2026-07-31T15:57:03,"{""context"": ""Joint travel recorded"", ""source_type"": ""travel_record""}"
R000526,P143,P141,PARTNER,0.66,2026-06-03T22:27:21,"{""relationship_note"": ""Family relation recorded"", ""source_type"": ""public_record""}"
R000527,P318,P328,CALLED,0.54,2025-03-11T03:07:59,"{""duration_seconds"": 2978, ""source_type"": ""call_record"", ""verified"": true}"
R000528,P224,ORG038,MEMBER_OF,0.63,2026-05-16T11:18:30,"{""context"": ""Shared membership recorded"", ""source_type"": ""field_report""}"
R000529,P175,P164,MET,0.55,2025-05-16T16:40:39,"{""details"": ""Meeting recorded at location"", ""source_type"": ""surveillance"", ""verified"": true}"
R000530,P158,LOC057,LOCATED_AT,0.97,2026-05-31T05:50:02,"{""observation_note"": ""Presence recorded at location"", ""source_type"": ""location_record""}"
R000531,P168,P163,CALLED,0.63,2026-07-24T09:22:37,"{""duration_seconds"": 1594, ""source_type"": ""call_record"", ""verified"": false}"
R000532,P055,LOC090,LOCATED_AT,0.86,2026-05-19T23:22:30,"{""observation_note"": ""Presence recorded at location"", ""source_type"": ""location_record""}"
R000533,ORG076,ORG062,PARTNERED_WITH,0.89,2025-05-04T19:20:44,"{""relationship_note"": ""Organizational link recorded"", ""source_type"": ""corporate_record""}"
R000534,P369,PH157,MESSAGED,0.51,2025-05-21T18:56:30,"{""message_count"": 34, ""source_type"": ""communication_record""}"
R000535,P220,P222,CALLED,0.85,2026-01-15T03:16:05,"{""duration_seconds"": 2791, ""source_type"": ""call_record"", ""verified"": true}"
R000536,P259,ACC177,RECEIVED_FROM,0.84,2026-06-05T06:48:13,"{""amount"": 50434, ""currency"": ""INR"", ""transaction_type"": ""upi_transfer""}"
R000537,P172,PH174,MESSAGED,0.81,2025-07-13T01:48:39,"{""message_count"": 39, ""source_type"": ""communication_record""}"
R000538,P021,LOC083,WORKS_AT,0.96,2026-03-10T16:17:27,"{""role"": ""Advisor"", ""source_type"": ""employment_record""}"
R000539,P029,LOC063,LOCATED_AT,0.66,2026-01-21T03:01:58,"{""observation_note"": ""Presence recorded at location"", ""source_type"": ""location_record""}"
R000540,P272,P283,MET,0.72,2025-08-05T01:13:29,"{""details"": ""Extended meeting recorded"", ""source_type"": ""surveillance"", ""verified"": false}"
R000541,P479,P476,MEMBER_OF,0.7,2026-01-23T03:53:45,"{""context"": ""Shared membership recorded"", ""source_type"": ""field_report""}"
R000542,P460,P468,CALLED,0.82,2025-01-01T03:09:49,"{""duration_seconds"": 1883, ""source_type"": ""call_record"", ""verified"": false}"
R000543,P158,P171,ASSOCIATED,0.82,2025-02-12T03:45:47,"{""context"": ""Indirect association noted as an analytical lead, not confirmed activity"", ""source_type"": ""informant_tip"", ""verified"": false}"
R000544,P361,V057,OWNS_VEHICLE,0.5,2025-03-30T13:32:58,"{""registration_status"": ""active"", ""source_type"": ""vehicle_registry""}"
R000545,P180,P206,FAMILY,0.86,2026-05-08T04:18:01,"{""relationship_note"": ""Partner relation recorded"", ""source_type"": ""public_record""}"
R000546,P446,P440,ASSOCIATED,0.59,2026-04-20T11:06:08,"{""context"": ""Indirect association noted as an analytical lead, not confirmed activity"", ""source_type"": ""informant_tip"", ""verified"": false}"
R000547,P230,P248,EMPLOYED_WITH,0.79,2026-08-12T02:17:12,"{""context"": ""Shared employment recorded"", ""source_type"": ""employment_record""}"
R000548,P318,V130,USED_VEHICLE,0.57,2025-12-16T22:00:51,"{""observation"": ""Vehicle observed in use"", ""source_type"": ""CCTV""}"
R000549,P217,P218,MET,0.95,2026-02-16T22:42:28,"{""details"": ""Extended meeting recorded"", ""source_type"": ""surveillance"", ""verified"": true}"
R000550,P189,V083,OWNS_VEHICLE,0.75,2025-04-10T17:12:35,"{""registration_status"": ""active"", ""source_type"": ""vehicle_registry""}"
R000551,P460,P224,ASSOCIATED,0.7,2026-04-19T00:27:54,"{""context"": ""Indirect association noted as an analytical lead, not confirmed activity"", ""source_type"": ""informant_tip"", ""verified"": false}"
R000552,P143,V141,TRAVELED_IN,0.92,2026-08-05T07:41:16,"{""trip_note"": ""Travel recorded together"", ""source_type"": ""field_report""}"
R000553,P112,V054,TRAVELED_IN,0.81,2026-03-06T23:30:29,"{""trip_note"": ""Travel recorded together"", ""source_type"": ""field_report""}"
R000554,P182,P186,SUSPECTED_ASSOCIATE,0.97,2025-09-26T04:44:19,"{""context"": ""Indirect association noted as an analytical lead, not confirmed activity"", ""source_type"": ""informant_tip"", ""verified"": false}"
R000555,P058,P067,SUSPECTED_ASSOCIATE,0.96,2026-06-24T06:54:47,"{""context"": ""Indirect association noted as an analytical lead, not confirmed activity"", ""source_type"": ""informant_tip"", ""verified"": false}"
R000556,P426,V137,TRAVELED_IN,0.64,2026-06-08T16:48:34,"{""trip_note"": ""Travel recorded together"", ""source_type"": ""field_report""}"
R000557,P051,LOC049,WORKS_AT,0.57,2025-01-10T22:03:34,"{""role"": ""Consultant"", ""source_type"": ""employment_record""}"
R000558,P328,P352,MESSAGED,0.64,2026-08-06T16:27:44,"{""message_count"": 139, ""source_type"": ""communication_record""}"
R000559,P325,P308,CALLED,0.75,2026-04-17T17:40:29,"{""duration_seconds"": 3278, ""source_type"": ""call_record"", ""verified"": false}"
R000560,P190,PH176,MESSAGED,0.65,2025-02-06T11:46:06,"{""message_count"": 142, ""source_type"": ""communication_record""}"
R000561,P413,P223,FAMILY,0.81,2026-08-01T15:00:46,"{""relationship_note"": ""Partner relation recorded"", ""source_type"": ""public_record""}"
R000562,P299,V050,TRAVELED_IN,0.64,2026-03-01T13:38:40,"{""trip_note"": ""Travel recorded together"", ""source_type"": ""field_report""}"
R000563,P004,P006,CALLED,0.91,2025-01-13T22:43:47,"{""duration_seconds"": 38, ""source_type"": ""call_record"", ""verified"": false}"
R000564,P158,P196,MET,0.82,2025-05-01T05:47:14,"{""details"": ""Brief meeting observed"", ""source_type"": ""surveillance"", ""verified"": false}"
R000565,P453,P468,PARTNER,0.77,2026-07-04T16:08:25,"{""relationship_note"": ""Partner relation recorded"", ""source_type"": ""public_record""}"
R000566,P158,P200,ASSOCIATED,0.73,2025-06-21T19:25:51,"{""context"": ""Indirect association noted as an analytical lead, not confirmed activity"", ""source_type"": ""informant_tip"", ""verified"": false}"
R000567,P029,P070,SUSPECTED_ASSOCIATE,0.62,2026-08-08T04:47:21,"{""context"": ""Indirect association noted as an analytical lead, not confirmed activity"", ""source_type"": ""informant_tip"", ""verified"": false}"
R000568,P455,PH175,USED_PHONE,0.93,2026-04-28T10:44:02,"{""observation"": ""Device usage recorded"", ""source_type"": ""telecom_record""}"
R000569,P350,P342,EMPLOYED_WITH,0.68,2025-03-30T01:26:42,"{""context"": ""Shared employment recorded"", ""source_type"": ""employment_record""}"
R000570,P021,LOC084,RESIDES_AT,0.59,2025-12-13T01:46:57,"{""since"": ""2026-02-04"", ""source_type"": ""registration_record""}"
R000571,P367,P372,MESSAGED,0.83,2025-03-16T12:45:27,"{""message_count"": 55, ""source_type"": ""communication_record""}"
R000572,P109,ORG090,WORKS_FOR,0.93,2025-11-26T11:50:14,"{""role"": ""Contractor"", ""source_type"": ""employment_record""}"
R000573,P013,PH184,USED_PHONE,0.66,2025-02-26T00:25:24,"{""observation"": ""Device usage recorded"", ""source_type"": ""telecom_record""}"
R000574,P280,P284,MESSAGED,0.7,2025-02-12T03:37:48,"{""message_count"": 116, ""source_type"": ""communication_record""}"
R000575,P005,PH173,CALLED,0.56,2025-12-03T08:10:18,"{""duration_seconds"": 39, ""source_type"": ""call_record"", ""verified"": true}"
R000576,P333,V019,OWNS_VEHICLE,0.68,2026-03-31T20:31:28,"{""registration_status"": ""active"", ""source_type"": ""vehicle_registry""}"
R000577,P040,P041,SUSPECTED_ASSOCIATE,0.9,2025-08-14T02:56:44,"{""context"": ""Indirect association noted as an analytical lead, not confirmed activity"", ""source_type"": ""informant_tip"", ""verified"": false}"
R000578,P360,P369,TRAVELED_WITH,0.81,2025-05-02T10:04:50,"{""context"": ""Joint travel recorded"", ""source_type"": ""travel_record""}"
R000579,P453,P469,SUSPECTED_ASSOCIATE,0.52,2026-07-21T11:35:43,"{""context"": ""Indirect association noted as an analytical lead, not confirmed activity"", ""source_type"": ""informant_tip"", ""verified"": false}"
R000580,P038,P050,TRAVELED_WITH,0.67,2025-11-03T02:12:55,"{""context"": ""Joint travel recorded"", ""source_type"": ""travel_record""}"
R000581,P021,P041,TRAVELED_WITH,0.91,2026-05-17T17:02:09,"{""context"": ""Joint travel recorded"", ""source_type"": ""travel_record""}"
R000582,P408,P446,SUSPECTED_ASSOCIATE,0.73,2025-05-21T20:45:28,"{""context"": ""Indirect association noted as an analytical lead, not confirmed activity"", ""source_type"": ""informant_tip"", ""verified"": false}"
R000583,P389,P051,SUSPECTED_ASSOCIATE,0.78,2025-08-14T18:09:30,"{""context"": ""Indirect association noted as an analytical lead, not confirmed activity"", ""source_type"": ""informant_tip"", ""verified"": false}"
R000584,P320,ACC061,TRANSFERRED_TO,0.55,2025-10-05T09:32:29,"{""amount"": 325304, ""currency"": ""INR"", ""transaction_type"": ""bank_transfer""}"
R000585,P224,ORG079,VISITED_ORG,0.82,2025-09-04T19:57:33,"{""duration_minutes"": 182, ""source_type"": ""location_record""}"
R000586,P153,P151,LOCATED_WITH,0.88,2026-03-16T06:39:12,"{""observation_note"": ""Presence recorded at location"", ""source_type"": ""location_record""}"
R000587,P133,V093,USED_VEHICLE,0.57,2026-05-13T18:05:46,"{""observation"": ""Vehicle observed in use"", ""source_type"": ""CCTV""}"
R000588,P224,V079,USED_VEHICLE,0.74,2026-01-08T18:59:25,"{""observation"": ""Vehicle observed in use"", ""source_type"": ""CCTV""}"
R000589,P301,P133,LOCATED_WITH,0.57,2026-05-17T09:57:14,"{""observation_note"": ""Presence recorded at location"", ""source_type"": ""location_record""}"
R000590,P270,P273,SUSPECTED_ASSOCIATE,0.92,2025-07-24T11:02:58,"{""context"": ""Indirect association noted as an analytical lead, not confirmed activity"", ""source_type"": ""informant_tip"", ""verified"": false}"
R000591,P367,PH055,MESSAGED,0.94,2026-03-28T23:13:29,"{""message_count"": 142, ""source_type"": ""communication_record""}"
R000592,P082,P095,MEMBER_OF,0.64,2026-02-24T04:18:38,"{""context"": ""Shared membership recorded"", ""source_type"": ""field_report""}"
R000593,P246,P245,CALLED,0.87,2026-02-01T10:46:09,"{""duration_seconds"": 589, ""source_type"": ""call_record"", ""verified"": false}"
R000594,P465,P467,LOCATED_WITH,0.52,2026-03-16T21:39:51,"{""observation_note"": ""Presence recorded at location"", ""source_type"": ""location_record""}"
R000595,P124,V060,OWNS_VEHICLE,0.52,2025-06-30T00:07:53,"{""registration_status"": ""active"", ""source_type"": ""vehicle_registry""}"
R000596,P224,P246,EMPLOYED_WITH,0.84,2025-10-08T14:12:48,"{""context"": ""Shared employment recorded"", ""source_type"": ""employment_record""}"
R000597,P280,P289,FAMILY,0.82,2025-08-01T10:19:19,"{""relationship_note"": ""Family relation recorded"", ""source_type"": ""public_record""}"
R000598,P175,P230,ASSOCIATED,0.8,2025-10-20T07:16:36,"{""context"": ""Indirect association noted as an analytical lead, not confirmed activity"", ""source_type"": ""informant_tip"", ""verified"": false}"
R000599,P029,P033,MEMBER_OF,0.58,2025-04-18T22:33:25,"{""context"": ""Shared membership recorded"", ""source_type"": ""field_report""}"
R000600,P215,PH085,USED_PHONE,0.85,2025-04-02T21:50:06,"{""observation"": ""Device usage recorded"", ""source_type"": ""telecom_record""}"
R000601,P094,P076,MEMBER_OF,0.56,2026-01-07T21:45:06,"{""context"": ""Shared membership recorded"", ""source_type"": ""field_report""}"
R000602,P422,P406,SUSPECTED_ASSOCIATE,0.59,2025-04-15T15:26:17,"{""context"": ""Indirect association noted as an analytical lead, not confirmed activity"", ""source_type"": ""informant_tip"", ""verified"": false}"
R000603,P415,ACC187,OWNS_ACCOUNT,0.82,2026-04-11T12:50:02,"{""account_status"": ""active"", ""source_type"": ""financial_registry""}"
R000604,P493,P099,ASSOCIATED,0.79,2025-03-08T14:28:04,"{""context"": ""Indirect association noted as an analytical lead, not confirmed activity"", ""source_type"": ""informant_tip"", ""verified"": false}"
R000605,P302,LOC066,LOCATED_AT,0.63,2026-08-20T03:03:09,"{""observation_note"": ""Presence recorded at location"", ""source_type"": ""location_record""}"
R000606,P294,V018,USED_VEHICLE,0.61,2025-09-24T03:51:19,"{""observation"": ""Vehicle observed in use"", ""source_type"": ""CCTV""}"
R000607,P413,P415,MET,0.8,2025-03-26T07:53:37,"{""details"": ""Meeting recorded at location"", ""source_type"": ""surveillance"", ""verified"": false}"
R000608,P415,ORG069,WORKS_FOR,0.75,2026-04-11T21:20:22,"{""role"": ""Consultant"", ""source_type"": ""employment_record""}"
R000609,P272,P300,MESSAGED,0.71,2026-05-28T03:58:09,"{""message_count"": 108, ""source_type"": ""communication_record""}"
R000610,P447,P438,TRAVELED_WITH,0.89,2025-02-03T17:44:53,"{""context"": ""Joint travel recorded"", ""source_type"": ""travel_record""}"
R000611,P217,ORG033,WORKS_FOR,0.73,2026-06-26T03:34:15,"{""role"": ""Manager"", ""source_type"": ""employment_record""}"
R000612,P296,ORG070,ASSOCIATED_WITH,0.7,2025-03-07T02:28:22,"{""context"": ""Indirect association noted as an analytical lead, not confirmed activity"", ""source_type"": ""informant_tip"", ""verified"": false}"
R000613,P060,P072,MET,0.89,2026-07-05T19:29:32,"{""details"": ""Brief meeting observed"", ""source_type"": ""surveillance"", ""verified"": false}"
R000614,P120,P119,SUSPECTED_ASSOCIATE,0.64,2025-11-27T22:33:00,"{""context"": ""Indirect association noted as an analytical lead, not confirmed activity"", ""source_type"": ""informant_tip"", ""verified"": false}"
R000615,P215,PH143,USED_PHONE,0.74,2026-08-10T09:41:46,"{""observation"": ""Device usage recorded"", ""source_type"": ""telecom_record""}"
R000616,P143,P149,MEMBER_OF,0.82,2026-08-17T08:08:30,"{""context"": ""Shared membership recorded"", ""source_type"": ""field_report""}"
R000617,P453,V026,TRAVELED_IN,0.61,2025-12-13T21:07:54,"{""trip_note"": ""Travel recorded together"", ""source_type"": ""field_report""}"
R000618,P328,P363,TRAVELED_WITH,0.5,2025-09-20T20:56:19,"{""context"": ""Joint travel recorded"", ""source_type"": ""travel_record""}"
R000619,P217,P208,MEMBER_OF,0.8,2025-04-23T21:07:06,"{""context"": ""Shared membership recorded"", ""source_type"": ""field_report""}"
R000620,P318,V074,TRAVELED_IN,0.85,2025-11-08T04:33:41,"{""trip_note"": ""Travel recorded together"", ""source_type"": ""field_report""}"
R000621,P218,P223,MESSAGED,0.75,2026-08-24T21:06:24,"{""message_count"": 50, ""source_type"": ""communication_record""}"
R000622,P113,P102,TRAVELED_WITH,0.82,2026-04-11T15:46:04,"{""context"": ""Joint travel recorded"", ""source_type"": ""travel_record""}"
R000623,P369,ACC091,RECEIVED_FROM,0.83,2025-03-09T10:52:02,"{""amount"": 213073, ""currency"": ""INR"", ""transaction_type"": ""cash_deposit""}"
R000624,P272,P268,CALLED,0.67,2026-07-27T09:17:15,"{""duration_seconds"": 3355, ""source_type"": ""call_record"", ""verified"": false}"
R000625,P284,P290,MEMBER_OF,0.77,2025-06-01T02:12:44,"{""context"": ""Shared membership recorded"", ""source_type"": ""field_report""}"
R000626,P453,P389,CALLED,0.84,2025-09-22T01:25:24,"{""duration_seconds"": 1559, ""source_type"": ""call_record"", ""verified"": false}"
R000627,P458,V118,USED_VEHICLE,0.83,2026-08-12T08:19:31,"{""observation"": ""Vehicle observed in use"", ""source_type"": ""CCTV""}"
R000628,P059,ORG009,VISITED_ORG,0.69,2025-01-22T05:51:14,"{""duration_minutes"": 206, ""source_type"": ""location_record""}"
R000629,PH106,PH091,COMMUNICATED_WITH,0.75,2026-06-10T18:34:20,"{""contact_count"": 2, ""source_type"": ""telecom_record""}"
R000630,P135,V103,OWNS_VEHICLE,0.83,2025-07-24T13:11:38,"{""registration_status"": ""active"", ""source_type"": ""vehicle_registry""}"
R000631,P446,LOC061,WORKS_AT,0.65,2025-03-01T01:16:47,"{""role"": ""Manager"", ""source_type"": ""employment_record""}"
R000632,P453,ORG088,MEMBER_OF,0.96,2025-07-28T23:56:10,"{""context"": ""Shared membership recorded"", ""source_type"": ""field_report""}"
R000633,P113,P108,ASSOCIATED,0.62,2026-07-27T12:46:05,"{""context"": ""Indirect association noted as an analytical lead, not confirmed activity"", ""source_type"": ""informant_tip"", ""verified"": false}"
R000634,P063,PH021,OWNS_PHONE,0.83,2025-05-02T03:58:05,"{""registration_status"": ""active"", ""source_type"": ""telecom_registry""}"
R000635,P367,PH139,OWNS_PHONE,0.97,2026-04-22T18:33:51,"{""registration_status"": ""active"", ""source_type"": ""telecom_registry""}"
R000636,P152,LOC074,WORKS_AT,0.93,2025-10-16T07:36:17,"{""role"": ""Contractor"", ""source_type"": ""employment_record""}"
R000637,P112,P102,TRAVELED_WITH,0.71,2026-08-17T14:52:56,"{""context"": ""Joint travel recorded"", ""source_type"": ""travel_record""}"
R000638,P196,ACC176,RECEIVED_FROM,0.88,2025-01-26T07:00:42,"{""amount"": 240202, ""currency"": ""INR"", ""transaction_type"": ""bank_transfer""}"
R000639,P328,PH004,CALLED,0.83,2025-12-24T08:20:14,"{""duration_seconds"": 1569, ""source_type"": ""call_record"", ""verified"": true}"
R000640,P122,P120,FAMILY,0.59,2026-04-21T23:00:41,"{""relationship_note"": ""Partner relation recorded"", ""source_type"": ""public_record""}"
R000641,P204,P220,PARTNER,0.78,2026-06-29T06:13:48,"{""relationship_note"": ""Family relation recorded"", ""source_type"": ""public_record""}"
R000642,P383,LOC072,TRAVELED_TO,0.71,2026-07-14T20:58:26,"{""mode"": ""rail"", ""source_type"": ""travel_record""}"
R000643,P004,P006,MESSAGED,0.92,2026-07-28T15:25:15,"{""message_count"": 133, ""source_type"": ""communication_record""}"
R000644,P280,P289,MEMBER_OF,0.58,2025-09-03T05:34:56,"{""context"": ""Shared membership recorded"", ""source_type"": ""field_report""}"
R000645,P051,P060,MEMBER_OF,0.77,2025-07-17T12:18:11,"{""context"": ""Shared membership recorded"", ""source_type"": ""field_report""}"
R000646,P008,ACC032,RECEIVED_FROM,0.67,2025-07-20T04:09:09,"{""amount"": 356798, ""currency"": ""INR"", ""transaction_type"": ""cash_deposit""}"
R000647,P478,P487,SUSPECTED_ASSOCIATE,0.74,2026-05-20T18:22:14,"{""context"": ""Indirect association noted as an analytical lead, not confirmed activity"", ""source_type"": ""informant_tip"", ""verified"": false}"
R000648,P299,V119,USED_VEHICLE,0.81,2025-03-02T21:37:19,"{""observation"": ""Vehicle observed in use"", ""source_type"": ""CCTV""}"
R000649,P162,P170,SUSPECTED_ASSOCIATE,0.94,2025-05-11T03:50:03,"{""context"": ""Indirect association noted as an analytical lead, not confirmed activity"", ""source_type"": ""informant_tip"", ""verified"": false}"
R000650,P314,P321,ASSOCIATED,0.63,2025-09-24T21:38:36,"{""context"": ""Indirect association noted as an analytical lead, not confirmed activity"", ""source_type"": ""informant_tip"", ""verified"": false}"
R000651,P224,P226,LOCATED_WITH,0.61,2025-10-10T01:52:59,"{""observation_note"": ""Presence recorded at location"", ""source_type"": ""location_record""}"
R000652,P200,P191,CALLED,0.51,2026-08-01T18:50:29,"{""duration_seconds"": 1641, ""source_type"": ""call_record"", ""verified"": true}"
R000653,P413,P410,MESSAGED,0.65,2026-04-26T02:15:34,"{""message_count"": 64, ""source_type"": ""communication_record""}"
R000654,P070,V135,TRAVELED_IN,0.91,2025-12-11T05:06:32,"{""trip_note"": ""Travel recorded together"", ""source_type"": ""field_report""}"
R000655,P158,P193,PARTNER,0.77,2026-05-31T09:27:08,"{""relationship_note"": ""Family relation recorded"", ""source_type"": ""public_record""}"
R000656,P288,ACC117,TRANSFERRED_TO,0.81,2026-06-26T20:37:58,"{""amount"": 333869, ""currency"": ""INR"", ""transaction_type"": ""upi_transfer""}"
R000657,P173,P153,TRAVELED_WITH,0.68,2026-05-12T17:40:14,"{""context"": ""Joint travel recorded"", ""source_type"": ""travel_record""}"
R000658,P149,P130,MET,0.57,2025-08-24T19:00:33,"{""details"": ""Brief meeting observed"", ""source_type"": ""surveillance"", ""verified"": false}"
R000659,P230,P240,MEMBER_OF,0.79,2026-06-19T04:57:40,"{""context"": ""Shared membership recorded"", ""source_type"": ""field_report""}"
R000660,P102,LOC072,TRAVELED_TO,0.71,2026-03-02T19:24:57,"{""mode"": ""road"", ""source_type"": ""travel_record""}"
R000661,P180,P214,SUSPECTED_ASSOCIATE,0.95,2026-08-04T22:28:45,"{""context"": ""Indirect association noted as an analytical lead, not confirmed activity"", ""source_type"": ""informant_tip"", ""verified"": false}"
R000662,P133,LOC096,TRAVELED_TO,0.76,2026-06-16T18:37:12,"{""mode"": ""rail"", ""source_type"": ""travel_record""}"
R000663,P113,P119,MESSAGED,0.8,2025-02-23T04:15:38,"{""message_count"": 70, ""source_type"": ""communication_record""}"
R000664,P158,V039,OWNS_VEHICLE,0.52,2026-01-18T03:28:13,"{""registration_status"": ""active"", ""source_type"": ""vehicle_registry""}"
R000665,P068,P051,CALLED,0.57,2025-05-25T10:07:40,"{""duration_seconds"": 2036, ""source_type"": ""call_record"", ""verified"": true}"
R000666,P229,P237,MEMBER_OF,0.87,2025-08-31T00:12:37,"{""context"": ""Shared membership recorded"", ""source_type"": ""field_report""}"
R000667,P074,P056,EMPLOYED_WITH,0.62,2025-07-26T23:59:12,"{""context"": ""Shared employment recorded"", ""source_type"": ""employment_record""}"
R000668,P340,P341,CALLED,0.99,2025-01-10T19:10:11,"{""duration_seconds"": 830, ""source_type"": ""call_record"", ""verified"": false}"
R000669,P318,V054,TRAVELED_IN,0.73,2025-03-14T23:32:49,"{""trip_note"": ""Travel recorded together"", ""source_type"": ""field_report""}"
R000670,P091,PH187,CALLED,0.52,2025-08-31T10:08:24,"{""duration_seconds"": 2266, ""source_type"": ""call_record"", ""verified"": true}"
R000671,P419,P112,FAMILY,0.81,2026-05-11T22:52:32,"{""relationship_note"": ""Partner relation recorded"", ""source_type"": ""public_record""}"
R000672,P215,P213,LOCATED_WITH,0.97,2025-08-03T10:52:40,"{""observation_note"": ""Presence recorded at location"", ""source_type"": ""location_record""}"
R000673,P087,P083,MEMBER_OF,0.54,2026-06-21T12:32:22,"{""context"": ""Shared membership recorded"", ""source_type"": ""field_report""}"
R000674,P024,PH166,OWNS_PHONE,0.58,2026-08-13T23:13:39,"{""registration_status"": ""active"", ""source_type"": ""telecom_registry""}"
R000675,P154,P172,MESSAGED,0.89,2025-03-25T09:55:32,"{""message_count"": 113, ""source_type"": ""communication_record""}"
R000676,P180,V035,TRAVELED_IN,0.62,2025-01-17T14:02:44,"{""trip_note"": ""Travel recorded together"", ""source_type"": ""field_report""}"
R000677,P272,P294,MEMBER_OF,0.67,2026-07-03T20:27:46,"{""context"": ""Shared membership recorded"", ""source_type"": ""field_report""}"
R000678,P434,V142,TRAVELED_IN,0.58,2025-08-02T20:25:11,"{""trip_note"": ""Travel recorded together"", ""source_type"": ""field_report""}"
R000679,P272,P300,FAMILY,0.69,2025-12-16T01:07:43,"{""relationship_note"": ""Family relation recorded"", ""source_type"": ""public_record""}"
R000680,P367,ORG031,ASSOCIATED_WITH,0.66,2026-04-27T08:41:25,"{""context"": ""Indirect association noted as an analytical lead, not confirmed activity"", ""source_type"": ""informant_tip"", ""verified"": false}"
R000681,P328,P331,EMPLOYED_WITH,0.66,2026-02-23T14:52:39,"{""context"": ""Shared employment recorded"", ""source_type"": ""employment_record""}"
R000682,P259,PH018,OWNS_PHONE,0.52,2025-03-27T19:12:02,"{""registration_status"": ""active"", ""source_type"": ""telecom_registry""}"
R000683,P109,ACC125,OWNS_ACCOUNT,0.59,2025-05-19T18:04:06,"{""account_status"": ""active"", ""source_type"": ""financial_registry""}"
R000684,P280,P278,EMPLOYED_WITH,0.95,2025-02-14T20:40:11,"{""context"": ""Shared employment recorded"", ""source_type"": ""employment_record""}"
R000685,P379,PH016,MESSAGED,0.68,2025-03-04T02:30:10,"{""message_count"": 107, ""source_type"": ""communication_record""}"
R000686,P390,LOC035,VISITED,0.76,2026-07-05T06:09:46,"{""duration_minutes"": 192, ""source_type"": ""location_record""}"
R000687,P457,P475,CALLED,0.69,2025-08-25T01:11:29,"{""duration_seconds"": 806, ""source_type"": ""call_record"", ""verified"": true}"
R000688,P215,P222,TRAVELED_WITH,0.83,2025-05-19T22:53:54,"{""context"": ""Joint travel recorded"", ""source_type"": ""travel_record""}"
R000689,P099,V047,OWNS_VEHICLE,0.77,2025-11-28T17:15:17,"{""registration_status"": ""active"", ""source_type"": ""vehicle_registry""}"
R000690,P298,P426,MESSAGED,0.99,2026-05-26T17:16:57,"{""message_count"": 96, ""source_type"": ""communication_record""}"
R000691,P158,P193,EMPLOYED_WITH,0.88,2026-05-07T20:27:52,"{""context"": ""Shared employment recorded"", ""source_type"": ""employment_record""}"
R000692,P458,ACC115,RECEIVED_FROM,0.97,2025-07-17T08:33:52,"{""amount"": 602, ""currency"": ""INR"", ""transaction_type"": ""bank_transfer""}"
R000693,ORG018,ORG039,TRANSACTION_WITH,0.5,2026-04-08T17:49:26,"{""amount"": 116832, ""currency"": ""INR"", ""transaction_type"": ""cash_deposit""}"
R000694,P439,LOC066,TRAVELED_TO,0.77,2025-01-17T20:32:34,"{""mode"": ""air"", ""source_type"": ""travel_record""}"
R000695,P082,P095,MEMBER_OF,0.63,2025-01-30T07:27:20,"{""context"": ""Shared membership recorded"", ""source_type"": ""field_report""}"
R000696,P112,P111,EMPLOYED_WITH,0.58,2026-03-20T02:39:05,"{""context"": ""Shared employment recorded"", ""source_type"": ""employment_record""}"
R000697,P389,LOC013,WORKS_AT,0.79,2026-06-20T14:59:03,"{""role"": ""Staff"", ""source_type"": ""employment_record""}"
R000698,P044,P034,EMPLOYED_WITH,0.66,2026-03-24T14:42:24,"{""context"": ""Shared employment recorded"", ""source_type"": ""employment_record""}"
R000699,P446,ORG016,VISITED_ORG,0.93,2025-12-04T08:01:14,"{""duration_minutes"": 63, ""source_type"": ""location_record""}"
R000700,P307,V098,OWNS_VEHICLE,0.53,2026-04-13T19:42:58,"{""registration_status"": ""active"", ""source_type"": ""vehicle_registry""}"
R000701,P158,P155,TRAVELED_WITH,0.86,2025-09-06T00:29:30,"{""context"": ""Joint travel recorded"", ""source_type"": ""travel_record""}"
R000702,P044,P038,LOCATED_WITH,0.66,2025-12-13T02:53:19,"{""observation_note"": ""Presence recorded at location"", ""source_type"": ""location_record""}"
R000703,P122,P114,MET,0.56,2026-08-02T21:40:45,"{""details"": ""Meeting recorded at location"", ""source_type"": ""surveillance"", ""verified"": false}"
R000704,P105,P125,EMPLOYED_WITH,0.62,2026-01-14T22:23:24,"{""context"": ""Shared employment recorded"", ""source_type"": ""employment_record""}"
R000705,P285,P290,PARTNER,0.67,2026-05-03T21:08:55,"{""relationship_note"": ""Family relation recorded"", ""source_type"": ""public_record""}"
R000706,P302,V114,USED_VEHICLE,0.81,2025-05-12T11:08:48,"{""observation"": ""Vehicle observed in use"", ""source_type"": ""CCTV""}"
R000707,P088,P078,ASSOCIATED,0.53,2025-07-01T08:33:41,"{""context"": ""Indirect association noted as an analytical lead, not confirmed activity"", ""source_type"": ""informant_tip"", ""verified"": false}"
R000708,P004,ACC178,RECEIVED_FROM,0.89,2025-04-25T16:54:00,"{""amount"": 160469, ""currency"": ""INR"", ""transaction_type"": ""upi_transfer""}"
R000709,P109,P110,ASSOCIATED,0.84,2026-03-30T01:07:35,"{""context"": ""Indirect association noted as an analytical lead, not confirmed activity"", ""source_type"": ""informant_tip"", ""verified"": false}"
R000710,P120,PH016,OWNS_PHONE,0.64,2025-10-20T12:27:25,"{""registration_status"": ""active"", ""source_type"": ""telecom_registry""}"
R000711,P021,LOC084,TRAVELED_TO,0.96,2026-04-25T23:41:54,"{""mode"": ""road"", ""source_type"": ""travel_record""}"
R000712,P318,P008,SUSPECTED_ASSOCIATE,0.82,2025-07-30T17:35:31,"{""context"": ""Indirect association noted as an analytical lead, not confirmed activity"", ""source_type"": ""informant_tip"", ""verified"": false}"
R000713,P051,P095,TRAVELED_WITH,0.59,2025-10-23T16:47:05,"{""context"": ""Joint travel recorded"", ""source_type"": ""travel_record""}"
R000714,P010,P018,TRAVELED_WITH,0.74,2025-12-22T17:28:57,"{""context"": ""Joint travel recorded"", ""source_type"": ""travel_record""}"
R000715,P328,V091,USED_VEHICLE,0.81,2025-01-15T06:28:59,"{""observation"": ""Vehicle observed in use"", ""source_type"": ""CCTV""}"
R000716,P302,P422,FAMILY,0.51,2026-01-25T08:00:16,"{""relationship_note"": ""Partner relation recorded"", ""source_type"": ""public_record""}"
R000717,P041,P048,EMPLOYED_WITH,0.81,2025-09-23T11:21:20,"{""context"": ""Shared employment recorded"", ""source_type"": ""employment_record""}"
R000718,P468,P158,LOCATED_WITH,0.6,2025-07-06T16:39:00,"{""observation_note"": ""Presence recorded at location"", ""source_type"": ""location_record""}"
R000719,P413,P424,SUSPECTED_ASSOCIATE,0.95,2026-02-25T11:34:00,"{""context"": ""Indirect association noted as an analytical lead, not confirmed activity"", ""source_type"": ""informant_tip"", ""verified"": false}"
R000720,P280,P278,MESSAGED,0.96,2026-08-22T02:46:20,"{""message_count"": 31, ""source_type"": ""communication_record""}"
R000721,P415,P414,MET,0.87,2025-04-24T00:44:31,"{""details"": ""Extended meeting recorded"", ""source_type"": ""surveillance"", ""verified"": false}"
R000722,P413,P414,CALLED,0.8,2025-05-26T23:20:10,"{""duration_seconds"": 1108, ""source_type"": ""call_record"", ""verified"": true}"
R000723,P360,P364,SUSPECTED_ASSOCIATE,0.73,2025-06-29T08:31:07,"{""context"": ""Indirect association noted as an analytical lead, not confirmed activity"", ""source_type"": ""informant_tip"", ""verified"": false}"
R000724,P180,P234,MEMBER_OF,0.7,2026-03-08T20:36:01,"{""context"": ""Shared membership recorded"", ""source_type"": ""field_report""}"
R000725,P112,ACC172,TRANSACTION_WITH,0.98,2025-07-29T14:31:50,"{""amount"": 397793, ""currency"": ""INR"", ""transaction_type"": ""cash_deposit""}"
R000726,P158,P183,LOCATED_WITH,0.88,2025-12-08T04:52:10,"{""observation_note"": ""Presence recorded at location"", ""source_type"": ""location_record""}"
R000727,P197,PH191,CALLED,0.78,2025-10-23T10:41:18,"{""duration_seconds"": 2211, ""source_type"": ""call_record"", ""verified"": true}"
R000728,P019,P259,MEMBER_OF,0.86,2025-12-17T18:36:46,"{""context"": ""Shared membership recorded"", ""source_type"": ""field_report""}"
R000729,P102,P111,SUSPECTED_ASSOCIATE,0.64,2026-02-05T21:17:55,"{""context"": ""Indirect association noted as an analytical lead, not confirmed activity"", ""source_type"": ""informant_tip"", ""verified"": false}"
R000730,P328,P229,LOCATED_WITH,0.54,2025-08-17T16:22:53,"{""observation_note"": ""Presence recorded at location"", ""source_type"": ""location_record""}"
R000731,P333,P340,LOCATED_WITH,0.51,2025-05-20T15:10:53,"{""observation_note"": ""Presence recorded at location"", ""source_type"": ""location_record""}"
R000732,P044,P047,ASSOCIATED,0.89,2026-07-08T12:28:04,"{""context"": ""Indirect association noted as an analytical lead, not confirmed activity"", ""source_type"": ""informant_tip"", ""verified"": false}"
R000733,P056,V116,OWNS_VEHICLE,0.81,2025-04-06T23:01:52,"{""registration_status"": ""active"", ""source_type"": ""vehicle_registry""}"
R000734,P473,P456,EMPLOYED_WITH,0.69,2026-07-04T08:38:18,"{""context"": ""Shared employment recorded"", ""source_type"": ""employment_record""}"
R000735,P415,V039,TRAVELED_IN,0.58,2025-09-18T08:27:10,"{""trip_note"": ""Travel recorded together"", ""source_type"": ""field_report""}"
R000736,P146,P140,MET,0.59,2026-08-21T10:07:18,"{""details"": ""Meeting recorded at location"", ""source_type"": ""surveillance"", ""verified"": true}"
R000737,P052,P076,FAMILY,0.77,2026-08-18T12:00:43,"{""relationship_note"": ""Family relation recorded"", ""source_type"": ""public_record""}"
R000738,P112,PH169,USED_PHONE,0.73,2026-01-19T06:53:16,"{""observation"": ""Device usage recorded"", ""source_type"": ""telecom_record""}"
R000739,P116,P121,LOCATED_WITH,0.9,2025-03-03T16:12:53,"{""observation_note"": ""Presence recorded at location"", ""source_type"": ""location_record""}"
R000740,P415,P421,MESSAGED,0.95,2025-12-05T06:24:11,"{""message_count"": 13, ""source_type"": ""communication_record""}"
R000741,P299,P295,MESSAGED,0.78,2025-05-19T10:47:27,"{""message_count"": 117, ""source_type"": ""communication_record""}"
R000742,P047,V077,OWNS_VEHICLE,0.66,2025-10-07T18:24:10,"{""registration_status"": ""active"", ""source_type"": ""vehicle_registry""}"
R000743,P402,ORG009,VISITED_ORG,0.64,2025-02-22T13:23:53,"{""duration_minutes"": 39, ""source_type"": ""location_record""}"
R000744,P259,P271,PARTNER,0.78,2025-08-02T03:31:56,"{""relationship_note"": ""Family relation recorded"", ""source_type"": ""public_record""}"
R000745,P485,P496,LOCATED_WITH,0.63,2026-06-19T21:26:46,"{""observation_note"": ""Presence recorded at location"", ""source_type"": ""location_record""}"
R000746,P299,P324,PARTNER,0.74,2026-04-30T02:06:46,"{""relationship_note"": ""Family relation recorded"", ""source_type"": ""public_record""}"
R000747,P478,ORG001,ASSOCIATED_WITH,0.56,2025-06-30T18:14:44,"{""context"": ""Indirect association noted as an analytical lead, not confirmed activity"", ""source_type"": ""informant_tip"", ""verified"": false}"
R000748,P499,P486,ASSOCIATED,0.89,2025-04-02T14:17:41,"{""context"": ""Indirect association noted as an analytical lead, not confirmed activity"", ""source_type"": ""informant_tip"", ""verified"": false}"
R000749,P120,P110,ASSOCIATED,0.66,2026-05-13T13:59:27,"{""context"": ""Indirect association noted as an analytical lead, not confirmed activity"", ""source_type"": ""informant_tip"", ""verified"": false}"
R000750,P351,P352,PARTNER,0.6,2026-06-17T16:54:20,"{""relationship_note"": ""Partner relation recorded"", ""source_type"": ""public_record""}"
R000751,P375,ACC166,TRANSACTION_WITH,0.57,2026-01-08T03:13:31,"{""amount"": 81967, ""currency"": ""INR"", ""transaction_type"": ""upi_transfer""}"
R000752,P229,ORG053,ASSOCIATED_WITH,0.95,2026-02-22T01:48:01,"{""context"": ""Indirect association noted as an analytical lead, not confirmed activity"", ""source_type"": ""informant_tip"", ""verified"": false}"
R000753,P328,P326,FAMILY,0.84,2026-02-09T17:30:32,"{""relationship_note"": ""Partner relation recorded"", ""source_type"": ""public_record""}"
R000754,P164,P169,FAMILY,0.78,2025-04-26T23:14:42,"{""relationship_note"": ""Partner relation recorded"", ""source_type"": ""public_record""}"
R000755,P151,P165,FAMILY,0.93,2025-04-01T18:08:30,"{""relationship_note"": ""Partner relation recorded"", ""source_type"": ""public_record""}"
R000756,P099,P102,ASSOCIATED,0.95,2025-08-24T01:24:28,"{""context"": ""Indirect association noted as an analytical lead, not confirmed activity"", ""source_type"": ""informant_tip"", ""verified"": false}"
R000757,P086,P092,MEMBER_OF,0.76,2025-01-20T08:49:04,"{""context"": ""Shared membership recorded"", ""source_type"": ""field_report""}"
R000758,P389,V133,OWNS_VEHICLE,0.83,2025-04-22T07:12:47,"{""registration_status"": ""active"", ""source_type"": ""vehicle_registry""}"
R000759,P339,P326,MET,0.52,2026-07-17T18:58:32,"{""details"": ""Extended meeting recorded"", ""source_type"": ""surveillance"", ""verified"": true}"
R000760,P318,P344,CALLED,0.81,2025-02-05T20:06:27,"{""duration_seconds"": 874, ""source_type"": ""call_record"", ""verified"": false}"
R000761,P367,P359,FAMILY,0.63,2025-08-11T14:00:11,"{""relationship_note"": ""Family relation recorded"", ""source_type"": ""public_record""}"
R000762,P109,ACC090,OWNS_ACCOUNT,0.77,2026-03-11T16:10:49,"{""account_status"": ""active"", ""source_type"": ""financial_registry""}"
R000763,P099,P111,FAMILY,0.52,2026-07-02T02:06:16,"{""relationship_note"": ""Family relation recorded"", ""source_type"": ""public_record""}"
R000764,P044,P034,MET,0.69,2026-06-09T16:09:25,"{""details"": ""Extended meeting recorded"", ""source_type"": ""surveillance"", ""verified"": false}"
R000765,P389,PH183,CALLED,0.87,2025-08-31T16:18:57,"{""duration_seconds"": 3329, ""source_type"": ""call_record"", ""verified"": true}"
R000766,P280,ACC024,TRANSACTION_WITH,0.9,2026-08-11T00:04:09,"{""amount"": 482681, ""currency"": ""INR"", ""transaction_type"": ""upi_transfer""}"
R000767,P367,P358,SUSPECTED_ASSOCIATE,0.94,2025-08-30T02:07:13,"{""context"": ""Indirect association noted as an analytical lead, not confirmed activity"", ""source_type"": ""informant_tip"", ""verified"": false}"
R000768,P437,P436,EMPLOYED_WITH,0.51,2025-10-10T07:11:12,"{""context"": ""Shared employment recorded"", ""source_type"": ""employment_record""}"
R000769,P099,P095,MEMBER_OF,0.75,2025-09-30T23:19:54,"{""context"": ""Shared membership recorded"", ""source_type"": ""field_report""}"
R000770,P310,P319,CALLED,0.79,2026-07-09T19:00:55,"{""duration_seconds"": 992, ""source_type"": ""call_record"", ""verified"": true}"
R000771,P080,P098,EMPLOYED_WITH,0.98,2026-08-01T21:34:03,"{""context"": ""Shared employment recorded"", ""source_type"": ""employment_record""}"
R000772,P099,P100,TRAVELED_WITH,0.78,2025-09-23T19:05:09,"{""context"": ""Joint travel recorded"", ""source_type"": ""travel_record""}"
R000773,P276,P282,LOCATED_WITH,0.7,2026-04-05T22:43:15,"{""observation_note"": ""Presence recorded at location"", ""source_type"": ""location_record""}"
R000774,P180,P222,LOCATED_WITH,0.93,2026-03-29T13:47:55,"{""observation_note"": ""Presence recorded at location"", ""source_type"": ""location_record""}"
R000775,P360,ORG085,WORKS_FOR,0.57,2026-05-10T02:22:30,"{""role"": ""Advisor"", ""source_type"": ""employment_record""}"
R000776,P109,P143,LOCATED_WITH,0.96,2026-08-27T22:55:39,"{""observation_note"": ""Presence recorded at location"", ""source_type"": ""location_record""}"
R000777,P299,P280,CALLED,0.53,2025-09-25T09:33:27,"{""duration_seconds"": 2263, ""source_type"": ""call_record"", ""verified"": true}"
R000778,P328,P365,PARTNER,0.62,2026-03-11T23:43:14,"{""relationship_note"": ""Partner relation recorded"", ""source_type"": ""public_record""}"
R000779,P210,PH112,MESSAGED,0.77,2026-07-07T20:25:21,"{""message_count"": 45, ""source_type"": ""communication_record""}"
R000780,P445,P430,TRAVELED_WITH,0.93,2025-05-27T04:48:09,"{""context"": ""Joint travel recorded"", ""source_type"": ""travel_record""}"
R000781,P082,P318,CALLED,0.57,2025-01-10T00:17:27,"{""duration_seconds"": 577, ""source_type"": ""call_record"", ""verified"": false}"
R000782,P302,ORG059,VISITED_ORG,0.75,2026-06-25T03:01:07,"{""duration_minutes"": 146, ""source_type"": ""location_record""}"
R000783,P112,LOC055,TRAVELED_TO,0.8,2025-10-26T19:36:07,"{""mode"": ""air"", ""source_type"": ""travel_record""}"
R000784,P415,P424,ASSOCIATED,0.78,2025-12-05T23:14:09,"{""context"": ""Indirect association noted as an analytical lead, not confirmed activity"", ""source_type"": ""informant_tip"", ""verified"": false}"
R000785,P357,ACC135,TRANSFERRED_TO,0.98,2025-03-04T04:29:04,"{""amount"": 394021, ""currency"": ""INR"", ""transaction_type"": ""wire_transfer""}"
R000786,P042,P050,TRAVELED_WITH,0.83,2025-03-02T18:23:55,"{""context"": ""Joint travel recorded"", ""source_type"": ""travel_record""}"
R000787,P299,PH088,CALLED,0.76,2026-02-23T19:21:52,"{""duration_seconds"": 59, ""source_type"": ""call_record"", ""verified"": false}"
R000788,P215,P376,LOCATED_WITH,0.52,2025-12-31T11:07:32,"{""observation_note"": ""Presence recorded at location"", ""source_type"": ""location_record""}"
R000789,P354,ACC145,RECEIVED_FROM,0.63,2026-08-06T02:17:59,"{""amount"": 330434, ""currency"": ""INR"", ""transaction_type"": ""upi_transfer""}"
R000790,P140,P126,MET,0.54,2026-03-21T22:53:03,"{""details"": ""Extended meeting recorded"", ""source_type"": ""surveillance"", ""verified"": true}"
R000791,P077,LOC036,TRAVELED_TO,0.63,2025-08-04T19:28:37,"{""mode"": ""rail"", ""source_type"": ""travel_record""}"
R000792,P289,P291,LOCATED_WITH,0.59,2025-03-28T15:25:53,"{""observation_note"": ""Presence recorded at location"", ""source_type"": ""location_record""}"
R000793,P102,LOC068,RESIDES_AT,0.92,2025-07-03T11:00:37,"{""since"": ""2025-09-24"", ""source_type"": ""registration_record""}"
R000794,PH193,PH106,COMMUNICATED_WITH,0.88,2025-04-23T16:18:19,"{""contact_count"": 31, ""source_type"": ""telecom_record""}"
R000795,P109,PH188,USED_PHONE,0.91,2026-07-18T21:36:14,"{""observation"": ""Device usage recorded"", ""source_type"": ""telecom_record""}"
R000796,P004,P082,CALLED,0.65,2025-07-25T08:41:21,"{""duration_seconds"": 3071, ""source_type"": ""call_record"", ""verified"": true}"
R000797,P082,P004,EMPLOYED_WITH,0.72,2026-07-03T01:28:58,"{""context"": ""Shared employment recorded"", ""source_type"": ""employment_record""}"
R000798,P051,PH137,OWNS_PHONE,0.81,2026-02-16T20:38:24,"{""registration_status"": ""active"", ""source_type"": ""telecom_registry""}"
R000799,P160,ACC069,RECEIVED_FROM,0.89,2025-12-02T09:04:19,"{""amount"": 134373, ""currency"": ""INR"", ""transaction_type"": ""upi_transfer""}"
R000800,P288,P286,ASSOCIATED,0.99,2026-06-09T12:20:19,"{""context"": ""Indirect association noted as an analytical lead, not confirmed activity"", ""source_type"": ""informant_tip"", ""verified"": false}"
R000801,P309,P323,SUSPECTED_ASSOCIATE,0.61,2025-12-17T03:20:16,"{""context"": ""Indirect association noted as an analytical lead, not confirmed activity"", ""source_type"": ""informant_tip"", ""verified"": false}"
R000802,P360,P364,MET,0.79,2025-05-30T23:15:48,"{""details"": ""Meeting recorded at location"", ""source_type"": ""surveillance"", ""verified"": true}"
R000803,P412,V034,OWNS_VEHICLE,0.68,2025-04-04T04:32:07,"{""registration_status"": ""active"", ""source_type"": ""vehicle_registry""}"
R000804,P382,V048,TRAVELED_IN,0.94,2026-05-19T05:50:24,"{""trip_note"": ""Travel recorded together"", ""source_type"": ""field_report""}"
R000805,P229,PH020,CALLED,0.81,2025-07-16T18:31:13,"{""duration_seconds"": 1147, ""source_type"": ""call_record"", ""verified"": false}"
R000806,P120,PH200,CALLED,0.54,2026-06-03T12:34:41,"{""duration_seconds"": 3198, ""source_type"": ""call_record"", ""verified"": true}"
R000807,P389,P403,MET,0.96,2025-09-16T09:08:01,"{""details"": ""Extended meeting recorded"", ""source_type"": ""surveillance"", ""verified"": false}"
R000808,P413,P408,CALLED,0.8,2026-01-18T04:36:46,"{""duration_seconds"": 450, ""source_type"": ""call_record"", ""verified"": false}"
R000809,P029,V147,OWNS_VEHICLE,0.86,2025-03-22T05:24:41,"{""registration_status"": ""active"", ""source_type"": ""vehicle_registry""}"
R000810,P082,V001,USED_VEHICLE,0.96,2025-01-15T13:48:03,"{""observation"": ""Vehicle observed in use"", ""source_type"": ""CCTV""}"
R000811,P333,PH101,USED_PHONE,0.78,2025-07-26T22:44:09,"{""observation"": ""Device usage recorded"", ""source_type"": ""telecom_record""}"
R000812,P208,P203,MEMBER_OF,0.5,2026-08-22T20:18:25,"{""context"": ""Shared membership recorded"", ""source_type"": ""field_report""}"
R000813,P064,ACC138,TRANSACTION_WITH,0.96,2026-08-29T17:04:57,"{""amount"": 188676, ""currency"": ""INR"", ""transaction_type"": ""wire_transfer""}"
R000814,P305,PH166,OWNS_PHONE,0.54,2025-11-08T04:00:04,"{""registration_status"": ""active"", ""source_type"": ""telecom_registry""}"
R000815,P363,P357,CALLED,0.52,2025-09-22T03:13:47,"{""duration_seconds"": 1588, ""source_type"": ""call_record"", ""verified"": true}"
R000816,P175,P171,CALLED,0.59,2025-10-31T00:04:44,"{""duration_seconds"": 161, ""source_type"": ""call_record"", ""verified"": true}"
R000817,P028,P036,ASSOCIATED,0.97,2026-04-06T13:18:14,"{""context"": ""Indirect association noted as an analytical lead, not confirmed activity"", ""source_type"": ""informant_tip"", ""verified"": false}"
R000818,P164,LOC044,VISITED,0.89,2025-01-13T18:03:32,"{""duration_minutes"": 15, ""source_type"": ""location_record""}"
R000819,P226,P244,SUSPECTED_ASSOCIATE,0.78,2025-06-14T09:58:01,"{""context"": ""Indirect association noted as an analytical lead, not confirmed activity"", ""source_type"": ""informant_tip"", ""verified"": false}"
R000820,P231,ACC005,TRANSFERRED_TO,0.73,2025-01-29T15:26:58,"{""amount"": 481806, ""currency"": ""INR"", ""transaction_type"": ""bank_transfer""}"
R000821,P004,P005,MESSAGED,0.58,2025-01-16T21:35:28,"{""message_count"": 17, ""source_type"": ""communication_record""}"
R000822,P240,LOC079,VISITED,0.61,2025-03-24T14:09:26,"{""duration_minutes"": 210, ""source_type"": ""location_record""}"
R000823,P064,P069,SUSPECTED_ASSOCIATE,0.91,2025-09-20T00:31:52,"{""context"": ""Indirect association noted as an analytical lead, not confirmed activity"", ""source_type"": ""informant_tip"", ""verified"": false}"
R000824,P290,LOC043,VISITED,0.53,2026-08-17T14:14:25,"{""duration_minutes"": 75, ""source_type"": ""location_record""}"
R000825,P309,P322,MESSAGED,0.88,2025-12-18T19:17:51,"{""message_count"": 5, ""source_type"": ""communication_record""}"
R000826,P004,ORG012,WORKS_FOR,0.85,2025-03-04T16:46:42,"{""role"": ""Advisor"", ""source_type"": ""employment_record""}"
R000827,P329,ORG027,VISITED_ORG,0.57,2025-11-20T06:56:41,"{""duration_minutes"": 74, ""source_type"": ""location_record""}"
R000828,P299,P306,ASSOCIATED,0.8,2025-11-17T00:49:14,"{""context"": ""Indirect association noted as an analytical lead, not confirmed activity"", ""source_type"": ""informant_tip"", ""verified"": false}"
R000829,P004,P005,FAMILY,0.98,2026-08-31T20:24:18,"{""relationship_note"": ""Partner relation recorded"", ""source_type"": ""public_record""}"
R000830,P229,ORG081,MEMBER_OF,0.82,2026-02-24T05:09:45,"{""context"": ""Shared membership recorded"", ""source_type"": ""field_report""}"
R000831,P328,P229,CALLED,0.83,2025-05-31T11:11:01,"{""duration_seconds"": 191, ""source_type"": ""call_record"", ""verified"": true}"
R000832,P217,PH086,USED_PHONE,0.8,2025-08-10T09:59:16,"{""observation"": ""Device usage recorded"", ""source_type"": ""telecom_record""}"
R000833,P051,ORG007,WORKS_FOR,0.95,2025-12-18T23:17:02,"{""role"": ""Manager"", ""source_type"": ""employment_record""}"
R000834,P029,P065,MEMBER_OF,0.66,2025-01-23T13:48:54,"{""context"": ""Shared membership recorded"", ""source_type"": ""field_report""}"
R000835,P052,P059,PARTNER,0.68,2026-06-10T17:26:45,"{""relationship_note"": ""Family relation recorded"", ""source_type"": ""public_record""}"
R000836,P109,P133,MEMBER_OF,0.72,2026-03-31T10:54:36,"{""context"": ""Shared membership recorded"", ""source_type"": ""field_report""}"
R000837,P305,P109,MEMBER_OF,0.64,2026-03-14T04:23:48,"{""context"": ""Shared membership recorded"", ""source_type"": ""field_report""}"
R000838,P362,P360,MEMBER_OF,0.89,2025-12-28T14:11:17,"{""context"": ""Shared membership recorded"", ""source_type"": ""field_report""}"
R000839,P288,PH142,USED_PHONE,0.92,2026-04-20T23:42:35,"{""observation"": ""Device usage recorded"", ""source_type"": ""telecom_record""}"
R000840,P112,P116,MEMBER_OF,0.86,2026-02-10T06:28:30,"{""context"": ""Shared membership recorded"", ""source_type"": ""field_report""}"
R000841,P158,V149,OWNS_VEHICLE,0.61,2025-07-11T13:58:01,"{""registration_status"": ""active"", ""source_type"": ""vehicle_registry""}"
R000842,P215,ACC012,OWNS_ACCOUNT,0.52,2025-04-26T16:59:47,"{""account_status"": ""active"", ""source_type"": ""financial_registry""}"
R000843,P158,P177,TRAVELED_WITH,0.9,2026-08-20T23:51:41,"{""context"": ""Joint travel recorded"", ""source_type"": ""travel_record""}"
R000844,P238,PH022,MESSAGED,0.77,2025-03-18T02:50:15,"{""message_count"": 4, ""source_type"": ""communication_record""}"
R000845,P077,PH076,USED_PHONE,0.62,2025-11-12T19:54:37,"{""observation"": ""Device usage recorded"", ""source_type"": ""telecom_record""}"
R000846,ACC042,ACC181,TRANSACTION_WITH,0.73,2025-01-13T08:57:35,"{""amount"": 299543, ""currency"": ""INR"", ""transaction_type"": ""bank_transfer""}"
R000847,P415,ACC104,TRANSFERRED_TO,0.59,2025-12-27T05:07:29,"{""amount"": 457444, ""currency"": ""INR"", ""transaction_type"": ""wire_transfer""}"
R000848,P413,PH019,OWNS_PHONE,0.69,2026-07-01T17:41:07,"{""registration_status"": ""active"", ""source_type"": ""telecom_registry""}"
R000849,P143,PH193,OWNS_PHONE,0.63,2026-02-17T09:04:20,"{""registration_status"": ""active"", ""source_type"": ""telecom_registry""}"
R000850,P369,ACC021,TRANSFERRED_TO,0.8,2026-02-26T07:43:23,"{""amount"": 176500, ""currency"": ""INR"", ""transaction_type"": ""bank_transfer""}"
R000851,P367,P369,PARTNER,0.77,2026-03-09T07:00:54,"{""relationship_note"": ""Family relation recorded"", ""source_type"": ""public_record""}"
R000852,P310,P320,ASSOCIATED,0.84,2025-09-18T03:32:30,"{""context"": ""Indirect association noted as an analytical lead, not confirmed activity"", ""source_type"": ""informant_tip"", ""verified"": false}"
R000853,P158,V069,OWNS_VEHICLE,0.75,2026-08-14T23:56:28,"{""registration_status"": ""active"", ""source_type"": ""vehicle_registry""}"
R000854,P224,P204,CALLED,0.76,2025-02-12T07:12:28,"{""duration_seconds"": 3395, ""source_type"": ""call_record"", ""verified"": false}"
R000855,P388,P029,SUSPECTED_ASSOCIATE,0.72,2025-10-13T22:44:09,"{""context"": ""Indirect association noted as an analytical lead, not confirmed activity"", ""source_type"": ""informant_tip"", ""verified"": false}"
R000856,P029,P054,FAMILY,0.6,2026-08-19T12:09:47,"{""relationship_note"": ""Family relation recorded"", ""source_type"": ""public_record""}"
R000857,P229,P274,TRAVELED_WITH,0.64,2026-06-15T00:55:15,"{""context"": ""Joint travel recorded"", ""source_type"": ""travel_record""}"
R000858,P215,P222,TRAVELED_WITH,0.74,2025-06-30T10:54:32,"{""context"": ""Joint travel recorded"", ""source_type"": ""travel_record""}"
R000859,P225,PH146,MESSAGED,0.56,2026-02-16T19:00:53,"{""message_count"": 79, ""source_type"": ""communication_record""}"
R000860,P468,P452,ASSOCIATED,0.64,2025-07-21T22:53:25,"{""context"": ""Indirect association noted as an analytical lead, not confirmed activity"", ""source_type"": ""informant_tip"", ""verified"": false}"
R000861,P337,ACC074,TRANSFERRED_TO,0.59,2026-04-26T12:06:11,"{""amount"": 92438, ""currency"": ""INR"", ""transaction_type"": ""cash_deposit""}"
R000862,P284,P288,MET,0.78,2025-04-01T19:29:49,"{""details"": ""Meeting recorded at location"", ""source_type"": ""surveillance"", ""verified"": false}"
R000863,P224,ACC042,RECEIVED_FROM,0.76,2025-04-25T21:52:48,"{""amount"": 64195, ""currency"": ""INR"", ""transaction_type"": ""bank_transfer""}"
R000864,P446,P450,MESSAGED,0.75,2026-01-23T21:48:21,"{""message_count"": 76, ""source_type"": ""communication_record""}"
R000865,P378,P391,LOCATED_WITH,0.94,2026-06-03T14:36:50,"{""observation_note"": ""Presence recorded at location"", ""source_type"": ""location_record""}"
R000866,P205,P216,CALLED,0.66,2026-03-04T22:38:19,"{""duration_seconds"": 2505, ""source_type"": ""call_record"", ""verified"": true}"
R000867,P037,P048,FAMILY,0.54,2025-06-22T13:03:41,"{""relationship_note"": ""Partner relation recorded"", ""source_type"": ""public_record""}"
R000868,P452,P175,LOCATED_WITH,0.92,2025-09-04T19:26:05,"{""observation_note"": ""Presence recorded at location"", ""source_type"": ""location_record""}"
R000869,P175,P415,MET,0.86,2025-10-17T14:04:35,"{""details"": ""Brief meeting observed"", ""source_type"": ""surveillance"", ""verified"": false}"
R000870,P384,LOC055,LOCATED_AT,0.86,2025-08-13T04:31:41,"{""observation_note"": ""Presence recorded at location"", ""source_type"": ""location_record""}"
R000871,P080,P098,LOCATED_WITH,0.76,2026-04-02T01:49:47,"{""observation_note"": ""Presence recorded at location"", ""source_type"": ""location_record""}"
R000872,P109,P119,EMPLOYED_WITH,0.77,2026-04-05T13:27:36,"{""context"": ""Shared employment recorded"", ""source_type"": ""employment_record""}"
R000873,P108,V098,OWNS_VEHICLE,0.64,2026-08-10T14:45:49,"{""registration_status"": ""active"", ""source_type"": ""vehicle_registry""}"
R000874,P280,P276,LOCATED_WITH,0.58,2025-08-23T13:33:20,"{""observation_note"": ""Presence recorded at location"", ""source_type"": ""location_record""}"
R000875,P315,P215,SUSPECTED_ASSOCIATE,0.84,2026-05-13T12:48:52,"{""context"": ""Indirect association noted as an analytical lead, not confirmed activity"", ""source_type"": ""informant_tip"", ""verified"": false}"
R000876,P468,P462,FAMILY,0.78,2025-04-03T16:55:55,"{""relationship_note"": ""Partner relation recorded"", ""source_type"": ""public_record""}"
R000877,P180,PH188,OWNS_PHONE,0.78,2026-01-05T18:02:31,"{""registration_status"": ""active"", ""source_type"": ""telecom_registry""}"
R000878,P023,LOC041,WORKS_AT,0.73,2025-05-07T11:41:32,"{""role"": ""Manager"", ""source_type"": ""employment_record""}"
R000879,P309,P021,FAMILY,0.81,2025-02-11T01:54:35,"{""relationship_note"": ""Family relation recorded"", ""source_type"": ""public_record""}"
R000880,P049,P043,SUSPECTED_ASSOCIATE,0.65,2026-08-19T07:31:21,"{""context"": ""Indirect association noted as an analytical lead, not confirmed activity"", ""source_type"": ""informant_tip"", ""verified"": false}"
R000881,P328,LOC089,TRAVELED_TO,0.68,2025-08-22T20:23:40,"{""mode"": ""air"", ""source_type"": ""travel_record""}"
R000882,P328,P365,MET,0.74,2025-04-22T15:05:19,"{""details"": ""Brief meeting observed"", ""source_type"": ""surveillance"", ""verified"": true}"
R000883,P102,P299,TRAVELED_WITH,0.76,2025-05-01T01:06:44,"{""context"": ""Joint travel recorded"", ""source_type"": ""travel_record""}"
R000884,P436,P430,CALLED,0.73,2026-03-05T01:29:15,"{""duration_seconds"": 1291, ""source_type"": ""call_record"", ""verified"": false}"
R000885,P309,P324,LOCATED_WITH,0.61,2025-12-14T02:28:40,"{""observation_note"": ""Presence recorded at location"", ""source_type"": ""location_record""}"
R000886,P365,P351,CALLED,0.87,2025-04-12T03:26:38,"{""duration_seconds"": 189, ""source_type"": ""call_record"", ""verified"": true}"
R000887,P229,P020,TRAVELED_WITH,0.51,2026-05-28T11:21:19,"{""context"": ""Joint travel recorded"", ""source_type"": ""travel_record""}"
R000888,P367,P359,LOCATED_WITH,0.67,2025-07-17T01:00:19,"{""observation_note"": ""Presence recorded at location"", ""source_type"": ""location_record""}"
R000889,P280,P295,LOCATED_WITH,0.76,2026-01-24T20:30:06,"{""observation_note"": ""Presence recorded at location"", ""source_type"": ""location_record""}"
R000890,P426,V138,OWNS_VEHICLE,0.5,2025-08-07T22:11:29,"{""registration_status"": ""active"", ""source_type"": ""vehicle_registry""}"
R000891,P407,V122,TRAVELED_IN,0.68,2025-06-16T05:32:09,"{""trip_note"": ""Travel recorded together"", ""source_type"": ""field_report""}"
R000892,P102,P114,SUSPECTED_ASSOCIATE,0.75,2025-12-08T11:57:54,"{""context"": ""Indirect association noted as an analytical lead, not confirmed activity"", ""source_type"": ""informant_tip"", ""verified"": false}"
R000893,P113,P119,PARTNER,0.74,2026-08-15T09:42:02,"{""relationship_note"": ""Partner relation recorded"", ""source_type"": ""public_record""}"
R000894,P017,V084,TRAVELED_IN,0.74,2026-03-09T17:41:43,"{""trip_note"": ""Travel recorded together"", ""source_type"": ""field_report""}"
R000895,P328,P334,LOCATED_WITH,0.64,2025-12-21T22:05:11,"{""observation_note"": ""Presence recorded at location"", ""source_type"": ""location_record""}"
R000896,P426,LOC061,VISITED,0.96,2025-05-27T15:12:25,"{""duration_minutes"": 99, ""source_type"": ""location_record""}"
R000897,P199,P197,MEMBER_OF,0.57,2026-06-08T15:13:58,"{""context"": ""Shared membership recorded"", ""source_type"": ""field_report""}"
R000898,P424,P412,CALLED,0.67,2026-04-04T16:47:04,"{""duration_seconds"": 2451, ""source_type"": ""call_record"", ""verified"": false}"
R000899,P339,P334,MEMBER_OF,0.89,2025-11-26T21:03:36,"{""context"": ""Shared membership recorded"", ""source_type"": ""field_report""}"
R000900,P318,ACC104,TRANSACTION_WITH,0.98,2025-10-04T14:08:05,"{""amount"": 268628, ""currency"": ""INR"", ""transaction_type"": ""wire_transfer""}"
R000901,P052,P076,CALLED,0.81,2025-12-20T03:00:21,"{""duration_seconds"": 566, ""source_type"": ""call_record"", ""verified"": true}"
R000902,P014,P021,CALLED,0.57,2025-02-11T01:14:25,"{""duration_seconds"": 2562, ""source_type"": ""call_record"", ""verified"": true}"
R000903,P367,V120,TRAVELED_IN,0.6,2026-05-29T11:26:08,"{""trip_note"": ""Travel recorded together"", ""source_type"": ""field_report""}"
R000904,P272,PH139,CALLED,0.77,2026-01-16T18:55:44,"{""duration_seconds"": 3144, ""source_type"": ""call_record"", ""verified"": true}"
R000905,ACC081,ACC097,TRANSACTION_WITH,0.72,2025-04-03T12:49:14,"{""amount"": 19364, ""currency"": ""INR"", ""transaction_type"": ""bank_transfer""}"
R000906,P097,P085,FAMILY,0.74,2026-05-28T04:18:44,"{""relationship_note"": ""Family relation recorded"", ""source_type"": ""public_record""}"
R000907,P272,P293,SUSPECTED_ASSOCIATE,0.75,2026-01-17T00:35:02,"{""context"": ""Indirect association noted as an analytical lead, not confirmed activity"", ""source_type"": ""informant_tip"", ""verified"": false}"
R000908,P302,P311,LOCATED_WITH,0.51,2026-01-20T05:42:39,"{""observation_note"": ""Presence recorded at location"", ""source_type"": ""location_record""}"
R000909,P288,P297,PARTNER,0.55,2025-10-12T14:22:45,"{""relationship_note"": ""Partner relation recorded"", ""source_type"": ""public_record""}"
R000910,V063,LOC032,SEEN_AT,0.61,2025-11-16T22:55:27,"{""observation"": ""Vehicle observed in use"", ""source_type"": ""CCTV""}"
R000911,P057,P069,CALLED,0.73,2025-03-07T23:25:43,"{""duration_seconds"": 3551, ""source_type"": ""call_record"", ""verified"": false}"
R000912,P074,P056,FAMILY,0.69,2025-11-24T03:13:36,"{""relationship_note"": ""Partner relation recorded"", ""source_type"": ""public_record""}"
R000913,P082,P096,MEMBER_OF,0.74,2025-03-17T21:44:18,"{""context"": ""Shared membership recorded"", ""source_type"": ""field_report""}"
R000914,P099,LOC039,TRAVELED_TO,0.68,2026-06-03T09:00:20,"{""mode"": ""rail"", ""source_type"": ""travel_record""}"
R000915,P269,P252,CALLED,0.78,2026-05-09T13:32:18,"{""duration_seconds"": 3310, ""source_type"": ""call_record"", ""verified"": true}"
R000916,P289,PH070,OWNS_PHONE,0.53,2025-03-13T10:13:05,"{""registration_status"": ""active"", ""source_type"": ""telecom_registry""}"
R000917,P109,LOC010,RESIDES_AT,0.82,2026-01-05T03:38:40,"{""since"": ""2025-08-23"", ""source_type"": ""registration_record""}"
R000918,P150,P134,EMPLOYED_WITH,0.72,2025-08-21T22:42:33,"{""context"": ""Shared employment recorded"", ""source_type"": ""employment_record""}"
R000919,P302,V133,OWNS_VEHICLE,0.92,2025-05-21T06:38:37,"{""registration_status"": ""active"", ""source_type"": ""vehicle_registry""}"
R000920,P358,P372,SUSPECTED_ASSOCIATE,0.8,2025-06-15T09:43:40,"{""context"": ""Indirect association noted as an analytical lead, not confirmed activity"", ""source_type"": ""informant_tip"", ""verified"": false}"
R000921,P353,V016,TRAVELED_IN,0.76,2025-12-03T21:12:37,"{""trip_note"": ""Travel recorded together"", ""source_type"": ""field_report""}"
R000922,P328,P364,ASSOCIATED,0.92,2025-04-25T18:08:31,"{""context"": ""Indirect association noted as an analytical lead, not confirmed activity"", ""source_type"": ""informant_tip"", ""verified"": false}"
R000923,P402,ORG035,MEMBER_OF,0.9,2026-05-08T09:15:53,"{""context"": ""Shared membership recorded"", ""source_type"": ""field_report""}"
R000924,P210,PH030,USED_PHONE,0.57,2025-07-19T04:30:42,"{""observation"": ""Device usage recorded"", ""source_type"": ""telecom_record""}"
R000925,P491,P477,MEMBER_OF,0.63,2025-08-30T04:53:44,"{""context"": ""Shared membership recorded"", ""source_type"": ""field_report""}"
R000926,P309,P325,SUSPECTED_ASSOCIATE,0.51,2025-08-04T18:02:42,"{""context"": ""Indirect association noted as an analytical lead, not confirmed activity"", ""source_type"": ""informant_tip"", ""verified"": false}"
R000927,P299,LOC009,TRAVELED_TO,0.94,2025-03-07T04:33:36,"{""mode"": ""rail"", ""source_type"": ""travel_record""}"
R000928,P200,ORG093,WORKS_FOR,0.91,2026-06-06T16:52:29,"{""role"": ""Manager"", ""source_type"": ""employment_record""}"
R000929,P259,P268,TRAVELED_WITH,0.93,2026-07-25T11:42:25,"{""context"": ""Joint travel recorded"", ""source_type"": ""travel_record""}"
R000930,P288,P300,PARTNER,0.96,2025-04-05T23:24:19,"{""relationship_note"": ""Family relation recorded"", ""source_type"": ""public_record""}"
R000931,P219,P220,ASSOCIATED,0.76,2025-05-17T01:06:43,"{""context"": ""Indirect association noted as an analytical lead, not confirmed activity"", ""source_type"": ""informant_tip"", ""verified"": false}"
R000932,P272,PH122,CALLED,0.83,2025-03-29T17:45:07,"{""duration_seconds"": 1152, ""source_type"": ""call_record"", ""verified"": true}"
R000933,P010,P299,PARTNER,0.82,2026-07-10T21:04:43,"{""relationship_note"": ""Family relation recorded"", ""source_type"": ""public_record""}"
R000934,P120,PH099,USED_PHONE,0.65,2026-06-06T15:30:18,"{""observation"": ""Device usage recorded"", ""source_type"": ""telecom_record""}"
R000935,P268,ACC061,OWNS_ACCOUNT,0.92,2025-10-09T20:06:33,"{""account_status"": ""active"", ""source_type"": ""financial_registry""}"
R000936,P446,P435,FAMILY,0.94,2025-11-02T05:35:43,"{""relationship_note"": ""Partner relation recorded"", ""source_type"": ""public_record""}"
R000937,P369,PH071,MESSAGED,0.92,2026-08-19T13:05:10,"{""message_count"": 126, ""source_type"": ""communication_record""}"
R000938,P415,P406,PARTNER,0.75,2025-11-17T18:09:24,"{""relationship_note"": ""Partner relation recorded"", ""source_type"": ""public_record""}"
R000939,P224,P227,TRAVELED_WITH,0.59,2026-07-21T09:51:43,"{""context"": ""Joint travel recorded"", ""source_type"": ""travel_record""}"
R000940,P058,P069,MESSAGED,0.65,2026-05-13T22:56:52,"{""message_count"": 22, ""source_type"": ""communication_record""}"
R000941,P367,P355,TRAVELED_WITH,0.84,2025-07-13T20:56:51,"{""context"": ""Joint travel recorded"", ""source_type"": ""travel_record""}"
R000942,P230,LOC095,RESIDES_AT,0.57,2025-09-06T02:01:52,"{""since"": ""2025-05-15"", ""source_type"": ""registration_record""}"
R000943,P107,PH107,CALLED,0.68,2025-09-12T10:32:30,"{""duration_seconds"": 1626, ""source_type"": ""call_record"", ""verified"": false}"
R000944,P009,ACC006,TRANSFERRED_TO,0.95,2026-03-20T00:51:02,"{""amount"": 339770, ""currency"": ""INR"", ""transaction_type"": ""cash_deposit""}"
R000945,P121,ORG022,MEMBER_OF,0.52,2025-12-26T04:13:28,"{""context"": ""Shared membership recorded"", ""source_type"": ""field_report""}"
R000946,P082,PH095,CALLED,0.58,2026-04-12T08:07:54,"{""duration_seconds"": 2338, ""source_type"": ""call_record"", ""verified"": true}"
R000947,P446,P441,EMPLOYED_WITH,0.85,2026-02-13T10:19:30,"{""context"": ""Shared employment recorded"", ""source_type"": ""employment_record""}"
R000948,P237,P232,FAMILY,0.99,2026-08-31T11:48:35,"{""relationship_note"": ""Partner relation recorded"", ""source_type"": ""public_record""}"
R000949,P101,V038,USED_VEHICLE,0.51,2025-05-28T01:59:07,"{""observation"": ""Vehicle observed in use"", ""source_type"": ""CCTV""}"
R000950,P426,ACC095,TRANSACTION_WITH,0.79,2025-07-02T21:46:12,"{""amount"": 339837, ""currency"": ""INR"", ""transaction_type"": ""upi_transfer""}"
R000951,P472,P457,MESSAGED,0.85,2025-12-31T04:35:12,"{""message_count"": 66, ""source_type"": ""communication_record""}"
R000952,P413,P410,MET,0.95,2026-03-09T15:13:55,"{""details"": ""Extended meeting recorded"", ""source_type"": ""surveillance"", ""verified"": true}"
R000953,P476,P481,LOCATED_WITH,0.77,2026-01-27T21:20:40,"{""observation_note"": ""Presence recorded at location"", ""source_type"": ""location_record""}"
R000954,P446,P076,MESSAGED,0.76,2025-07-22T04:11:17,"{""message_count"": 37, ""source_type"": ""communication_record""}"
R000955,P243,P133,MET,0.71,2025-09-01T07:46:07,"{""details"": ""Brief meeting observed"", ""source_type"": ""surveillance"", ""verified"": false}"
R000956,P495,P480,MESSAGED,0.95,2025-12-05T11:26:29,"{""message_count"": 113, ""source_type"": ""communication_record""}"
R000957,P014,P024,MET,0.56,2025-04-26T10:29:33,"{""details"": ""Brief meeting observed"", ""source_type"": ""surveillance"", ""verified"": true}"
R000958,P236,P230,TRAVELED_WITH,0.55,2026-07-05T17:15:40,"{""context"": ""Joint travel recorded"", ""source_type"": ""travel_record""}"
R000959,P360,ORG035,MEMBER_OF,0.78,2025-05-21T07:39:09,"{""context"": ""Shared membership recorded"", ""source_type"": ""field_report""}"
R000960,P259,PH147,OWNS_PHONE,0.59,2025-06-14T23:21:04,"{""registration_status"": ""active"", ""source_type"": ""telecom_registry""}"
R000961,P326,ACC085,TRANSACTION_WITH,0.51,2025-07-11T04:42:25,"{""amount"": 357703, ""currency"": ""INR"", ""transaction_type"": ""bank_transfer""}"
R000962,P086,P099,CALLED,0.72,2026-04-04T12:42:25,"{""duration_seconds"": 1118, ""source_type"": ""call_record"", ""verified"": true}"
R000963,P224,P500,SUSPECTED_ASSOCIATE,0.89,2025-02-04T01:22:02,"{""context"": ""Indirect association noted as an analytical lead, not confirmed activity"", ""source_type"": ""informant_tip"", ""verified"": false}"
R000964,P376,P394,SUSPECTED_ASSOCIATE,0.69,2025-02-07T19:30:10,"{""context"": ""Indirect association noted as an analytical lead, not confirmed activity"", ""source_type"": ""informant_tip"", ""verified"": false}"
R000965,P413,P407,ASSOCIATED,0.88,2025-05-19T06:21:42,"{""context"": ""Indirect association noted as an analytical lead, not confirmed activity"", ""source_type"": ""informant_tip"", ""verified"": false}"
R000966,P143,P150,SUSPECTED_ASSOCIATE,0.8,2026-07-13T14:33:13,"{""context"": ""Indirect association noted as an analytical lead, not confirmed activity"", ""source_type"": ""informant_tip"", ""verified"": false}"
R000967,P232,P230,PARTNER,0.71,2025-03-16T15:38:53,"{""relationship_note"": ""Partner relation recorded"", ""source_type"": ""public_record""}"
R000968,P217,LOC055,LOCATED_AT,0.55,2026-04-22T19:19:29,"{""observation_note"": ""Presence recorded at location"", ""source_type"": ""location_record""}"
R000969,P328,P366,SUSPECTED_ASSOCIATE,0.82,2025-12-27T00:43:47,"{""context"": ""Indirect association noted as an analytical lead, not confirmed activity"", ""source_type"": ""informant_tip"", ""verified"": false}"
R000970,P215,P214,EMPLOYED_WITH,0.57,2025-12-30T16:14:16,"{""context"": ""Shared employment recorded"", ""source_type"": ""employment_record""}"
R000971,P143,P128,ASSOCIATED,0.71,2026-06-09T18:12:30,"{""context"": ""Indirect association noted as an analytical lead, not confirmed activity"", ""source_type"": ""informant_tip"", ""verified"": false}"
R000972,P259,P256,LOCATED_WITH,0.52,2025-01-10T00:20:43,"{""observation_note"": ""Presence recorded at location"", ""source_type"": ""location_record""}"
R000973,P350,P340,FAMILY,0.63,2026-07-02T02:34:04,"{""relationship_note"": ""Family relation recorded"", ""source_type"": ""public_record""}"
R000974,P309,P322,LOCATED_WITH,0.84,2025-12-17T10:49:13,"{""observation_note"": ""Presence recorded at location"", ""source_type"": ""location_record""}"
R000975,P143,ORG079,VISITED_ORG,0.68,2026-08-02T01:45:59,"{""duration_minutes"": 177, ""source_type"": ""location_record""}"
R000976,P383,ACC023,TRANSACTION_WITH,0.56,2026-06-09T08:49:07,"{""amount"": 7774, ""currency"": ""INR"", ""transaction_type"": ""cash_deposit""}"
R000977,P109,P122,ASSOCIATED,0.92,2025-01-13T08:07:20,"{""context"": ""Indirect association noted as an analytical lead, not confirmed activity"", ""source_type"": ""informant_tip"", ""verified"": false}"
R000978,P082,P079,FAMILY,0.57,2025-03-08T20:54:00,"{""relationship_note"": ""Partner relation recorded"", ""source_type"": ""public_record""}"
R000979,P413,ACC150,OWNS_ACCOUNT,0.62,2026-01-02T05:11:44,"{""account_status"": ""active"", ""source_type"": ""financial_registry""}"
R000980,P051,P065,MET,0.92,2025-11-01T06:26:23,"{""details"": ""Extended meeting recorded"", ""source_type"": ""surveillance"", ""verified"": false}"
R000981,P351,P426,MEMBER_OF,0.61,2025-11-07T10:34:55,"{""context"": ""Shared membership recorded"", ""source_type"": ""field_report""}"
R000982,P274,P271,EMPLOYED_WITH,0.73,2025-01-15T18:33:07,"{""context"": ""Shared employment recorded"", ""source_type"": ""employment_record""}"
R000983,P217,P225,PARTNER,0.67,2026-05-17T21:39:53,"{""relationship_note"": ""Family relation recorded"", ""source_type"": ""public_record""}"
R000984,P299,P297,SUSPECTED_ASSOCIATE,0.93,2026-04-02T10:45:08,"{""context"": ""Indirect association noted as an analytical lead, not confirmed activity"", ""source_type"": ""informant_tip"", ""verified"": false}"
R000985,P401,V093,USED_VEHICLE,0.89,2025-10-31T05:02:49,"{""observation"": ""Vehicle observed in use"", ""source_type"": ""CCTV""}"
R000986,P109,LOC089,WORKS_AT,0.87,2025-05-06T20:22:44,"{""role"": ""Contractor"", ""source_type"": ""employment_record""}"
R000987,P051,P091,MESSAGED,0.6,2025-06-04T22:39:19,"{""message_count"": 13, ""source_type"": ""communication_record""}"
R000988,V041,LOC023,SEEN_AT,0.91,2025-10-06T16:16:11,"{""observation"": ""Vehicle observed in use"", ""source_type"": ""CCTV""}"
R000989,P163,ORG015,WORKS_FOR,0.8,2025-01-25T19:57:50,"{""role"": ""Consultant"", ""source_type"": ""employment_record""}"
R000990,P369,P368,FAMILY,0.57,2026-01-13T18:30:22,"{""relationship_note"": ""Family relation recorded"", ""source_type"": ""public_record""}"
R000991,P459,V029,USED_VEHICLE,0.98,2025-12-07T01:40:52,"{""observation"": ""Vehicle observed in use"", ""source_type"": ""CCTV""}"
R000992,P390,LOC006,VISITED,0.75,2026-04-19T12:48:31,"{""duration_minutes"": 47, ""source_type"": ""location_record""}"
R000993,P090,PH075,CALLED,0.85,2025-06-09T12:40:36,"{""duration_seconds"": 3136, ""source_type"": ""call_record"", ""verified"": false}"
R000994,P309,V086,OWNS_VEHICLE,0.9,2025-03-19T02:58:43,"{""registration_status"": ""active"", ""source_type"": ""vehicle_registry""}"
R000995,P367,P366,MEMBER_OF,0.75,2025-06-06T19:30:30,"{""context"": ""Shared membership recorded"", ""source_type"": ""field_report""}"
R000996,P318,P350,EMPLOYED_WITH,0.89,2025-10-17T06:43:00,"{""context"": ""Shared employment recorded"", ""source_type"": ""employment_record""}"
R000997,P426,P259,EMPLOYED_WITH,0.96,2025-11-30T01:50:14,"{""context"": ""Shared employment recorded"", ""source_type"": ""employment_record""}"
R000998,P259,P262,MET,0.98,2026-08-22T04:40:16,"{""details"": ""Meeting recorded at location"", ""source_type"": ""surveillance"", ""verified"": false}"
R000999,P309,P022,MET,0.85,2026-08-13T16:22:18,"{""details"": ""Extended meeting recorded"", ""source_type"": ""surveillance"", ""verified"": false}"
R001000,P004,P299,TRAVELED_WITH,0.7,2025-01-13T19:21:13,"{""context"": ""Joint travel recorded"", ""source_type"": ""travel_record""}"
R001001,P333,PH167,MESSAGED,0.7,2026-02-27T20:49:22,"{""message_count"": 51, ""source_type"": ""communication_record""}"
R001002,P271,ORG050,WORKS_FOR,0.86,2025-03-07T11:06:37,"{""role"": ""Manager"", ""source_type"": ""employment_record""}"
R001003,P256,P262,FAMILY,0.58,2026-02-25T01:03:37,"{""relationship_note"": ""Family relation recorded"", ""source_type"": ""public_record""}"
R001004,P113,ORG100,ASSOCIATED_WITH,0.65,2026-02-24T09:04:26,"{""context"": ""Indirect association noted as an analytical lead, not confirmed activity"", ""source_type"": ""informant_tip"", ""verified"": false}"
R001005,P402,P442,CALLED,0.52,2026-01-28T11:00:03,"{""duration_seconds"": 2681, ""source_type"": ""call_record"", ""verified"": true}"
R001006,P482,P495,MET,0.94,2026-03-21T14:58:01,"{""details"": ""Extended meeting recorded"", ""source_type"": ""surveillance"", ""verified"": true}"
R001007,P340,P349,SUSPECTED_ASSOCIATE,0.86,2025-08-10T00:07:33,"{""context"": ""Indirect association noted as an analytical lead, not confirmed activity"", ""source_type"": ""informant_tip"", ""verified"": false}"
R001008,P368,P355,LOCATED_WITH,0.91,2026-02-06T03:21:35,"{""observation_note"": ""Presence recorded at location"", ""source_type"": ""location_record""}"
R001009,P230,P238,EMPLOYED_WITH,0.7,2025-02-18T07:22:26,"{""context"": ""Shared employment recorded"", ""source_type"": ""employment_record""}"
R001010,P288,P291,EMPLOYED_WITH,0.96,2026-08-28T22:20:42,"{""context"": ""Shared employment recorded"", ""source_type"": ""employment_record""}"
R001011,P082,V033,OWNS_VEHICLE,0.74,2025-11-20T19:59:45,"{""registration_status"": ""active"", ""source_type"": ""vehicle_registry""}"
R001012,P367,P180,TRAVELED_WITH,0.55,2026-05-20T22:42:22,"{""context"": ""Joint travel recorded"", ""source_type"": ""travel_record""}"
R001013,P060,P063,MET,0.74,2025-08-13T22:21:34,"{""details"": ""Meeting recorded at location"", ""source_type"": ""surveillance"", ""verified"": true}"
R001014,P446,LOC040,VISITED,0.94,2025-11-24T14:07:11,"{""duration_minutes"": 60, ""source_type"": ""location_record""}"
R001015,P360,P363,MEMBER_OF,0.93,2026-07-29T12:16:04,"{""context"": ""Shared membership recorded"", ""source_type"": ""field_report""}"
R001016,P426,P442,FAMILY,0.91,2026-03-22T02:35:44,"{""relationship_note"": ""Family relation recorded"", ""source_type"": ""public_record""}"
R001017,P228,V116,TRAVELED_IN,0.83,2026-01-28T01:28:49,"{""trip_note"": ""Travel recorded together"", ""source_type"": ""field_report""}"
R001018,P225,P026,PARTNER,0.7,2026-07-20T08:22:16,"{""relationship_note"": ""Family relation recorded"", ""source_type"": ""public_record""}"
R001019,P454,ORG057,WORKS_FOR,0.86,2025-09-21T07:22:42,"{""role"": ""Consultant"", ""source_type"": ""employment_record""}"
R001020,P281,ORG099,WORKS_FOR,0.85,2026-07-04T07:19:27,"{""role"": ""Advisor"", ""source_type"": ""employment_record""}"
R001021,P102,PH159,OWNS_PHONE,0.77,2026-05-16T03:25:49,"{""registration_status"": ""active"", ""source_type"": ""telecom_registry""}"
R001022,P102,V122,TRAVELED_IN,0.75,2026-03-19T22:07:32,"{""trip_note"": ""Travel recorded together"", ""source_type"": ""field_report""}"
R001023,P007,P009,TRAVELED_WITH,0.91,2026-05-27T06:45:05,"{""context"": ""Joint travel recorded"", ""source_type"": ""travel_record""}"
R001024,P205,P201,TRAVELED_WITH,0.59,2025-03-07T17:57:07,"{""context"": ""Joint travel recorded"", ""source_type"": ""travel_record""}"
R001025,P045,P272,PARTNER,0.59,2026-02-15T00:48:07,"{""relationship_note"": ""Family relation recorded"", ""source_type"": ""public_record""}"
R001026,P300,P276,SUSPECTED_ASSOCIATE,0.65,2025-11-13T08:10:58,"{""context"": ""Indirect association noted as an analytical lead, not confirmed activity"", ""source_type"": ""informant_tip"", ""verified"": false}"
R001027,P120,P426,EMPLOYED_WITH,0.62,2025-04-21T15:39:25,"{""context"": ""Shared employment recorded"", ""source_type"": ""employment_record""}"
R001028,P248,P129,MEMBER_OF,0.77,2025-07-03T16:30:50,"{""context"": ""Shared membership recorded"", ""source_type"": ""field_report""}"
R001029,P433,P444,EMPLOYED_WITH,0.87,2026-04-19T10:18:57,"{""context"": ""Shared employment recorded"", ""source_type"": ""employment_record""}"
R001030,P280,PH115,CALLED,0.54,2025-04-08T12:49:10,"{""duration_seconds"": 2619, ""source_type"": ""call_record"", ""verified"": true}"
R001031,P272,LOC022,TRAVELED_TO,0.88,2025-04-21T13:54:49,"{""mode"": ""air"", ""source_type"": ""travel_record""}"
R001032,P019,ACC119,TRANSACTION_WITH,0.97,2026-03-08T04:47:16,"{""amount"": 325941, ""currency"": ""INR"", ""transaction_type"": ""wire_transfer""}"
R001033,P025,PH124,OWNS_PHONE,0.63,2025-05-11T00:13:14,"{""registration_status"": ""active"", ""source_type"": ""telecom_registry""}"
R001034,P402,P442,EMPLOYED_WITH,0.58,2026-06-13T04:04:39,"{""context"": ""Shared employment recorded"", ""source_type"": ""employment_record""}"
R001035,P306,P312,FAMILY,0.57,2025-02-24T07:41:13,"{""relationship_note"": ""Partner relation recorded"", ""source_type"": ""public_record""}"
R001036,P415,ORG044,ASSOCIATED_WITH,0.81,2025-06-13T18:31:55,"{""context"": ""Indirect association noted as an analytical lead, not confirmed activity"", ""source_type"": ""informant_tip"", ""verified"": false}"
R001037,P133,ACC170,TRANSACTION_WITH,0.98,2026-07-04T17:29:33,"{""amount"": 179612, ""currency"": ""INR"", ""transaction_type"": ""cash_deposit""}"
R001038,P306,P312,PARTNER,0.95,2026-04-11T15:44:41,"{""relationship_note"": ""Partner relation recorded"", ""source_type"": ""public_record""}"
R001039,P277,P292,SUSPECTED_ASSOCIATE,0.76,2025-01-08T10:33:29,"{""context"": ""Indirect association noted as an analytical lead, not confirmed activity"", ""source_type"": ""informant_tip"", ""verified"": false}"
R001040,P272,LOC086,VISITED,0.72,2026-05-20T04:03:00,"{""duration_minutes"": 36, ""source_type"": ""location_record""}"
R001041,P099,P098,LOCATED_WITH,0.56,2025-10-20T08:09:55,"{""observation_note"": ""Presence recorded at location"", ""source_type"": ""location_record""}"
R001042,P004,P024,MEMBER_OF,0.54,2025-01-15T21:59:02,"{""context"": ""Shared membership recorded"", ""source_type"": ""field_report""}"
R001043,P113,PH127,USED_PHONE,0.97,2025-08-24T11:39:26,"{""observation"": ""Device usage recorded"", ""source_type"": ""telecom_record""}"
R001044,P105,P114,LOCATED_WITH,0.64,2026-01-18T19:09:49,"{""observation_note"": ""Presence recorded at location"", ""source_type"": ""location_record""}"
R001045,P358,P371,TRAVELED_WITH,0.53,2025-05-13T09:55:24,"{""context"": ""Joint travel recorded"", ""source_type"": ""travel_record""}"
R001046,P280,P293,MESSAGED,0.63,2025-02-20T12:36:26,"{""message_count"": 6, ""source_type"": ""communication_record""}"
R001047,V001,LOC055,SEEN_AT,0.81,2026-06-23T06:11:30,"{""observation"": ""Vehicle observed in use"", ""source_type"": ""CCTV""}"
R001048,P217,ACC105,RECEIVED_FROM,0.63,2025-02-10T06:47:33,"{""amount"": 357106, ""currency"": ""INR"", ""transaction_type"": ""upi_transfer""}"
R001049,P112,P115,MET,0.6,2026-05-17T16:35:40,"{""details"": ""Meeting recorded at location"", ""source_type"": ""surveillance"", ""verified"": true}"
R001050,ACC064,ACC051,TRANSFERRED_TO,0.58,2025-06-25T06:00:38,"{""amount"": 163451, ""currency"": ""INR"", ""transaction_type"": ""bank_transfer""}"
R001051,P230,PH007,OWNS_PHONE,0.79,2025-03-17T03:06:18,"{""registration_status"": ""active"", ""source_type"": ""telecom_registry""}"
R001052,P119,PH122,CALLED,0.62,2025-09-17T15:51:03,"{""duration_seconds"": 1410, ""source_type"": ""call_record"", ""verified"": true}"
R001053,P452,LOC100,LOCATED_AT,0.79,2026-02-08T15:26:41,"{""observation_note"": ""Presence recorded at location"", ""source_type"": ""location_record""}"
R001054,P068,P437,SUSPECTED_ASSOCIATE,0.94,2025-03-16T07:25:55,"{""context"": ""Indirect association noted as an analytical lead, not confirmed activity"", ""source_type"": ""informant_tip"", ""verified"": false}"
R001055,P027,PH114,USED_PHONE,0.53,2026-08-31T21:35:00,"{""observation"": ""Device usage recorded"", ""source_type"": ""telecom_record""}"
R001056,P051,PH015,OWNS_PHONE,0.77,2025-12-02T10:03:44,"{""registration_status"": ""active"", ""source_type"": ""telecom_registry""}"
R001057,P312,P325,EMPLOYED_WITH,0.92,2025-10-24T06:50:44,"{""context"": ""Shared employment recorded"", ""source_type"": ""employment_record""}"
R001058,P224,LOC060,VISITED,0.89,2026-04-30T16:21:18,"{""duration_minutes"": 230, ""source_type"": ""location_record""}"
R001059,P312,PH173,CALLED,0.88,2025-03-20T15:57:26,"{""duration_seconds"": 1874, ""source_type"": ""call_record"", ""verified"": false}"
R001060,P182,P186,CALLED,0.89,2025-03-25T21:23:19,"{""duration_seconds"": 808, ""source_type"": ""call_record"", ""verified"": true}"
R001061,P215,PH186,CALLED,0.8,2025-07-19T01:31:09,"{""duration_seconds"": 776, ""source_type"": ""call_record"", ""verified"": true}"
R001062,P112,P125,MET,0.97,2025-02-04T05:32:20,"{""details"": ""Brief meeting observed"", ""source_type"": ""surveillance"", ""verified"": false}"
R001063,P453,P051,MESSAGED,0.64,2026-02-25T07:38:59,"{""message_count"": 3, ""source_type"": ""communication_record""}"
R001064,P215,P205,SUSPECTED_ASSOCIATE,0.91,2026-05-26T19:59:03,"{""context"": ""Indirect association noted as an analytical lead, not confirmed activity"", ""source_type"": ""informant_tip"", ""verified"": false}"
R001065,P104,LOC026,TRAVELED_TO,0.81,2025-11-24T19:47:23,"{""mode"": ""road"", ""source_type"": ""travel_record""}"
R001066,P318,LOC089,LOCATED_AT,0.84,2025-09-23T06:59:21,"{""observation_note"": ""Presence recorded at location"", ""source_type"": ""location_record""}"
R001067,P280,P286,PARTNER,0.58,2026-06-22T19:31:46,"{""relationship_note"": ""Partner relation recorded"", ""source_type"": ""public_record""}"
R001068,P112,ORG001,VISITED_ORG,0.81,2025-02-02T18:31:07,"{""duration_minutes"": 182, ""source_type"": ""location_record""}"
R001069,P358,P158,ASSOCIATED,0.6,2026-04-30T14:42:43,"{""context"": ""Indirect association noted as an analytical lead, not confirmed activity"", ""source_type"": ""informant_tip"", ""verified"": false}"
R001070,P309,P316,PARTNER,0.79,2025-12-14T14:58:06,"{""relationship_note"": ""Partner relation recorded"", ""source_type"": ""public_record""}"
R001071,P099,P345,ASSOCIATED,0.77,2025-01-24T01:22:45,"{""context"": ""Indirect association noted as an analytical lead, not confirmed activity"", ""source_type"": ""informant_tip"", ""verified"": false}"
R001072,P430,P448,MESSAGED,0.82,2025-01-17T16:38:25,"{""message_count"": 29, ""source_type"": ""communication_record""}"
R001073,P180,P206,FAMILY,0.99,2025-06-13T07:06:31,"{""relationship_note"": ""Partner relation recorded"", ""source_type"": ""public_record""}"
R001074,P082,ORG017,WORKS_FOR,0.89,2025-02-20T18:43:31,"{""role"": ""Manager"", ""source_type"": ""employment_record""}"
R001075,P217,P202,PARTNER,0.79,2026-06-24T07:41:41,"{""relationship_note"": ""Partner relation recorded"", ""source_type"": ""public_record""}"
R001076,P021,LOC036,LOCATED_AT,0.93,2025-09-12T12:24:33,"{""observation_note"": ""Presence recorded at location"", ""source_type"": ""location_record""}"
R001077,P109,LOC011,RESIDES_AT,0.88,2026-03-30T16:04:54,"{""since"": ""2026-05-31"", ""source_type"": ""registration_record""}"
R001078,P360,PH166,MESSAGED,0.87,2025-05-11T01:11:14,"{""message_count"": 96, ""source_type"": ""communication_record""}"
R001079,P180,P199,MESSAGED,0.7,2026-06-23T10:55:33,"{""message_count"": 150, ""source_type"": ""communication_record""}"
R001080,P426,PH116,USED_PHONE,0.92,2025-06-10T22:28:49,"{""observation"": ""Device usage recorded"", ""source_type"": ""telecom_record""}"
R001081,P280,P180,EMPLOYED_WITH,0.64,2026-03-18T21:59:57,"{""context"": ""Shared employment recorded"", ""source_type"": ""employment_record""}"
R001082,P175,P169,LOCATED_WITH,0.71,2025-06-28T18:49:15,"{""observation_note"": ""Presence recorded at location"", ""source_type"": ""location_record""}"
R001083,P154,P157,PARTNER,0.63,2025-11-14T15:25:56,"{""relationship_note"": ""Family relation recorded"", ""source_type"": ""public_record""}"
R001084,P258,P260,FAMILY,0.68,2026-03-16T10:54:31,"{""relationship_note"": ""Family relation recorded"", ""source_type"": ""public_record""}"
R001085,P360,P359,PARTNER,0.8,2026-06-09T08:54:45,"{""relationship_note"": ""Family relation recorded"", ""source_type"": ""public_record""}"
R001086,V077,LOC037,SEEN_AT,0.9,2026-08-08T09:26:32,"{""observation"": ""Vehicle observed in use"", ""source_type"": ""CCTV""}"
R001087,P389,LOC097,RESIDES_AT,0.82,2025-11-10T15:35:06,"{""since"": ""2026-01-02"", ""source_type"": ""registration_record""}"
R001088,P413,PH059,USED_PHONE,0.61,2026-08-15T05:03:38,"{""observation"": ""Device usage recorded"", ""source_type"": ""telecom_record""}"
R001089,P259,V142,OWNS_VEHICLE,0.87,2026-01-04T12:10:12,"{""registration_status"": ""active"", ""source_type"": ""vehicle_registry""}"
R001090,P369,V081,USED_VEHICLE,0.91,2025-12-25T09:08:26,"{""observation"": ""Vehicle observed in use"", ""source_type"": ""CCTV""}"
R001091,P224,P212,EMPLOYED_WITH,0.93,2026-06-27T02:34:05,"{""context"": ""Shared employment recorded"", ""source_type"": ""employment_record""}"
R001092,P318,P333,MET,0.84,2026-07-28T01:40:59,"{""details"": ""Brief meeting observed"", ""source_type"": ""surveillance"", ""verified"": false}"
R001093,P443,P436,LOCATED_WITH,0.89,2025-01-19T01:13:19,"{""observation_note"": ""Presence recorded at location"", ""source_type"": ""location_record""}"
R001094,P479,ORG027,VISITED_ORG,0.96,2026-03-22T17:52:29,"{""duration_minutes"": 21, ""source_type"": ""location_record""}"
R001095,P258,P268,MEMBER_OF,0.81,2025-05-27T06:53:14,"{""context"": ""Shared membership recorded"", ""source_type"": ""field_report""}"
R001096,P099,P095,CALLED,0.59,2025-05-14T03:34:07,"{""duration_seconds"": 299, ""source_type"": ""call_record"", ""verified"": false}"
R001097,P367,P215,FAMILY,0.55,2026-03-03T19:32:02,"{""relationship_note"": ""Partner relation recorded"", ""source_type"": ""public_record""}"
R001098,P413,P407,EMPLOYED_WITH,0.9,2025-02-23T09:50:06,"{""context"": ""Shared employment recorded"", ""source_type"": ""employment_record""}"
R001099,P288,PH129,CALLED,0.85,2025-05-04T07:53:49,"{""duration_seconds"": 1894, ""source_type"": ""call_record"", ""verified"": false}"
R001100,P115,P120,MEMBER_OF,0.95,2026-05-05T11:08:42,"{""context"": ""Shared membership recorded"", ""source_type"": ""field_report""}"
R001101,P285,ORG095,VISITED_ORG,0.54,2025-12-24T10:50:05,"{""duration_minutes"": 170, ""source_type"": ""location_record""}"
R001102,P333,ORG092,ASSOCIATED_WITH,0.89,2025-12-21T10:10:19,"{""context"": ""Indirect association noted as an analytical lead, not confirmed activity"", ""source_type"": ""informant_tip"", ""verified"": false}"
R001103,P426,P441,EMPLOYED_WITH,0.82,2025-05-17T00:35:26,"{""context"": ""Shared employment recorded"", ""source_type"": ""employment_record""}"
R001104,P333,PH012,MESSAGED,0.62,2025-03-16T04:53:09,"{""message_count"": 41, ""source_type"": ""communication_record""}"
R001105,P436,P450,TRAVELED_WITH,0.95,2026-05-03T20:19:10,"{""context"": ""Joint travel recorded"", ""source_type"": ""travel_record""}"
R001106,P046,P047,TRAVELED_WITH,0.55,2026-08-15T18:06:52,"{""context"": ""Joint travel recorded"", ""source_type"": ""travel_record""}"
R001107,P224,V065,USED_VEHICLE,0.6,2025-09-11T05:19:31,"{""observation"": ""Vehicle observed in use"", ""source_type"": ""CCTV""}"
R001108,P325,P311,CALLED,0.92,2025-01-21T18:03:26,"{""duration_seconds"": 1639, ""source_type"": ""call_record"", ""verified"": true}"
R001109,P360,P353,MESSAGED,0.82,2025-03-31T01:50:26,"{""message_count"": 113, ""source_type"": ""communication_record""}"
R001110,P006,P011,MESSAGED,0.86,2025-08-05T19:34:54,"{""message_count"": 44, ""source_type"": ""communication_record""}"
R001111,P086,P082,MET,0.94,2026-08-17T02:19:53,"{""details"": ""Extended meeting recorded"", ""source_type"": ""surveillance"", ""verified"": true}"
R001112,P309,P304,SUSPECTED_ASSOCIATE,0.65,2025-02-07T02:14:12,"{""context"": ""Indirect association noted as an analytical lead, not confirmed activity"", ""source_type"": ""informant_tip"", ""verified"": false}"
R001113,P367,P180,MET,0.51,2026-05-23T11:35:01,"{""details"": ""Meeting recorded at location"", ""source_type"": ""surveillance"", ""verified"": false}"
R001114,P112,LOC013,VISITED,0.89,2026-06-13T03:21:51,"{""duration_minutes"": 217, ""source_type"": ""location_record""}"
R001115,P021,PH132,USED_PHONE,0.55,2026-07-17T08:33:09,"{""observation"": ""Device usage recorded"", ""source_type"": ""telecom_record""}"
R001116,P109,P115,SUSPECTED_ASSOCIATE,0.66,2026-05-10T20:09:57,"{""context"": ""Indirect association noted as an analytical lead, not confirmed activity"", ""source_type"": ""informant_tip"", ""verified"": false}"
R001117,P080,P098,PARTNER,0.64,2026-08-07T20:58:14,"{""relationship_note"": ""Partner relation recorded"", ""source_type"": ""public_record""}"
R001118,P296,P051,EMPLOYED_WITH,0.92,2025-06-19T18:16:10,"{""context"": ""Shared employment recorded"", ""source_type"": ""employment_record""}"
R001119,P304,P324,LOCATED_WITH,0.59,2025-03-15T14:10:00,"{""observation_note"": ""Presence recorded at location"", ""source_type"": ""location_record""}"
R001120,P476,V124,USED_VEHICLE,0.53,2026-06-19T02:15:39,"{""observation"": ""Vehicle observed in use"", ""source_type"": ""CCTV""}"
R001121,P309,P320,MEMBER_OF,0.51,2026-03-31T09:52:42,"{""context"": ""Shared membership recorded"", ""source_type"": ""field_report""}"
R001122,P358,P371,CALLED,0.57,2026-08-13T11:41:10,"{""duration_seconds"": 2057, ""source_type"": ""call_record"", ""verified"": false}"
R001123,P113,P116,ASSOCIATED,0.66,2025-10-19T20:26:57,"{""context"": ""Indirect association noted as an analytical lead, not confirmed activity"", ""source_type"": ""informant_tip"", ""verified"": false}"
R001124,P476,P486,MET,0.61,2026-05-15T21:36:43,"{""details"": ""Extended meeting recorded"", ""source_type"": ""surveillance"", ""verified"": false}"
R001125,P175,P164,TRAVELED_WITH,0.62,2025-06-09T20:42:54,"{""context"": ""Joint travel recorded"", ""source_type"": ""travel_record""}"
R001126,P299,PH098,USED_PHONE,0.76,2026-07-13T20:29:36,"{""observation"": ""Device usage recorded"", ""source_type"": ""telecom_record""}"
R001127,P052,P076,MET,0.59,2026-05-05T03:59:49,"{""details"": ""Extended meeting recorded"", ""source_type"": ""surveillance"", ""verified"": true}"
R001128,P099,ACC141,OWNS_ACCOUNT,0.91,2025-04-08T12:37:36,"{""account_status"": ""active"", ""source_type"": ""financial_registry""}"
R001129,P217,ACC120,OWNS_ACCOUNT,0.65,2025-07-03T13:08:24,"{""account_status"": ""active"", ""source_type"": ""financial_registry""}"
R001130,P099,V064,USED_VEHICLE,0.65,2025-07-10T05:43:55,"{""observation"": ""Vehicle observed in use"", ""source_type"": ""CCTV""}"
R001131,P369,P387,ASSOCIATED,0.58,2026-05-09T16:30:47,"{""context"": ""Indirect association noted as an analytical lead, not confirmed activity"", ""source_type"": ""informant_tip"", ""verified"": false}"
R001132,P367,P353,LOCATED_WITH,0.95,2026-04-05T15:26:40,"{""observation_note"": ""Presence recorded at location"", ""source_type"": ""location_record""}"
R001133,P120,P115,TRAVELED_WITH,0.54,2026-06-03T23:17:48,"{""context"": ""Joint travel recorded"", ""source_type"": ""travel_record""}"
R001134,P102,P118,ASSOCIATED,0.68,2025-12-31T11:36:43,"{""context"": ""Indirect association noted as an analytical lead, not confirmed activity"", ""source_type"": ""informant_tip"", ""verified"": false}"
R001135,P180,P221,EMPLOYED_WITH,0.52,2026-08-21T10:47:48,"{""context"": ""Shared employment recorded"", ""source_type"": ""employment_record""}"
R001136,P103,ACC112,TRANSFERRED_TO,0.97,2025-10-26T21:40:36,"{""amount"": 404867, ""currency"": ""INR"", ""transaction_type"": ""wire_transfer""}"
R001137,P333,P340,SUSPECTED_ASSOCIATE,0.62,2026-01-15T12:34:16,"{""context"": ""Indirect association noted as an analytical lead, not confirmed activity"", ""source_type"": ""informant_tip"", ""verified"": false}"
R001138,P014,P005,SUSPECTED_ASSOCIATE,0.72,2025-10-08T17:15:02,"{""context"": ""Indirect association noted as an analytical lead, not confirmed activity"", ""source_type"": ""informant_tip"", ""verified"": false}"
R001139,P299,PH170,USED_PHONE,0.91,2025-07-17T12:16:21,"{""observation"": ""Device usage recorded"", ""source_type"": ""telecom_record""}"
R001140,P437,P445,CALLED,0.54,2026-08-22T19:57:47,"{""duration_seconds"": 788, ""source_type"": ""call_record"", ""verified"": false}"
R001141,P244,P238,FAMILY,0.86,2025-11-28T13:27:39,"{""relationship_note"": ""Family relation recorded"", ""source_type"": ""public_record""}"
R001142,P129,P150,PARTNER,0.65,2026-03-21T18:15:20,"{""relationship_note"": ""Family relation recorded"", ""source_type"": ""public_record""}"
R001143,P029,LOC090,VISITED,0.7,2025-01-02T05:25:36,"{""duration_minutes"": 111, ""source_type"": ""location_record""}"
R001144,P099,PH096,MESSAGED,0.59,2026-07-24T08:53:51,"{""message_count"": 35, ""source_type"": ""communication_record""}"
R001145,P224,P206,TRAVELED_WITH,0.87,2025-05-22T08:26:01,"{""context"": ""Joint travel recorded"", ""source_type"": ""travel_record""}"
R001146,P482,LOC053,TRAVELED_TO,0.72,2025-05-30T00:59:33,"{""mode"": ""air"", ""source_type"": ""travel_record""}"
R001147,P360,P364,MESSAGED,0.64,2026-05-10T07:58:58,"{""message_count"": 88, ""source_type"": ""communication_record""}"
R001148,P363,P359,MEMBER_OF,0.5,2025-07-02T08:37:07,"{""context"": ""Shared membership recorded"", ""source_type"": ""field_report""}"
R001149,P369,P392,CALLED,0.87,2025-02-02T12:18:53,"{""duration_seconds"": 2005, ""source_type"": ""call_record"", ""verified"": false}"
R001150,P161,V088,USED_VEHICLE,0.99,2026-04-15T10:18:08,"{""observation"": ""Vehicle observed in use"", ""source_type"": ""CCTV""}"
R001151,P180,LOC008,RESIDES_AT,0.98,2025-10-08T13:27:14,"{""since"": ""2025-09-14"", ""source_type"": ""registration_record""}"
R001152,P414,LOC052,RESIDES_AT,0.86,2025-01-03T09:30:08,"{""since"": ""2025-04-18"", ""source_type"": ""registration_record""}"
R001153,P333,P338,TRAVELED_WITH,0.84,2025-04-06T10:55:12,"{""context"": ""Joint travel recorded"", ""source_type"": ""travel_record""}"
R001154,P318,ORG001,VISITED_ORG,0.98,2026-02-04T22:41:33,"{""duration_minutes"": 213, ""source_type"": ""location_record""}"
R001155,P467,P473,PARTNER,0.8,2026-05-08T06:27:54,"{""relationship_note"": ""Partner relation recorded"", ""source_type"": ""public_record""}"
R001156,P217,V122,USED_VEHICLE,0.98,2025-03-05T04:49:56,"{""observation"": ""Vehicle observed in use"", ""source_type"": ""CCTV""}"
R001157,P142,LOC025,RESIDES_AT,0.85,2025-03-20T00:37:49,"{""since"": ""2026-02-08"", ""source_type"": ""registration_record""}"
R001158,P071,ORG012,WORKS_FOR,0.65,2026-07-11T15:36:56,"{""role"": ""Advisor"", ""source_type"": ""employment_record""}"
R001159,PH030,PH124,COMMUNICATED_WITH,0.82,2025-12-29T13:50:22,"{""contact_count"": 31, ""source_type"": ""telecom_record""}"
R001160,P051,P014,SUSPECTED_ASSOCIATE,0.66,2025-05-13T09:06:05,"{""context"": ""Indirect association noted as an analytical lead, not confirmed activity"", ""source_type"": ""informant_tip"", ""verified"": false}"
R001161,P318,P320,ASSOCIATED,0.95,2025-08-06T18:14:56,"{""context"": ""Indirect association noted as an analytical lead, not confirmed activity"", ""source_type"": ""informant_tip"", ""verified"": false}"
R001162,P373,PH086,OWNS_PHONE,0.93,2026-01-18T02:46:35,"{""registration_status"": ""active"", ""source_type"": ""telecom_registry""}"
R001163,P309,ACC097,OWNS_ACCOUNT,0.95,2026-08-19T05:33:51,"{""account_status"": ""active"", ""source_type"": ""financial_registry""}"
R001164,P315,V144,USED_VEHICLE,0.97,2026-07-18T03:30:11,"{""observation"": ""Vehicle observed in use"", ""source_type"": ""CCTV""}"
R001165,P139,P136,ASSOCIATED,0.96,2025-07-01T06:17:04,"{""context"": ""Indirect association noted as an analytical lead, not confirmed activity"", ""source_type"": ""informant_tip"", ""verified"": false}"
R001166,P180,V081,TRAVELED_IN,0.97,2025-04-01T04:22:36,"{""trip_note"": ""Travel recorded together"", ""source_type"": ""field_report""}"
R001167,P070,P054,FAMILY,0.66,2026-05-23T20:58:40,"{""relationship_note"": ""Partner relation recorded"", ""source_type"": ""public_record""}"
R001168,P318,LOC076,WORKS_AT,0.61,2025-04-09T02:32:23,"{""role"": ""Contractor"", ""source_type"": ""employment_record""}"
R001169,P328,P365,PARTNER,0.74,2025-12-24T18:15:28,"{""relationship_note"": ""Partner relation recorded"", ""source_type"": ""public_record""}"
R001170,P404,P402,MESSAGED,0.65,2025-08-09T02:49:30,"{""message_count"": 32, ""source_type"": ""communication_record""}"
R001171,P396,P399,LOCATED_WITH,0.53,2026-07-03T18:31:46,"{""observation_note"": ""Presence recorded at location"", ""source_type"": ""location_record""}"
R001172,P403,LOC029,LOCATED_AT,0.84,2025-04-29T14:34:33,"{""observation_note"": ""Presence recorded at location"", ""source_type"": ""location_record""}"
R001173,P354,P373,MESSAGED,0.58,2026-08-26T18:24:38,"{""message_count"": 6, ""source_type"": ""communication_record""}"
R001174,P490,P488,EMPLOYED_WITH,0.86,2025-09-20T01:46:51,"{""context"": ""Shared employment recorded"", ""source_type"": ""employment_record""}"
R001175,P075,P069,TRAVELED_WITH,0.53,2025-06-01T12:46:54,"{""context"": ""Joint travel recorded"", ""source_type"": ""travel_record""}"
R001176,P316,ACC148,TRANSACTION_WITH,0.57,2025-08-25T04:21:01,"{""amount"": 365381, ""currency"": ""INR"", ""transaction_type"": ""upi_transfer""}"
R001177,P360,P351,ASSOCIATED,0.92,2025-04-23T11:41:39,"{""context"": ""Indirect association noted as an analytical lead, not confirmed activity"", ""source_type"": ""informant_tip"", ""verified"": false}"
R001178,P217,P202,EMPLOYED_WITH,0.98,2025-04-25T15:33:54,"{""context"": ""Shared employment recorded"", ""source_type"": ""employment_record""}"
R001179,P311,P305,CALLED,0.7,2025-02-10T18:09:04,"{""duration_seconds"": 154, ""source_type"": ""call_record"", ""verified"": true}"
R001180,P453,P464,FAMILY,0.99,2026-01-15T12:38:48,"{""relationship_note"": ""Family relation recorded"", ""source_type"": ""public_record""}"
R001181,P133,V114,USED_VEHICLE,0.68,2026-05-21T02:40:28,"{""observation"": ""Vehicle observed in use"", ""source_type"": ""CCTV""}"
R001182,P318,P301,CALLED,0.98,2025-03-06T04:27:54,"{""duration_seconds"": 1979, ""source_type"": ""call_record"", ""verified"": false}"
R001183,P186,PH166,USED_PHONE,0.84,2025-03-15T10:36:00,"{""observation"": ""Device usage recorded"", ""source_type"": ""telecom_record""}"
R001184,P339,P271,CALLED,0.84,2025-04-08T06:34:35,"{""duration_seconds"": 1627, ""source_type"": ""call_record"", ""verified"": false}"
R001185,P369,P400,TRAVELED_WITH,0.82,2026-03-31T03:59:58,"{""context"": ""Joint travel recorded"", ""source_type"": ""travel_record""}"
R001186,P158,P195,MESSAGED,0.56,2026-04-11T08:04:55,"{""message_count"": 33, ""source_type"": ""communication_record""}"
R001187,P416,P417,MESSAGED,0.52,2026-05-22T22:06:02,"{""message_count"": 32, ""source_type"": ""communication_record""}"
R001188,P475,P458,TRAVELED_WITH,0.96,2025-10-10T09:14:34,"{""context"": ""Joint travel recorded"", ""source_type"": ""travel_record""}"
R001189,P082,P087,SUSPECTED_ASSOCIATE,0.98,2025-08-16T21:18:47,"{""context"": ""Indirect association noted as an analytical lead, not confirmed activity"", ""source_type"": ""informant_tip"", ""verified"": false}"
R001190,P367,P357,TRAVELED_WITH,0.8,2025-07-17T03:04:37,"{""context"": ""Joint travel recorded"", ""source_type"": ""travel_record""}"
R001191,P225,P026,FAMILY,0.77,2025-10-06T21:27:35,"{""relationship_note"": ""Partner relation recorded"", ""source_type"": ""public_record""}"
R001192,P453,P474,EMPLOYED_WITH,0.6,2025-05-07T20:29:37,"{""context"": ""Shared employment recorded"", ""source_type"": ""employment_record""}"
R001193,P340,PH145,USED_PHONE,0.82,2025-07-29T05:58:26,"{""observation"": ""Device usage recorded"", ""source_type"": ""telecom_record""}"
R001194,P215,LOC020,LOCATED_AT,0.66,2026-04-15T20:59:11,"{""observation_note"": ""Presence recorded at location"", ""source_type"": ""location_record""}"
R001195,P461,LOC032,VISITED,0.54,2025-10-22T07:59:20,"{""duration_minutes"": 36, ""source_type"": ""location_record""}"
R001196,P158,P186,TRAVELED_WITH,0.57,2026-06-16T06:17:50,"{""context"": ""Joint travel recorded"", ""source_type"": ""travel_record""}"
R001197,P051,LOC029,VISITED,0.69,2025-08-01T13:08:45,"{""duration_minutes"": 31, ""source_type"": ""location_record""}"
R001198,P259,LOC040,LOCATED_AT,0.79,2025-04-06T22:16:19,"{""observation_note"": ""Presence recorded at location"", ""source_type"": ""location_record""}"
R001199,P175,LOC074,WORKS_AT,0.92,2025-03-16T05:00:18,"{""role"": ""Advisor"", ""source_type"": ""employment_record""}"
R001200,P453,P487,MET,0.83,2025-03-18T22:43:36,"{""details"": ""Extended meeting recorded"", ""source_type"": ""surveillance"", ""verified"": false}"
R001201,P175,P169,FAMILY,0.82,2025-04-10T02:07:05,"{""relationship_note"": ""Family relation recorded"", ""source_type"": ""public_record""}"
R001202,P224,P204,FAMILY,0.68,2026-07-26T05:16:00,"{""relationship_note"": ""Family relation recorded"", ""source_type"": ""public_record""}"
R001203,P102,PH091,MESSAGED,0.89,2025-11-21T20:37:42,"{""message_count"": 129, ""source_type"": ""communication_record""}"
R001204,P415,P410,TRAVELED_WITH,0.54,2025-11-29T06:07:08,"{""context"": ""Joint travel recorded"", ""source_type"": ""travel_record""}"
R001205,P308,P309,PARTNER,0.54,2026-03-13T17:57:24,"{""relationship_note"": ""Partner relation recorded"", ""source_type"": ""public_record""}"
R001206,P216,P225,MET,0.74,2026-01-18T19:23:59,"{""details"": ""Extended meeting recorded"", ""source_type"": ""surveillance"", ""verified"": true}"
R001207,P360,P374,ASSOCIATED,0.67,2026-04-24T16:24:54,"{""context"": ""Indirect association noted as an analytical lead, not confirmed activity"", ""source_type"": ""informant_tip"", ""verified"": false}"
R001208,ORG058,ORG022,TRANSACTION_WITH,0.83,2026-05-29T13:10:43,"{""amount"": 462885, ""currency"": ""INR"", ""transaction_type"": ""cash_deposit""}"
R001209,P453,P488,MESSAGED,0.98,2025-10-13T02:19:31,"{""message_count"": 87, ""source_type"": ""communication_record""}"
R001210,P138,ORG062,WORKS_FOR,0.64,2025-07-13T23:57:40,"{""role"": ""Manager"", ""source_type"": ""employment_record""}"
R001211,P444,P455,LOCATED_WITH,0.94,2026-05-06T05:58:54,"{""observation_note"": ""Presence recorded at location"", ""source_type"": ""location_record""}"
R001212,P022,ACC002,TRANSACTION_WITH,0.8,2026-04-25T19:40:12,"{""amount"": 172755, ""currency"": ""INR"", ""transaction_type"": ""wire_transfer""}"
R001213,P102,P105,PARTNER,0.6,2025-01-05T00:05:06,"{""relationship_note"": ""Family relation recorded"", ""source_type"": ""public_record""}"
R001214,P318,P338,MET,0.68,2026-01-14T14:01:16,"{""details"": ""Meeting recorded at location"", ""source_type"": ""surveillance"", ""verified"": false}"
R001215,P280,P286,SUSPECTED_ASSOCIATE,0.69,2025-02-15T03:11:26,"{""context"": ""Indirect association noted as an analytical lead, not confirmed activity"", ""source_type"": ""informant_tip"", ""verified"": false}"
R001216,P318,V123,OWNS_VEHICLE,0.97,2025-01-25T13:11:19,"{""registration_status"": ""active"", ""source_type"": ""vehicle_registry""}"
R001217,ACC141,ACC127,TRANSACTION_WITH,0.89,2025-04-03T06:26:56,"{""amount"": 375009, ""currency"": ""INR"", ""transaction_type"": ""cash_deposit""}"
R001218,P444,P438,EMPLOYED_WITH,0.97,2026-08-17T17:18:46,"{""context"": ""Shared employment recorded"", ""source_type"": ""employment_record""}"
R001219,P170,LOC002,LOCATED_AT,0.88,2025-04-08T23:06:50,"{""observation_note"": ""Presence recorded at location"", ""source_type"": ""location_record""}"
R001220,P294,P291,PARTNER,0.74,2026-06-11T20:37:14,"{""relationship_note"": ""Partner relation recorded"", ""source_type"": ""public_record""}"
R001221,P133,P159,TRAVELED_WITH,0.62,2025-04-29T10:43:34,"{""context"": ""Joint travel recorded"", ""source_type"": ""travel_record""}"
R001222,P333,LOC014,RESIDES_AT,0.84,2025-06-04T02:40:34,"{""since"": ""2026-01-26"", ""source_type"": ""registration_record""}"
R001223,P113,PH034,USED_PHONE,0.7,2025-05-27T13:02:41,"{""observation"": ""Device usage recorded"", ""source_type"": ""telecom_record""}"
R001224,P302,P303,MESSAGED,0.76,2025-05-30T06:26:46,"{""message_count"": 60, ""source_type"": ""communication_record""}"
R001225,P109,P133,MEMBER_OF,0.68,2026-04-23T21:10:38,"{""context"": ""Shared membership recorded"", ""source_type"": ""field_report""}"
R001226,P119,ACC013,TRANSACTION_WITH,0.59,2026-07-07T16:55:01,"{""amount"": 780, ""currency"": ""INR"", ""transaction_type"": ""bank_transfer""}"
R001227,P133,PH072,USED_PHONE,0.95,2025-09-07T19:47:48,"{""observation"": ""Device usage recorded"", ""source_type"": ""telecom_record""}"
R001228,P177,P180,FAMILY,0.92,2026-07-30T05:01:13,"{""relationship_note"": ""Partner relation recorded"", ""source_type"": ""public_record""}"
R001229,P180,P183,LOCATED_WITH,0.56,2026-03-23T06:05:56,"{""observation_note"": ""Presence recorded at location"", ""source_type"": ""location_record""}"
R001230,P288,V049,OWNS_VEHICLE,0.59,2025-04-04T11:34:03,"{""registration_status"": ""active"", ""source_type"": ""vehicle_registry""}"
R001231,P302,P317,CALLED,0.6,2025-03-18T14:44:04,"{""duration_seconds"": 2967, ""source_type"": ""call_record"", ""verified"": true}"
R001232,P120,P409,EMPLOYED_WITH,0.98,2025-05-29T21:40:20,"{""context"": ""Shared employment recorded"", ""source_type"": ""employment_record""}"
R001233,P430,ORG009,WORKS_FOR,0.74,2025-12-15T08:18:52,"{""role"": ""Advisor"", ""source_type"": ""employment_record""}"
R001234,P099,ACC071,OWNS_ACCOUNT,0.84,2026-01-27T08:48:24,"{""account_status"": ""active"", ""source_type"": ""financial_registry""}"
R001235,P306,P312,LOCATED_WITH,0.9,2025-02-05T07:09:37,"{""observation_note"": ""Presence recorded at location"", ""source_type"": ""location_record""}"
R001236,P099,P088,TRAVELED_WITH,0.69,2026-02-18T13:57:26,"{""context"": ""Joint travel recorded"", ""source_type"": ""travel_record""}"
R001237,P004,PH147,USED_PHONE,0.61,2025-06-10T17:21:14,"{""observation"": ""Device usage recorded"", ""source_type"": ""telecom_record""}"
R001238,P248,PH185,MESSAGED,0.76,2026-02-03T07:12:15,"{""message_count"": 78, ""source_type"": ""communication_record""}"
R001239,P273,LOC022,TRAVELED_TO,0.61,2025-08-19T04:37:10,"{""mode"": ""air"", ""source_type"": ""travel_record""}"
R001240,P278,P294,SUSPECTED_ASSOCIATE,0.57,2025-01-31T08:42:10,"{""context"": ""Indirect association noted as an analytical lead, not confirmed activity"", ""source_type"": ""informant_tip"", ""verified"": false}"
R001241,P489,ORG027,MEMBER_OF,0.76,2025-02-10T00:24:06,"{""context"": ""Shared membership recorded"", ""source_type"": ""field_report""}"
R001242,P180,P223,SUSPECTED_ASSOCIATE,0.7,2026-03-28T13:04:29,"{""context"": ""Indirect association noted as an analytical lead, not confirmed activity"", ""source_type"": ""informant_tip"", ""verified"": false}"
R001243,P302,PH003,OWNS_PHONE,0.9,2025-09-10T03:38:15,"{""registration_status"": ""active"", ""source_type"": ""telecom_registry""}"
R001244,P004,P020,MESSAGED,0.87,2025-08-06T05:47:45,"{""message_count"": 98, ""source_type"": ""communication_record""}"
R001245,P389,ACC057,TRANSFERRED_TO,0.66,2025-07-19T21:15:41,"{""amount"": 107412, ""currency"": ""INR"", ""transaction_type"": ""upi_transfer""}"
R001246,P426,P456,EMPLOYED_WITH,0.9,2025-06-29T23:37:56,"{""context"": ""Shared employment recorded"", ""source_type"": ""employment_record""}"
R001247,P101,P111,MEMBER_OF,0.59,2026-03-19T11:11:40,"{""context"": ""Shared membership recorded"", ""source_type"": ""field_report""}"
R001248,P270,P273,ASSOCIATED,0.72,2026-04-18T02:37:29,"{""context"": ""Indirect association noted as an analytical lead, not confirmed activity"", ""source_type"": ""informant_tip"", ""verified"": false}"
R001249,P351,PH036,OWNS_PHONE,0.86,2025-11-09T15:13:26,"{""registration_status"": ""active"", ""source_type"": ""telecom_registry""}"
R001250,P180,LOC003,VISITED,0.55,2026-04-14T14:12:22,"{""duration_minutes"": 8, ""source_type"": ""location_record""}"
R001251,P076,V022,OWNS_VEHICLE,0.63,2026-05-16T14:01:02,"{""registration_status"": ""active"", ""source_type"": ""vehicle_registry""}"
R001252,P370,ACC003,OWNS_ACCOUNT,0.97,2026-04-11T18:02:50,"{""account_status"": ""active"", ""source_type"": ""financial_registry""}"
R001253,P038,P045,PARTNER,0.9,2026-07-26T18:29:09,"{""relationship_note"": ""Partner relation recorded"", ""source_type"": ""public_record""}"
R001254,P306,P312,ASSOCIATED,0.77,2025-05-01T00:20:13,"{""context"": ""Indirect association noted as an analytical lead, not confirmed activity"", ""source_type"": ""informant_tip"", ""verified"": false}"
R001255,P280,P290,CALLED,0.67,2025-02-18T14:01:15,"{""duration_seconds"": 1189, ""source_type"": ""call_record"", ""verified"": true}"
R001256,P328,ACC184,TRANSACTION_WITH,0.9,2026-06-16T14:27:59,"{""amount"": 59434, ""currency"": ""INR"", ""transaction_type"": ""upi_transfer""}"
R001257,P328,P365,ASSOCIATED,0.8,2025-03-27T13:04:38,"{""context"": ""Indirect association noted as an analytical lead, not confirmed activity"", ""source_type"": ""informant_tip"", ""verified"": false}"
R001258,P099,P095,MET,0.71,2025-03-07T20:52:00,"{""details"": ""Extended meeting recorded"", ""source_type"": ""surveillance"", ""verified"": false}"
R001259,P415,PH070,CALLED,0.95,2025-08-11T22:10:16,"{""duration_seconds"": 2725, ""source_type"": ""call_record"", ""verified"": false}"
R001260,P369,ACC039,OWNS_ACCOUNT,0.88,2026-07-07T11:43:03,"{""account_status"": ""active"", ""source_type"": ""financial_registry""}"
R001261,P375,P389,EMPLOYED_WITH,0.71,2025-04-25T18:49:20,"{""context"": ""Shared employment recorded"", ""source_type"": ""employment_record""}"
R001262,P158,V033,OWNS_VEHICLE,0.59,2025-04-23T08:48:13,"{""registration_status"": ""active"", ""source_type"": ""vehicle_registry""}"
R001263,P331,P347,MEMBER_OF,0.89,2025-09-06T00:28:39,"{""context"": ""Shared membership recorded"", ""source_type"": ""field_report""}"
R001264,P215,PH128,MESSAGED,0.76,2025-07-11T00:03:34,"{""message_count"": 127, ""source_type"": ""communication_record""}"
R001265,P182,P186,EMPLOYED_WITH,0.78,2025-06-28T17:38:43,"{""context"": ""Shared employment recorded"", ""source_type"": ""employment_record""}"
R001266,P333,PH061,USED_PHONE,0.68,2026-08-05T05:00:55,"{""observation"": ""Device usage recorded"", ""source_type"": ""telecom_record""}"
R001267,P454,P024,PARTNER,0.92,2025-01-14T07:47:09,"{""relationship_note"": ""Family relation recorded"", ""source_type"": ""public_record""}"
R001268,P433,P434,TRAVELED_WITH,0.84,2026-07-15T16:58:22,"{""context"": ""Joint travel recorded"", ""source_type"": ""travel_record""}"
R001269,P333,P328,EMPLOYED_WITH,0.79,2025-01-21T11:08:29,"{""context"": ""Shared employment recorded"", ""source_type"": ""employment_record""}"
R001270,P215,P205,PARTNER,0.78,2025-04-25T02:09:57,"{""relationship_note"": ""Partner relation recorded"", ""source_type"": ""public_record""}"
R001271,P360,P361,MEMBER_OF,0.85,2025-05-22T16:38:21,"{""context"": ""Shared membership recorded"", ""source_type"": ""field_report""}"
R001272,P088,P014,MET,0.75,2026-05-16T20:49:19,"{""details"": ""Meeting recorded at location"", ""source_type"": ""surveillance"", ""verified"": false}"
R001273,P275,LOC034,RESIDES_AT,0.95,2026-06-13T02:19:14,"{""since"": ""2026-01-25"", ""source_type"": ""registration_record""}"
R001274,P132,P139,EMPLOYED_WITH,0.56,2025-06-26T13:27:21,"{""context"": ""Shared employment recorded"", ""source_type"": ""employment_record""}"
R001275,P102,P119,MET,0.54,2026-04-26T19:48:43,"{""details"": ""Extended meeting recorded"", ""source_type"": ""surveillance"", ""verified"": false}"
R001276,P182,P188,SUSPECTED_ASSOCIATE,0.6,2026-05-22T23:12:32,"{""context"": ""Indirect association noted as an analytical lead, not confirmed activity"", ""source_type"": ""informant_tip"", ""verified"": false}"
R001277,P402,P435,PARTNER,0.55,2025-03-02T10:27:25,"{""relationship_note"": ""Family relation recorded"", ""source_type"": ""public_record""}"
R001278,P109,P113,FAMILY,0.78,2026-03-11T07:31:48,"{""relationship_note"": ""Partner relation recorded"", ""source_type"": ""public_record""}"
R001279,P004,P011,CALLED,0.75,2025-09-02T08:12:06,"{""duration_seconds"": 1303, ""source_type"": ""call_record"", ""verified"": false}"
R001280,P324,V085,TRAVELED_IN,0.7,2025-04-11T14:22:11,"{""trip_note"": ""Travel recorded together"", ""source_type"": ""field_report""}"
R001281,P386,V039,TRAVELED_IN,0.51,2025-03-20T10:49:48,"{""trip_note"": ""Travel recorded together"", ""source_type"": ""field_report""}"
R001282,P413,LOC005,WORKS_AT,0.64,2026-01-06T11:02:56,"{""role"": ""Manager"", ""source_type"": ""employment_record""}"
R001283,P453,PH060,OWNS_PHONE,0.93,2025-03-03T04:03:34,"{""registration_status"": ""active"", ""source_type"": ""telecom_registry""}"
R001284,P367,LOC021,LOCATED_AT,0.99,2026-05-24T03:32:51,"{""observation_note"": ""Presence recorded at location"", ""source_type"": ""location_record""}"
R001285,P446,P430,LOCATED_WITH,0.68,2026-07-21T00:20:14,"{""observation_note"": ""Presence recorded at location"", ""source_type"": ""location_record""}"
R001286,P422,LOC100,VISITED,0.83,2025-12-01T16:35:06,"{""duration_minutes"": 66, ""source_type"": ""location_record""}"
R001287,P028,P049,LOCATED_WITH,0.99,2026-04-20T02:26:33,"{""observation_note"": ""Presence recorded at location"", ""source_type"": ""location_record""}"
R001288,P146,P375,MESSAGED,0.74,2025-01-12T14:32:04,"{""message_count"": 117, ""source_type"": ""communication_record""}"
R001289,P258,P268,MESSAGED,0.54,2025-08-18T14:32:09,"{""message_count"": 46, ""source_type"": ""communication_record""}"
R001290,P485,V066,USED_VEHICLE,0.87,2025-12-24T20:50:15,"{""observation"": ""Vehicle observed in use"", ""source_type"": ""CCTV""}"
R001291,P231,P236,CALLED,0.92,2025-04-20T02:07:34,"{""duration_seconds"": 2802, ""source_type"": ""call_record"", ""verified"": true}"
R001292,P180,P193,LOCATED_WITH,0.99,2026-02-03T01:18:20,"{""observation_note"": ""Presence recorded at location"", ""source_type"": ""location_record""}"
R001293,P116,P101,MET,0.55,2026-05-16T02:32:48,"{""details"": ""Brief meeting observed"", ""source_type"": ""surveillance"", ""verified"": true}"
R001294,P229,P265,ASSOCIATED,0.76,2025-02-26T16:25:16,"{""context"": ""Indirect association noted as an analytical lead, not confirmed activity"", ""source_type"": ""informant_tip"", ""verified"": false}"
R001295,P101,LOC014,VISITED,0.95,2025-03-26T18:07:35,"{""duration_minutes"": 106, ""source_type"": ""location_record""}"
R001296,P158,V082,USED_VEHICLE,0.67,2025-06-04T22:24:32,"{""observation"": ""Vehicle observed in use"", ""source_type"": ""CCTV""}"
R001297,P056,PH117,MESSAGED,0.52,2025-06-15T03:48:25,"{""message_count"": 40, ""source_type"": ""communication_record""}"
R001298,P157,ACC009,TRANSFERRED_TO,0.98,2025-04-24T00:34:25,"{""amount"": 406406, ""currency"": ""INR"", ""transaction_type"": ""upi_transfer""}"
R001299,P110,P101,EMPLOYED_WITH,0.83,2025-10-08T18:42:48,"{""context"": ""Shared employment recorded"", ""source_type"": ""employment_record""}"
R001300,P270,P273,MESSAGED,0.54,2026-05-09T18:04:12,"{""message_count"": 116, ""source_type"": ""communication_record""}"
R001301,P318,ORG034,MEMBER_OF,0.59,2026-02-12T14:34:11,"{""context"": ""Shared membership recorded"", ""source_type"": ""field_report""}"
R001302,P143,P139,PARTNER,0.58,2026-08-01T19:26:23,"{""relationship_note"": ""Partner relation recorded"", ""source_type"": ""public_record""}"
R001303,P004,P021,LOCATED_WITH,0.85,2026-06-23T04:37:08,"{""observation_note"": ""Presence recorded at location"", ""source_type"": ""location_record""}"
R001304,P390,P400,PARTNER,0.51,2025-04-23T07:51:38,"{""relationship_note"": ""Partner relation recorded"", ""source_type"": ""public_record""}"
R001305,P056,ACC173,RECEIVED_FROM,0.7,2026-01-23T22:20:31,"{""amount"": 273492, ""currency"": ""INR"", ""transaction_type"": ""bank_transfer""}"
R001306,ACC010,ACC056,TRANSFERRED_TO,0.87,2025-04-08T15:32:18,"{""amount"": 98886, ""currency"": ""INR"", ""transaction_type"": ""upi_transfer""}"
R001307,P299,PH056,USED_PHONE,0.67,2026-08-25T11:34:17,"{""observation"": ""Device usage recorded"", ""source_type"": ""telecom_record""}"
R001308,P180,ACC094,OWNS_ACCOUNT,0.51,2026-06-12T21:11:19,"{""account_status"": ""active"", ""source_type"": ""financial_registry""}"
R001309,P333,ORG084,WORKS_FOR,0.99,2026-01-25T23:32:47,"{""role"": ""Contractor"", ""source_type"": ""employment_record""}"
R001310,P472,P456,TRAVELED_WITH,0.68,2025-10-01T13:41:34,"{""context"": ""Joint travel recorded"", ""source_type"": ""travel_record""}"
R001311,P133,P148,TRAVELED_WITH,0.64,2025-05-07T08:08:55,"{""context"": ""Joint travel recorded"", ""source_type"": ""travel_record""}"
R001312,P385,PH027,OWNS_PHONE,0.54,2025-03-19T01:41:21,"{""registration_status"": ""active"", ""source_type"": ""telecom_registry""}"
R001313,P360,P051,CALLED,0.78,2025-11-16T10:48:31,"{""duration_seconds"": 148, ""source_type"": ""call_record"", ""verified"": false}"
R001314,P367,LOC071,LOCATED_AT,0.69,2025-06-14T13:33:50,"{""observation_note"": ""Presence recorded at location"", ""source_type"": ""location_record""}"
R001315,P371,P372,CALLED,0.86,2025-12-31T17:29:53,"{""duration_seconds"": 46, ""source_type"": ""call_record"", ""verified"": false}"
R001316,P127,LOC085,TRAVELED_TO,0.63,2026-01-30T05:37:09,"{""mode"": ""rail"", ""source_type"": ""travel_record""}"
R001317,P014,PH007,MESSAGED,0.58,2025-01-04T05:30:08,"{""message_count"": 96, ""source_type"": ""communication_record""}"
R001318,P154,LOC022,WORKS_AT,0.97,2026-02-08T02:10:33,"{""role"": ""Contractor"", ""source_type"": ""employment_record""}"
R001319,P196,P194,ASSOCIATED,0.96,2025-10-31T23:31:25,"{""context"": ""Indirect association noted as an analytical lead, not confirmed activity"", ""source_type"": ""informant_tip"", ""verified"": false}"
R001320,P155,P159,MESSAGED,0.89,2026-07-20T13:00:16,"{""message_count"": 130, ""source_type"": ""communication_record""}"
R001321,P302,P319,EMPLOYED_WITH,0.66,2026-03-25T02:49:28,"{""context"": ""Shared employment recorded"", ""source_type"": ""employment_record""}"
R001322,P413,P408,EMPLOYED_WITH,0.51,2025-01-20T21:58:06,"{""context"": ""Shared employment recorded"", ""source_type"": ""employment_record""}"
R001323,P184,V034,TRAVELED_IN,0.98,2025-03-03T04:25:33,"{""trip_note"": ""Travel recorded together"", ""source_type"": ""field_report""}"
R001324,P102,PH168,CALLED,0.94,2026-08-27T23:19:24,"{""duration_seconds"": 1231, ""source_type"": ""call_record"", ""verified"": true}"
R001325,P318,P330,EMPLOYED_WITH,0.81,2025-07-10T11:52:25,"{""context"": ""Shared employment recorded"", ""source_type"": ""employment_record""}"
R001326,P293,P285,CALLED,0.74,2026-03-17T15:01:23,"{""duration_seconds"": 1495, ""source_type"": ""call_record"", ""verified"": true}"
R001327,P230,P233,MET,0.68,2026-01-17T09:35:32,"{""details"": ""Brief meeting observed"", ""source_type"": ""surveillance"", ""verified"": false}"
R001328,P004,LOC023,TRAVELED_TO,0.82,2025-05-20T15:50:05,"{""mode"": ""air"", ""source_type"": ""travel_record""}"
R001329,P474,PH089,OWNS_PHONE,0.74,2025-01-25T10:16:45,"{""registration_status"": ""active"", ""source_type"": ""telecom_registry""}"
R001330,P091,PH190,OWNS_PHONE,0.62,2026-03-01T11:10:38,"{""registration_status"": ""active"", ""source_type"": ""telecom_registry""}"
R001331,P259,P257,MET,0.56,2026-04-16T18:43:25,"{""details"": ""Meeting recorded at location"", ""source_type"": ""surveillance"", ""verified"": true}"
R001332,P448,P441,CALLED,0.55,2025-06-20T16:38:38,"{""duration_seconds"": 2915, ""source_type"": ""call_record"", ""verified"": false}"
R001333,P203,P207,EMPLOYED_WITH,0.91,2026-01-21T02:24:49,"{""context"": ""Shared employment recorded"", ""source_type"": ""employment_record""}"
R001334,P288,V080,OWNS_VEHICLE,0.58,2025-11-02T02:48:21,"{""registration_status"": ""active"", ""source_type"": ""vehicle_registry""}"
R001335,P224,P209,MEMBER_OF,0.81,2026-07-15T20:10:49,"{""context"": ""Shared membership recorded"", ""source_type"": ""field_report""}"
R001336,P280,PH096,USED_PHONE,0.94,2025-11-30T10:58:26,"{""observation"": ""Device usage recorded"", ""source_type"": ""telecom_record""}"
R001337,P421,LOC066,LOCATED_AT,0.62,2025-12-16T01:29:10,"{""observation_note"": ""Presence recorded at location"", ""source_type"": ""location_record""}"
R001338,P263,P254,SUSPECTED_ASSOCIATE,0.66,2026-04-15T01:10:41,"{""context"": ""Indirect association noted as an analytical lead, not confirmed activity"", ""source_type"": ""informant_tip"", ""verified"": false}"
R001339,P029,LOC085,LOCATED_AT,0.68,2025-10-05T20:50:28,"{""observation_note"": ""Presence recorded at location"", ""source_type"": ""location_record""}"
R001340,P367,P370,CALLED,0.94,2026-03-10T04:42:10,"{""duration_seconds"": 2315, ""source_type"": ""call_record"", ""verified"": true}"
R001341,P051,P095,ASSOCIATED,0.9,2026-04-13T10:24:02,"{""context"": ""Indirect association noted as an analytical lead, not confirmed activity"", ""source_type"": ""informant_tip"", ""verified"": false}"
R001342,P328,PH112,MESSAGED,0.66,2026-03-22T19:10:24,"{""message_count"": 82, ""source_type"": ""communication_record""}"
R001343,P490,P479,MEMBER_OF,0.79,2025-02-08T13:43:28,"{""context"": ""Shared membership recorded"", ""source_type"": ""field_report""}"
R001344,P413,P414,LOCATED_WITH,0.92,2025-07-03T15:13:26,"{""observation_note"": ""Presence recorded at location"", ""source_type"": ""location_record""}"
R001345,V104,LOC005,SEEN_AT,0.94,2025-12-25T16:03:04,"{""observation"": ""Vehicle observed in use"", ""source_type"": ""CCTV""}"
R001346,P309,ORG009,ASSOCIATED_WITH,0.73,2025-01-31T09:15:15,"{""context"": ""Indirect association noted as an analytical lead, not confirmed activity"", ""source_type"": ""informant_tip"", ""verified"": false}"
R001347,P133,LOC097,TRAVELED_TO,0.67,2025-11-19T09:37:51,"{""mode"": ""road"", ""source_type"": ""travel_record""}"
R001348,P196,P190,MEMBER_OF,0.81,2025-09-01T05:59:55,"{""context"": ""Shared membership recorded"", ""source_type"": ""field_report""}"
R001349,P014,ORG007,WORKS_FOR,0.9,2025-10-18T10:06:52,"{""role"": ""Manager"", ""source_type"": ""employment_record""}"
R001350,P041,P037,EMPLOYED_WITH,0.76,2025-09-08T18:31:43,"{""context"": ""Shared employment recorded"", ""source_type"": ""employment_record""}"
R001351,P369,P385,MET,0.66,2026-06-19T13:44:48,"{""details"": ""Extended meeting recorded"", ""source_type"": ""surveillance"", ""verified"": false}"
R001352,P063,P055,MESSAGED,0.94,2025-05-13T07:20:31,"{""message_count"": 106, ""source_type"": ""communication_record""}"
R001353,P259,PH062,OWNS_PHONE,0.78,2026-06-04T00:48:28,"{""registration_status"": ""active"", ""source_type"": ""telecom_registry""}"
R001354,P367,PH124,CALLED,0.61,2025-08-06T21:40:28,"{""duration_seconds"": 1095, ""source_type"": ""call_record"", ""verified"": false}"
R001355,P402,V063,TRAVELED_IN,0.82,2025-10-02T04:34:39,"{""trip_note"": ""Travel recorded together"", ""source_type"": ""field_report""}"
R001356,P030,V127,TRAVELED_IN,0.53,2025-06-09T22:05:26,"{""trip_note"": ""Travel recorded together"", ""source_type"": ""field_report""}"
R001357,P102,P108,MEMBER_OF,0.87,2025-06-17T21:03:25,"{""context"": ""Shared membership recorded"", ""source_type"": ""field_report""}"
R001358,P317,P304,FAMILY,0.61,2025-09-01T09:26:08,"{""relationship_note"": ""Partner relation recorded"", ""source_type"": ""public_record""}"
R001359,P369,P384,LOCATED_WITH,0.84,2025-12-18T09:56:30,"{""observation_note"": ""Presence recorded at location"", ""source_type"": ""location_record""}"
R001360,P082,ACC028,OWNS_ACCOUNT,0.87,2026-03-25T08:34:33,"{""account_status"": ""active"", ""source_type"": ""financial_registry""}"
R001361,P230,P238,MESSAGED,0.95,2025-12-24T22:48:26,"{""message_count"": 22, ""source_type"": ""communication_record""}"
R001362,P217,P215,MESSAGED,0.55,2025-06-14T17:11:50,"{""message_count"": 98, ""source_type"": ""communication_record""}"
R001363,P142,V104,OWNS_VEHICLE,0.59,2025-11-25T05:37:05,"{""registration_status"": ""active"", ""source_type"": ""vehicle_registry""}"
R001364,P051,P083,MEMBER_OF,0.61,2026-04-17T19:39:14,"{""context"": ""Shared membership recorded"", ""source_type"": ""field_report""}"
R001365,P029,P058,LOCATED_WITH,0.84,2025-01-28T17:16:18,"{""observation_note"": ""Presence recorded at location"", ""source_type"": ""location_record""}"
R001366,P391,P392,CALLED,0.67,2025-11-02T03:54:54,"{""duration_seconds"": 1194, ""source_type"": ""call_record"", ""verified"": false}"
R001367,P247,V123,OWNS_VEHICLE,0.86,2025-03-15T04:48:31,"{""registration_status"": ""active"", ""source_type"": ""vehicle_registry""}"
R001368,P099,LOC088,LOCATED_AT,0.53,2026-06-19T08:03:18,"{""observation_note"": ""Presence recorded at location"", ""source_type"": ""location_record""}"
R001369,P318,P326,MESSAGED,0.63,2025-12-20T13:50:50,"{""message_count"": 20, ""source_type"": ""communication_record""}"
R001370,P467,P466,MET,0.73,2026-08-14T12:17:15,"{""details"": ""Meeting recorded at location"", ""source_type"": ""surveillance"", ""verified"": true}"
R001371,P099,P104,ASSOCIATED,0.89,2025-08-14T18:16:06,"{""context"": ""Indirect association noted as an analytical lead, not confirmed activity"", ""source_type"": ""informant_tip"", ""verified"": false}"
R001372,P120,P112,PARTNER,0.91,2026-01-17T02:35:59,"{""relationship_note"": ""Partner relation recorded"", ""source_type"": ""public_record""}"
R001373,P413,V124,TRAVELED_IN,0.56,2026-02-07T05:04:13,"{""trip_note"": ""Travel recorded together"", ""source_type"": ""field_report""}"
R001374,P082,PH106,OWNS_PHONE,0.92,2026-07-20T14:55:17,"{""registration_status"": ""active"", ""source_type"": ""telecom_registry""}"
R001375,P241,PH063,CALLED,0.78,2025-04-21T00:13:58,"{""duration_seconds"": 2865, ""source_type"": ""call_record"", ""verified"": false}"
R001376,P453,P460,CALLED,0.83,2026-08-02T03:58:17,"{""duration_seconds"": 1855, ""source_type"": ""call_record"", ""verified"": true}"
R001377,P193,P184,PARTNER,0.52,2026-06-12T10:42:52,"{""relationship_note"": ""Partner relation recorded"", ""source_type"": ""public_record""}"
R001378,P373,LOC073,RESIDES_AT,0.97,2025-04-06T12:09:50,"{""since"": ""2025-09-27"", ""source_type"": ""registration_record""}"
R001379,P082,P093,MEMBER_OF,0.81,2025-01-07T11:22:24,"{""context"": ""Shared membership recorded"", ""source_type"": ""field_report""}"
R001380,P136,PH076,MESSAGED,0.51,2025-08-24T20:21:51,"{""message_count"": 11, ""source_type"": ""communication_record""}"
R001381,P367,P351,CALLED,0.57,2026-03-02T17:49:19,"{""duration_seconds"": 1175, ""source_type"": ""call_record"", ""verified"": true}"
R001382,P082,ACC188,RECEIVED_FROM,0.6,2026-07-08T22:57:27,"{""amount"": 307326, ""currency"": ""INR"", ""transaction_type"": ""bank_transfer""}"
R001383,P120,P113,MEMBER_OF,0.97,2025-01-25T23:04:16,"{""context"": ""Shared membership recorded"", ""source_type"": ""field_report""}"
R001384,P099,P111,FAMILY,0.57,2025-07-22T22:15:22,"{""relationship_note"": ""Family relation recorded"", ""source_type"": ""public_record""}"
R001385,P143,P147,TRAVELED_WITH,0.93,2026-08-01T12:40:28,"{""context"": ""Joint travel recorded"", ""source_type"": ""travel_record""}"
R001386,P150,P338,TRAVELED_WITH,0.71,2025-04-18T15:52:31,"{""context"": ""Joint travel recorded"", ""source_type"": ""travel_record""}"
R001387,P367,P355,MEMBER_OF,0.65,2026-04-04T04:58:07,"{""context"": ""Shared membership recorded"", ""source_type"": ""field_report""}"
R001388,P070,P054,PARTNER,0.53,2026-02-02T20:13:36,"{""relationship_note"": ""Partner relation recorded"", ""source_type"": ""public_record""}"
R001389,P365,P352,MET,0.63,2026-06-05T11:10:56,"{""details"": ""Extended meeting recorded"", ""source_type"": ""surveillance"", ""verified"": true}"
R001390,P328,P064,FAMILY,0.75,2025-03-17T15:39:00,"{""relationship_note"": ""Family relation recorded"", ""source_type"": ""public_record""}"
R001391,P280,V127,OWNS_VEHICLE,0.57,2026-02-05T23:51:32,"{""registration_status"": ""active"", ""source_type"": ""vehicle_registry""}"
R001392,P143,ORG040,MEMBER_OF,0.85,2026-05-12T20:16:41,"{""context"": ""Shared membership recorded"", ""source_type"": ""field_report""}"
R001393,P057,ACC001,TRANSFERRED_TO,0.57,2026-01-12T16:13:08,"{""amount"": 461820, ""currency"": ""INR"", ""transaction_type"": ""bank_transfer""}"
R001394,P413,P414,ASSOCIATED,0.72,2025-07-12T00:15:19,"{""context"": ""Indirect association noted as an analytical lead, not confirmed activity"", ""source_type"": ""informant_tip"", ""verified"": false}"
R001395,P481,P494,FAMILY,0.8,2025-04-05T14:43:45,"{""relationship_note"": ""Partner relation recorded"", ""source_type"": ""public_record""}"
R001396,P217,LOC082,VISITED,0.51,2026-04-25T08:40:07,"{""duration_minutes"": 41, ""source_type"": ""location_record""}"
R001397,P099,LOC095,LOCATED_AT,0.84,2026-05-26T16:02:33,"{""observation_note"": ""Presence recorded at location"", ""source_type"": ""location_record""}"
R001398,P051,P063,FAMILY,0.69,2026-01-09T04:32:38,"{""relationship_note"": ""Family relation recorded"", ""source_type"": ""public_record""}"
R001399,P004,P082,MESSAGED,0.69,2025-11-26T23:27:37,"{""message_count"": 149, ""source_type"": ""communication_record""}"
R001400,P302,P313,SUSPECTED_ASSOCIATE,0.73,2026-05-17T01:42:11,"{""context"": ""Indirect association noted as an analytical lead, not confirmed activity"", ""source_type"": ""informant_tip"", ""verified"": false}"
R001401,P480,V092,OWNS_VEHICLE,0.75,2025-08-04T01:51:55,"{""registration_status"": ""active"", ""source_type"": ""vehicle_registry""}"
R001402,P426,ORG068,ASSOCIATED_WITH,0.69,2025-06-13T17:13:35,"{""context"": ""Indirect association noted as an analytical lead, not confirmed activity"", ""source_type"": ""informant_tip"", ""verified"": false}"
R001403,P345,P349,MESSAGED,0.57,2026-05-25T11:13:15,"{""message_count"": 78, ""source_type"": ""communication_record""}"
R001404,P180,ACC121,TRANSACTION_WITH,0.8,2025-02-22T23:31:42,"{""amount"": 95068, ""currency"": ""INR"", ""transaction_type"": ""wire_transfer""}"
R001405,P174,P163,LOCATED_WITH,0.51,2025-09-09T17:13:33,"{""observation_note"": ""Presence recorded at location"", ""source_type"": ""location_record""}"
R001406,P318,V128,OWNS_VEHICLE,0.96,2025-06-29T23:16:53,"{""registration_status"": ""active"", ""source_type"": ""vehicle_registry""}"
R001407,P388,P383,ASSOCIATED,0.93,2026-08-14T05:44:08,"{""context"": ""Indirect association noted as an analytical lead, not confirmed activity"", ""source_type"": ""informant_tip"", ""verified"": false}"
R001408,P443,V016,USED_VEHICLE,0.8,2025-10-26T07:50:04,"{""observation"": ""Vehicle observed in use"", ""source_type"": ""CCTV""}"
R001409,P180,P176,CALLED,0.72,2026-07-16T06:41:51,"{""duration_seconds"": 560, ""source_type"": ""call_record"", ""verified"": true}"
R001410,P112,P115,MEMBER_OF,0.59,2026-01-17T10:49:25,"{""context"": ""Shared membership recorded"", ""source_type"": ""field_report""}"
R001411,P464,P462,SUSPECTED_ASSOCIATE,0.94,2026-05-04T15:33:57,"{""context"": ""Indirect association noted as an analytical lead, not confirmed activity"", ""source_type"": ""informant_tip"", ""verified"": false}"
R001412,P029,P074,LOCATED_WITH,0.86,2025-11-13T22:10:53,"{""observation_note"": ""Presence recorded at location"", ""source_type"": ""location_record""}"
R001413,P229,P270,ASSOCIATED,0.92,2025-05-28T16:24:31,"{""context"": ""Indirect association noted as an analytical lead, not confirmed activity"", ""source_type"": ""informant_tip"", ""verified"": false}"
R001414,P302,LOC010,RESIDES_AT,0.78,2025-12-07T21:16:48,"{""since"": ""2025-04-09"", ""source_type"": ""registration_record""}"
R001415,P060,LOC030,VISITED,0.53,2025-08-20T15:21:14,"{""duration_minutes"": 143, ""source_type"": ""location_record""}"
R001416,P120,P103,FAMILY,0.58,2025-06-24T00:03:29,"{""relationship_note"": ""Partner relation recorded"", ""source_type"": ""public_record""}"
R001417,P446,P438,ASSOCIATED,0.77,2026-03-23T21:24:39,"{""context"": ""Indirect association noted as an analytical lead, not confirmed activity"", ""source_type"": ""informant_tip"", ""verified"": false}"
R001418,P446,ORG034,VISITED_ORG,0.82,2026-03-29T15:40:01,"{""duration_minutes"": 13, ""source_type"": ""location_record""}"
R001419,P367,P369,ASSOCIATED,0.66,2025-07-22T15:10:34,"{""context"": ""Indirect association noted as an analytical lead, not confirmed activity"", ""source_type"": ""informant_tip"", ""verified"": false}"
R001420,P236,V145,OWNS_VEHICLE,0.94,2025-02-18T09:53:15,"{""registration_status"": ""active"", ""source_type"": ""vehicle_registry""}"
R001421,P172,V019,OWNS_VEHICLE,0.97,2026-08-18T15:20:16,"{""registration_status"": ""active"", ""source_type"": ""vehicle_registry""}"
R001422,P415,P408,CALLED,0.71,2025-12-08T18:51:29,"{""duration_seconds"": 1257, ""source_type"": ""call_record"", ""verified"": true}"
R001423,P389,P388,MET,0.86,2025-02-12T23:55:15,"{""details"": ""Extended meeting recorded"", ""source_type"": ""surveillance"", ""verified"": false}"
R001424,P217,P205,EMPLOYED_WITH,0.56,2026-08-18T17:20:16,"{""context"": ""Shared employment recorded"", ""source_type"": ""employment_record""}"
R001425,P102,PH112,CALLED,0.95,2025-10-13T14:35:11,"{""duration_seconds"": 990, ""source_type"": ""call_record"", ""verified"": true}"
R001426,P360,P369,ASSOCIATED,0.99,2025-01-08T19:20:20,"{""context"": ""Indirect association noted as an analytical lead, not confirmed activity"", ""source_type"": ""informant_tip"", ""verified"": false}"
R001427,P029,P056,ASSOCIATED,0.82,2026-06-27T13:51:42,"{""context"": ""Indirect association noted as an analytical lead, not confirmed activity"", ""source_type"": ""informant_tip"", ""verified"": false}"
R001428,P230,P228,MESSAGED,0.96,2025-08-16T02:58:05,"{""message_count"": 53, ""source_type"": ""communication_record""}"
R001429,P413,P410,PARTNER,0.88,2026-07-26T01:28:06,"{""relationship_note"": ""Partner relation recorded"", ""source_type"": ""public_record""}"
R001430,P156,ORG070,ASSOCIATED_WITH,0.75,2025-07-09T16:19:33,"{""context"": ""Indirect association noted as an analytical lead, not confirmed activity"", ""source_type"": ""informant_tip"", ""verified"": false}"
R001431,P031,P402,LOCATED_WITH,0.65,2025-11-16T02:29:53,"{""observation_note"": ""Presence recorded at location"", ""source_type"": ""location_record""}"
R001432,P369,P383,PARTNER,0.82,2025-04-06T08:11:22,"{""relationship_note"": ""Partner relation recorded"", ""source_type"": ""public_record""}"
R001433,P402,ACC070,TRANSACTION_WITH,0.64,2025-01-17T12:52:04,"{""amount"": 201919, ""currency"": ""INR"", ""transaction_type"": ""wire_transfer""}"
R001434,P133,LOC079,VISITED,0.69,2025-03-07T15:04:09,"{""duration_minutes"": 9, ""source_type"": ""location_record""}"
R001435,P021,ORG027,VISITED_ORG,0.69,2025-10-26T18:38:33,"{""duration_minutes"": 173, ""source_type"": ""location_record""}"
R001436,P272,P276,SUSPECTED_ASSOCIATE,0.87,2025-02-10T14:11:25,"{""context"": ""Indirect association noted as an analytical lead, not confirmed activity"", ""source_type"": ""informant_tip"", ""verified"": false}"
R001437,P014,P021,LOCATED_WITH,0.71,2025-07-23T21:57:53,"{""observation_note"": ""Presence recorded at location"", ""source_type"": ""location_record""}"
R001438,P386,V142,OWNS_VEHICLE,0.69,2026-07-26T05:07:10,"{""registration_status"": ""active"", ""source_type"": ""vehicle_registry""}"
R001439,P413,V137,USED_VEHICLE,0.73,2026-06-11T14:16:04,"{""observation"": ""Vehicle observed in use"", ""source_type"": ""CCTV""}"
R001440,P457,P459,TRAVELED_WITH,0.51,2026-03-18T09:56:12,"{""context"": ""Joint travel recorded"", ""source_type"": ""travel_record""}"
R001441,P499,LOC099,VISITED,0.77,2025-08-02T03:03:10,"{""duration_minutes"": 91, ""source_type"": ""location_record""}"
R001442,P129,P147,LOCATED_WITH,0.8,2025-01-30T23:40:18,"{""observation_note"": ""Presence recorded at location"", ""source_type"": ""location_record""}"
R001443,P415,P412,SUSPECTED_ASSOCIATE,0.91,2025-12-07T02:01:37,"{""context"": ""Indirect association noted as an analytical lead, not confirmed activity"", ""source_type"": ""informant_tip"", ""verified"": false}"
R001444,P133,P137,LOCATED_WITH,0.72,2025-02-15T12:06:01,"{""observation_note"": ""Presence recorded at location"", ""source_type"": ""location_record""}"
R001445,P071,P055,FAMILY,0.82,2025-08-03T11:42:13,"{""relationship_note"": ""Family relation recorded"", ""source_type"": ""public_record""}"
R001446,P413,P402,MESSAGED,0.61,2025-01-30T21:43:30,"{""message_count"": 67, ""source_type"": ""communication_record""}"
R001447,P272,ACC012,RECEIVED_FROM,0.79,2025-01-13T12:27:52,"{""amount"": 183859, ""currency"": ""INR"", ""transaction_type"": ""bank_transfer""}"
R001448,P113,P112,CALLED,0.83,2025-12-11T17:16:05,"{""duration_seconds"": 307, ""source_type"": ""call_record"", ""verified"": false}"
R001449,P158,ORG047,WORKS_FOR,0.66,2025-04-22T03:11:41,"{""role"": ""Contractor"", ""source_type"": ""employment_record""}"
R001450,P451,ORG038,VISITED_ORG,0.8,2025-10-19T01:12:18,"{""duration_minutes"": 46, ""source_type"": ""location_record""}"
R001451,P014,P011,MESSAGED,0.88,2025-08-14T22:15:31,"{""message_count"": 131, ""source_type"": ""communication_record""}"
R001452,P448,LOC049,TRAVELED_TO,0.91,2026-07-08T16:18:18,"{""mode"": ""road"", ""source_type"": ""travel_record""}"
R001453,P365,PH167,MESSAGED,0.54,2025-04-27T13:35:41,"{""message_count"": 20, ""source_type"": ""communication_record""}"
R001454,P272,ACC032,TRANSACTION_WITH,0.92,2025-06-24T10:29:36,"{""amount"": 277196, ""currency"": ""INR"", ""transaction_type"": ""bank_transfer""}"
R001455,P154,PH050,MESSAGED,0.91,2026-05-28T00:20:12,"{""message_count"": 76, ""source_type"": ""communication_record""}"
R001456,P377,ORG047,MEMBER_OF,0.61,2025-09-13T07:07:23,"{""context"": ""Shared membership recorded"", ""source_type"": ""field_report""}"
R001457,P454,P453,ASSOCIATED,0.75,2025-03-31T15:31:38,"{""context"": ""Indirect association noted as an analytical lead, not confirmed activity"", ""source_type"": ""informant_tip"", ""verified"": false}"
R001458,P299,ORG058,VISITED_ORG,0.89,2026-05-23T10:57:09,"{""duration_minutes"": 63, ""source_type"": ""location_record""}"
R001459,P429,P448,TRAVELED_WITH,0.63,2025-04-08T07:24:42,"{""context"": ""Joint travel recorded"", ""source_type"": ""travel_record""}"
R001460,P109,P119,CALLED,0.81,2026-06-06T13:32:23,"{""duration_seconds"": 3179, ""source_type"": ""call_record"", ""verified"": true}"
R001461,P099,ORG054,WORKS_FOR,0.63,2025-12-19T16:27:44,"{""role"": ""Advisor"", ""source_type"": ""employment_record""}"
R001462,P051,V009,TRAVELED_IN,0.91,2025-12-31T22:49:48,"{""trip_note"": ""Travel recorded together"", ""source_type"": ""field_report""}"
R001463,P359,P355,CALLED,0.69,2025-05-10T15:54:20,"{""duration_seconds"": 1744, ""source_type"": ""call_record"", ""verified"": false}"
R001464,P142,P136,TRAVELED_WITH,0.8,2026-06-26T07:41:33,"{""context"": ""Joint travel recorded"", ""source_type"": ""travel_record""}"
R001465,ORG046,ORG058,TRANSACTION_WITH,0.95,2025-02-05T03:17:30,"{""amount"": 331237, ""currency"": ""INR"", ""transaction_type"": ""upi_transfer""}"
R001466,P360,V035,USED_VEHICLE,0.86,2025-12-05T09:51:10,"{""observation"": ""Vehicle observed in use"", ""source_type"": ""CCTV""}"
R001467,P037,V002,TRAVELED_IN,0.79,2026-04-03T22:09:36,"{""trip_note"": ""Travel recorded together"", ""source_type"": ""field_report""}"
R001468,P218,P220,MEMBER_OF,0.88,2026-05-20T09:46:55,"{""context"": ""Shared membership recorded"", ""source_type"": ""field_report""}"
R001469,P158,P177,PARTNER,0.78,2026-01-19T03:39:24,"{""relationship_note"": ""Partner relation recorded"", ""source_type"": ""public_record""}"
R001470,P453,P499,PARTNER,0.86,2025-10-26T07:32:30,"{""relationship_note"": ""Partner relation recorded"", ""source_type"": ""public_record""}"
R001471,P173,P160,LOCATED_WITH,0.58,2026-08-21T12:25:33,"{""observation_note"": ""Presence recorded at location"", ""source_type"": ""location_record""}"
R001472,P445,ACC171,OWNS_ACCOUNT,0.64,2025-07-21T12:06:26,"{""account_status"": ""active"", ""source_type"": ""financial_registry""}"
R001473,P014,P456,TRAVELED_WITH,0.89,2026-03-05T21:04:21,"{""context"": ""Joint travel recorded"", ""source_type"": ""travel_record""}"
R001474,P450,P449,PARTNER,0.56,2025-01-21T00:31:25,"{""relationship_note"": ""Partner relation recorded"", ""source_type"": ""public_record""}"
R001475,P217,P205,CALLED,0.86,2025-03-27T03:22:09,"{""duration_seconds"": 492, ""source_type"": ""call_record"", ""verified"": false}"
R001476,P354,LOC042,LOCATED_AT,0.58,2026-08-02T02:20:19,"{""observation_note"": ""Presence recorded at location"", ""source_type"": ""location_record""}"
R001477,P321,P324,SUSPECTED_ASSOCIATE,0.95,2025-12-19T05:10:57,"{""context"": ""Indirect association noted as an analytical lead, not confirmed activity"", ""source_type"": ""informant_tip"", ""verified"": false}"
R001478,P415,P420,TRAVELED_WITH,0.96,2025-12-06T01:04:02,"{""context"": ""Joint travel recorded"", ""source_type"": ""travel_record""}"
R001479,P083,PH048,MESSAGED,0.86,2025-07-26T01:17:25,"{""message_count"": 73, ""source_type"": ""communication_record""}"
R001480,P413,P401,CALLED,0.74,2026-05-09T01:01:16,"{""duration_seconds"": 2518, ""source_type"": ""call_record"", ""verified"": true}"
R001481,P328,V098,USED_VEHICLE,0.81,2025-01-31T03:31:18,"{""observation"": ""Vehicle observed in use"", ""source_type"": ""CCTV""}"
R001482,P453,P402,MEMBER_OF,0.83,2025-09-28T20:18:34,"{""context"": ""Shared membership recorded"", ""source_type"": ""field_report""}"
R001483,P272,P283,EMPLOYED_WITH,0.93,2026-05-05T08:33:49,"{""context"": ""Shared employment recorded"", ""source_type"": ""employment_record""}"
R001484,P467,V084,USED_VEHICLE,0.62,2025-08-12T03:07:34,"{""observation"": ""Vehicle observed in use"", ""source_type"": ""CCTV""}"
R001485,P318,P338,MEMBER_OF,0.88,2025-05-17T20:30:08,"{""context"": ""Shared membership recorded"", ""source_type"": ""field_report""}"
R001486,P113,P118,LOCATED_WITH,0.92,2026-01-15T22:52:16,"{""observation_note"": ""Presence recorded at location"", ""source_type"": ""location_record""}"
R001487,P155,P166,PARTNER,0.63,2026-03-13T17:14:09,"{""relationship_note"": ""Family relation recorded"", ""source_type"": ""public_record""}"
R001488,P389,P414,ASSOCIATED,0.93,2026-07-20T14:23:12,"{""context"": ""Indirect association noted as an analytical lead, not confirmed activity"", ""source_type"": ""informant_tip"", ""verified"": false}"
R001489,P225,P026,SUSPECTED_ASSOCIATE,0.56,2026-08-29T11:54:09,"{""context"": ""Indirect association noted as an analytical lead, not confirmed activity"", ""source_type"": ""informant_tip"", ""verified"": false}"
R001490,P044,P037,MET,0.77,2026-07-15T23:19:09,"{""details"": ""Extended meeting recorded"", ""source_type"": ""surveillance"", ""verified"": true}"
R001491,P090,P099,TRAVELED_WITH,0.89,2025-10-09T05:59:28,"{""context"": ""Joint travel recorded"", ""source_type"": ""travel_record""}"
R001492,P112,ORG094,VISITED_ORG,0.62,2025-09-15T11:38:50,"{""duration_minutes"": 8, ""source_type"": ""location_record""}"
R001493,P115,P120,TRAVELED_WITH,0.65,2026-04-26T13:41:36,"{""context"": ""Joint travel recorded"", ""source_type"": ""travel_record""}"
R001494,P370,P372,ASSOCIATED,0.88,2026-08-23T22:47:47,"{""context"": ""Indirect association noted as an analytical lead, not confirmed activity"", ""source_type"": ""informant_tip"", ""verified"": false}"
R001495,P413,PH020,CALLED,0.54,2025-04-12T21:37:05,"{""duration_seconds"": 2972, ""source_type"": ""call_record"", ""verified"": false}"
R001496,P084,P089,TRAVELED_WITH,0.8,2026-07-31T20:02:10,"{""context"": ""Joint travel recorded"", ""source_type"": ""travel_record""}"
R001497,P012,P007,EMPLOYED_WITH,0.97,2025-09-09T10:42:13,"{""context"": ""Shared employment recorded"", ""source_type"": ""employment_record""}"
R001498,P112,P109,FAMILY,0.76,2025-10-20T11:58:24,"{""relationship_note"": ""Family relation recorded"", ""source_type"": ""public_record""}"
R001499,P365,P366,EMPLOYED_WITH,0.98,2026-01-22T01:24:06,"{""context"": ""Shared employment recorded"", ""source_type"": ""employment_record""}"
R001500,P280,P287,MEMBER_OF,0.81,2025-06-30T06:56:50,"{""context"": ""Shared membership recorded"", ""source_type"": ""field_report""}"
R001501,P451,P454,MESSAGED,0.8,2026-03-12T15:39:43,"{""message_count"": 122, ""source_type"": ""communication_record""}"
R001502,P052,P076,ASSOCIATED,0.65,2026-03-17T02:55:13,"{""context"": ""Indirect association noted as an analytical lead, not confirmed activity"", ""source_type"": ""informant_tip"", ""verified"": false}"
R001503,P280,P276,MET,0.6,2025-04-27T23:36:38,"{""details"": ""Extended meeting recorded"", ""source_type"": ""surveillance"", ""verified"": false}"
R001504,P229,P268,SUSPECTED_ASSOCIATE,0.99,2025-09-01T03:02:39,"{""context"": ""Indirect association noted as an analytical lead, not confirmed activity"", ""source_type"": ""informant_tip"", ""verified"": false}"
R001505,P180,P182,EMPLOYED_WITH,0.71,2026-04-09T22:11:58,"{""context"": ""Shared employment recorded"", ""source_type"": ""employment_record""}"
R001506,P238,ACC161,TRANSACTION_WITH,0.89,2025-01-31T08:10:02,"{""amount"": 255929, ""currency"": ""INR"", ""transaction_type"": ""cash_deposit""}"
R001507,P203,V076,USED_VEHICLE,0.56,2026-03-01T22:24:16,"{""observation"": ""Vehicle observed in use"", ""source_type"": ""CCTV""}"
R001508,V096,LOC073,SEEN_AT,0.82,2026-07-14T04:42:36,"{""observation"": ""Vehicle observed in use"", ""source_type"": ""CCTV""}"
R001509,P299,P292,SUSPECTED_ASSOCIATE,0.73,2026-02-11T10:06:36,"{""context"": ""Indirect association noted as an analytical lead, not confirmed activity"", ""source_type"": ""informant_tip"", ""verified"": false}"
R001510,P341,P336,MESSAGED,0.57,2025-09-14T10:56:54,"{""message_count"": 18, ""source_type"": ""communication_record""}"
R001511,V052,LOC089,SEEN_AT,0.55,2025-01-05T08:26:12,"{""observation"": ""Vehicle observed in use"", ""source_type"": ""CCTV""}"
R001512,P292,P297,MET,0.61,2025-03-15T13:36:27,"{""details"": ""Extended meeting recorded"", ""source_type"": ""surveillance"", ""verified"": true}"
R001513,P389,ACC110,RECEIVED_FROM,0.79,2025-08-02T06:33:13,"{""amount"": 160801, ""currency"": ""INR"", ""transaction_type"": ""wire_transfer""}"
R001514,P280,PH165,CALLED,0.82,2025-11-10T05:28:01,"{""duration_seconds"": 332, ""source_type"": ""call_record"", ""verified"": true}"
R001515,P280,P293,FAMILY,0.88,2025-06-18T02:45:41,"{""relationship_note"": ""Partner relation recorded"", ""source_type"": ""public_record""}"
R001516,P386,P318,LOCATED_WITH,0.58,2026-04-05T22:50:54,"{""observation_note"": ""Presence recorded at location"", ""source_type"": ""location_record""}"
R001517,P446,LOC079,VISITED,0.57,2025-06-18T02:47:54,"{""duration_minutes"": 47, ""source_type"": ""location_record""}"
R001518,P044,P034,PARTNER,0.9,2025-01-01T04:36:07,"{""relationship_note"": ""Partner relation recorded"", ""source_type"": ""public_record""}"
R001519,P244,PH031,CALLED,0.62,2025-09-12T01:23:15,"{""duration_seconds"": 1625, ""source_type"": ""call_record"", ""verified"": false}"
R001520,P175,V134,USED_VEHICLE,0.66,2026-07-03T13:21:12,"{""observation"": ""Vehicle observed in use"", ""source_type"": ""CCTV""}"
R001521,P453,P474,ASSOCIATED,0.71,2026-04-16T05:07:10,"{""context"": ""Indirect association noted as an analytical lead, not confirmed activity"", ""source_type"": ""informant_tip"", ""verified"": false}"
R001522,P279,P288,FAMILY,0.92,2026-06-24T21:35:54,"{""relationship_note"": ""Partner relation recorded"", ""source_type"": ""public_record""}"
R001523,P216,V144,TRAVELED_IN,0.93,2025-09-26T17:45:00,"{""trip_note"": ""Travel recorded together"", ""source_type"": ""field_report""}"
R001524,P180,ACC192,TRANSACTION_WITH,0.99,2025-05-29T08:12:00,"{""amount"": 103174, ""currency"": ""INR"", ""transaction_type"": ""upi_transfer""}"
R001525,P158,P436,MET,0.51,2025-06-01T08:59:13,"{""details"": ""Brief meeting observed"", ""source_type"": ""surveillance"", ""verified"": true}"
R001526,P201,PH179,MESSAGED,0.85,2026-05-14T09:40:17,"{""message_count"": 71, ""source_type"": ""communication_record""}"
R001527,P413,PH121,OWNS_PHONE,0.99,2026-03-21T10:13:31,"{""registration_status"": ""active"", ""source_type"": ""telecom_registry""}"
R001528,P229,PH166,USED_PHONE,0.87,2026-01-16T19:51:48,"{""observation"": ""Device usage recorded"", ""source_type"": ""telecom_record""}"
R001529,P014,LOC092,TRAVELED_TO,0.58,2025-01-30T15:58:48,"{""mode"": ""air"", ""source_type"": ""travel_record""}"
R001530,P402,P446,CALLED,0.65,2025-04-13T06:06:01,"{""duration_seconds"": 3528, ""source_type"": ""call_record"", ""verified"": false}"
R001531,ORG087,ORG041,PARTNERED_WITH,0.94,2025-05-31T19:49:18,"{""relationship_note"": ""Organizational link recorded"", ""source_type"": ""corporate_record""}"
R001532,P449,P447,PARTNER,0.53,2026-04-01T19:37:48,"{""relationship_note"": ""Family relation recorded"", ""source_type"": ""public_record""}"
R001533,P223,V071,OWNS_VEHICLE,0.8,2025-03-07T05:17:24,"{""registration_status"": ""active"", ""source_type"": ""vehicle_registry""}"
R001534,P309,PH001,USED_PHONE,0.65,2025-11-14T21:00:04,"{""observation"": ""Device usage recorded"", ""source_type"": ""telecom_record""}"
R001535,P402,P440,PARTNER,0.95,2025-04-02T10:21:31,"{""relationship_note"": ""Family relation recorded"", ""source_type"": ""public_record""}"
R001536,P288,V006,USED_VEHICLE,0.88,2025-05-25T04:55:57,"{""observation"": ""Vehicle observed in use"", ""source_type"": ""CCTV""}"
R001537,P228,LOC093,TRAVELED_TO,0.96,2025-06-18T22:58:32,"{""mode"": ""rail"", ""source_type"": ""travel_record""}"
R001538,P360,LOC095,LOCATED_AT,0.57,2026-05-14T21:39:50,"{""observation_note"": ""Presence recorded at location"", ""source_type"": ""location_record""}"
R001539,P082,P084,FAMILY,0.63,2026-07-03T07:11:24,"{""relationship_note"": ""Family relation recorded"", ""source_type"": ""public_record""}"
R001540,P124,P119,FAMILY,0.88,2025-08-18T01:56:14,"{""relationship_note"": ""Partner relation recorded"", ""source_type"": ""public_record""}"
R001541,P014,LOC075,LOCATED_AT,0.69,2026-06-18T15:21:05,"{""observation_note"": ""Presence recorded at location"", ""source_type"": ""location_record""}"
R001542,P389,P382,EMPLOYED_WITH,0.97,2025-06-13T15:02:20,"{""context"": ""Shared employment recorded"", ""source_type"": ""employment_record""}"
R001543,P413,P408,FAMILY,0.61,2026-08-01T04:58:49,"{""relationship_note"": ""Partner relation recorded"", ""source_type"": ""public_record""}"
R001544,P102,P120,TRAVELED_WITH,0.78,2025-03-31T13:18:50,"{""context"": ""Joint travel recorded"", ""source_type"": ""travel_record""}"
R001545,P333,PH162,CALLED,0.68,2025-01-27T07:00:20,"{""duration_seconds"": 47, ""source_type"": ""call_record"", ""verified"": true}"
R001546,P051,P143,PARTNER,0.72,2026-03-06T19:45:42,"{""relationship_note"": ""Partner relation recorded"", ""source_type"": ""public_record""}"
R001547,P229,P274,EMPLOYED_WITH,0.67,2026-06-24T10:23:21,"{""context"": ""Shared employment recorded"", ""source_type"": ""employment_record""}"
R001548,P468,PH060,OWNS_PHONE,0.87,2025-08-22T03:38:09,"{""registration_status"": ""active"", ""source_type"": ""telecom_registry""}"
R001549,P215,ORG100,WORKS_FOR,0.63,2026-01-29T18:26:00,"{""role"": ""Advisor"", ""source_type"": ""employment_record""}"
R001550,P443,P462,MESSAGED,0.6,2025-01-23T04:18:25,"{""message_count"": 146, ""source_type"": ""communication_record""}"
R001551,P158,V014,TRAVELED_IN,0.98,2025-04-11T21:20:25,"{""trip_note"": ""Travel recorded together"", ""source_type"": ""field_report""}"
R001552,P226,P227,MESSAGED,0.6,2026-08-18T19:58:39,"{""message_count"": 45, ""source_type"": ""communication_record""}"
R001553,P109,P133,MESSAGED,0.68,2026-07-31T04:59:50,"{""message_count"": 123, ""source_type"": ""communication_record""}"
R001554,P197,P191,MEMBER_OF,0.91,2025-03-19T14:31:19,"{""context"": ""Shared membership recorded"", ""source_type"": ""field_report""}"
R001555,P190,V082,OWNS_VEHICLE,0.87,2026-08-16T16:23:52,"{""registration_status"": ""active"", ""source_type"": ""vehicle_registry""}"
R001556,P389,P390,PARTNER,0.76,2026-08-24T14:37:09,"{""relationship_note"": ""Partner relation recorded"", ""source_type"": ""public_record""}"
R001557,P278,P294,LOCATED_WITH,0.88,2026-07-30T02:35:56,"{""observation_note"": ""Presence recorded at location"", ""source_type"": ""location_record""}"
R001558,P299,P278,TRAVELED_WITH,0.57,2025-09-21T23:16:51,"{""context"": ""Joint travel recorded"", ""source_type"": ""travel_record""}"
R001559,P165,P164,FAMILY,0.65,2025-06-14T01:39:22,"{""relationship_note"": ""Partner relation recorded"", ""source_type"": ""public_record""}"
R001560,P328,P341,MESSAGED,0.67,2025-11-24T13:44:43,"{""message_count"": 26, ""source_type"": ""communication_record""}"
R001561,P094,PH033,OWNS_PHONE,0.78,2025-11-11T03:56:00,"{""registration_status"": ""active"", ""source_type"": ""telecom_registry""}"
R001562,P456,P452,MET,0.63,2025-12-20T04:04:28,"{""details"": ""Extended meeting recorded"", ""source_type"": ""surveillance"", ""verified"": true}"
R001563,P369,PH183,CALLED,0.66,2025-12-16T17:38:24,"{""duration_seconds"": 2206, ""source_type"": ""call_record"", ""verified"": false}"
R001564,P004,P021,EMPLOYED_WITH,0.72,2025-01-19T14:44:16,"{""context"": ""Shared employment recorded"", ""source_type"": ""employment_record""}"
R001565,P052,P076,MET,0.52,2025-08-07T19:31:43,"{""details"": ""Extended meeting recorded"", ""source_type"": ""surveillance"", ""verified"": false}"
R001566,P389,P381,SUSPECTED_ASSOCIATE,0.7,2025-09-20T02:44:34,"{""context"": ""Indirect association noted as an analytical lead, not confirmed activity"", ""source_type"": ""informant_tip"", ""verified"": false}"
R001567,P113,P119,SUSPECTED_ASSOCIATE,0.52,2025-08-20T05:13:11,"{""context"": ""Indirect association noted as an analytical lead, not confirmed activity"", ""source_type"": ""informant_tip"", ""verified"": false}"
R001568,P037,V025,OWNS_VEHICLE,0.56,2025-07-13T02:44:16,"{""registration_status"": ""active"", ""source_type"": ""vehicle_registry""}"
R001569,P171,P170,EMPLOYED_WITH,0.9,2026-01-19T06:34:48,"{""context"": ""Shared employment recorded"", ""source_type"": ""employment_record""}"
R001570,P280,LOC006,WORKS_AT,0.54,2026-07-24T02:17:24,"{""role"": ""Staff"", ""source_type"": ""employment_record""}"
R001571,P051,P075,SUSPECTED_ASSOCIATE,0.95,2026-04-19T07:10:20,"{""context"": ""Indirect association noted as an analytical lead, not confirmed activity"", ""source_type"": ""informant_tip"", ""verified"": false}"
R001572,P011,V066,USED_VEHICLE,0.85,2025-11-25T04:31:42,"{""observation"": ""Vehicle observed in use"", ""source_type"": ""CCTV""}"
R001573,P462,V050,USED_VEHICLE,0.78,2025-03-03T13:56:50,"{""observation"": ""Vehicle observed in use"", ""source_type"": ""CCTV""}"
R001574,PH096,PH147,COMMUNICATED_WITH,0.73,2026-04-24T03:16:13,"{""contact_count"": 56, ""source_type"": ""telecom_record""}"
R001575,P320,P306,MESSAGED,0.63,2026-06-20T01:20:32,"{""message_count"": 105, ""source_type"": ""communication_record""}"
R001576,P133,P171,EMPLOYED_WITH,0.61,2026-08-31T10:28:45,"{""context"": ""Shared employment recorded"", ""source_type"": ""employment_record""}"
R001577,P328,P365,ASSOCIATED,0.8,2025-09-10T03:08:50,"{""context"": ""Indirect association noted as an analytical lead, not confirmed activity"", ""source_type"": ""informant_tip"", ""verified"": false}"
R001578,P367,P365,SUSPECTED_ASSOCIATE,0.92,2026-03-03T18:16:20,"{""context"": ""Indirect association noted as an analytical lead, not confirmed activity"", ""source_type"": ""informant_tip"", ""verified"": false}"
R001579,P120,P119,MESSAGED,0.81,2026-02-18T09:40:46,"{""message_count"": 144, ""source_type"": ""communication_record""}"
R001580,PH078,PH075,COMMUNICATED_WITH,0.87,2025-03-06T12:56:49,"{""contact_count"": 58, ""source_type"": ""telecom_record""}"
R001581,P302,PH043,USED_PHONE,0.81,2025-01-23T23:07:24,"{""observation"": ""Device usage recorded"", ""source_type"": ""telecom_record""}"
R001582,P133,P134,MET,0.76,2025-11-19T15:29:11,"{""details"": ""Brief meeting observed"", ""source_type"": ""surveillance"", ""verified"": true}"
R001583,P280,P282,ASSOCIATED,0.98,2025-06-19T13:30:26,"{""context"": ""Indirect association noted as an analytical lead, not confirmed activity"", ""source_type"": ""informant_tip"", ""verified"": false}"
R001584,P175,ACC056,TRANSACTION_WITH,0.7,2026-03-04T06:03:16,"{""amount"": 314678, ""currency"": ""INR"", ""transaction_type"": ""wire_transfer""}"
R001585,P278,P294,SUSPECTED_ASSOCIATE,0.81,2025-10-10T02:04:00,"{""context"": ""Indirect association noted as an analytical lead, not confirmed activity"", ""source_type"": ""informant_tip"", ""verified"": false}"
R001586,P112,PH104,MESSAGED,0.74,2026-01-26T03:38:15,"{""message_count"": 119, ""source_type"": ""communication_record""}"
R001587,P099,P118,MESSAGED,0.87,2025-12-16T02:27:56,"{""message_count"": 45, ""source_type"": ""communication_record""}"
R001588,P288,PH108,MESSAGED,0.98,2025-03-18T08:52:30,"{""message_count"": 106, ""source_type"": ""communication_record""}"
R001589,P299,P278,LOCATED_WITH,0.86,2025-01-23T13:21:48,"{""observation_note"": ""Presence recorded at location"", ""source_type"": ""location_record""}"
R001590,P099,ACC161,TRANSFERRED_TO,0.73,2025-09-10T10:49:03,"{""amount"": 48192, ""currency"": ""INR"", ""transaction_type"": ""wire_transfer""}"
R001591,P256,P257,SUSPECTED_ASSOCIATE,0.85,2026-04-13T01:50:17,"{""context"": ""Indirect association noted as an analytical lead, not confirmed activity"", ""source_type"": ""informant_tip"", ""verified"": false}"
R001592,P141,P109,ASSOCIATED,0.72,2026-06-27T17:44:37,"{""context"": ""Indirect association noted as an analytical lead, not confirmed activity"", ""source_type"": ""informant_tip"", ""verified"": false}"
R001593,P053,P062,MEMBER_OF,0.95,2025-05-18T09:14:34,"{""context"": ""Shared membership recorded"", ""source_type"": ""field_report""}"
R001594,P464,P462,CALLED,0.7,2026-07-15T19:55:04,"{""duration_seconds"": 2143, ""source_type"": ""call_record"", ""verified"": false}"
R001595,P454,ORG092,VISITED_ORG,0.76,2025-02-24T15:42:36,"{""duration_minutes"": 188, ""source_type"": ""location_record""}"
R001596,P340,V113,TRAVELED_IN,0.74,2026-05-18T14:37:10,"{""trip_note"": ""Travel recorded together"", ""source_type"": ""field_report""}"
R001597,P395,V011,USED_VEHICLE,0.68,2025-08-16T13:13:38,"{""observation"": ""Vehicle observed in use"", ""source_type"": ""CCTV""}"
R001598,P310,V110,TRAVELED_IN,0.89,2026-02-02T08:09:50,"{""trip_note"": ""Travel recorded together"", ""source_type"": ""field_report""}"
R001599,P054,P065,LOCATED_WITH,0.89,2026-04-18T19:10:54,"{""observation_note"": ""Presence recorded at location"", ""source_type"": ""location_record""}"
R001600,P029,P234,PARTNER,0.63,2025-03-17T10:33:15,"{""relationship_note"": ""Partner relation recorded"", ""source_type"": ""public_record""}"
R001601,P333,PH146,MESSAGED,0.63,2025-09-14T19:58:18,"{""message_count"": 10, ""source_type"": ""communication_record""}"
R001602,P136,V057,TRAVELED_IN,0.93,2025-04-25T23:22:00,"{""trip_note"": ""Travel recorded together"", ""source_type"": ""field_report""}"
R001603,P341,P335,FAMILY,0.72,2026-07-09T10:15:17,"{""relationship_note"": ""Partner relation recorded"", ""source_type"": ""public_record""}"
R001604,P328,P365,MESSAGED,0.63,2026-06-24T21:16:38,"{""message_count"": 59, ""source_type"": ""communication_record""}"
R001605,P288,P300,LOCATED_WITH,0.93,2025-06-14T09:39:59,"{""observation_note"": ""Presence recorded at location"", ""source_type"": ""location_record""}"
R001606,P470,P469,LOCATED_WITH,0.65,2026-01-06T11:26:45,"{""observation_note"": ""Presence recorded at location"", ""source_type"": ""location_record""}"
R001607,P309,P311,SUSPECTED_ASSOCIATE,0.57,2025-12-14T17:51:16,"{""context"": ""Indirect association noted as an analytical lead, not confirmed activity"", ""source_type"": ""informant_tip"", ""verified"": false}"
R001608,P311,PH092,OWNS_PHONE,0.74,2026-07-21T01:06:17,"{""registration_status"": ""active"", ""source_type"": ""telecom_registry""}"
R001609,P402,P418,MET,0.86,2026-05-12T01:02:55,"{""details"": ""Brief meeting observed"", ""source_type"": ""surveillance"", ""verified"": true}"
R001610,P132,P402,PARTNER,0.54,2025-03-18T18:30:41,"{""relationship_note"": ""Family relation recorded"", ""source_type"": ""public_record""}"
R001611,P375,P371,ASSOCIATED,0.61,2026-02-11T04:28:19,"{""context"": ""Indirect association noted as an analytical lead, not confirmed activity"", ""source_type"": ""informant_tip"", ""verified"": false}"
R001612,P478,V069,OWNS_VEHICLE,0.77,2025-05-18T19:32:51,"{""registration_status"": ""active"", ""source_type"": ""vehicle_registry""}"
R001613,P077,P083,CALLED,0.79,2025-05-28T14:07:14,"{""duration_seconds"": 2395, ""source_type"": ""call_record"", ""verified"": false}"
R001614,P307,P304,MET,0.73,2026-02-22T01:10:06,"{""details"": ""Meeting recorded at location"", ""source_type"": ""surveillance"", ""verified"": true}"
R001615,P109,P133,LOCATED_WITH,0.72,2026-08-21T17:52:14,"{""observation_note"": ""Presence recorded at location"", ""source_type"": ""location_record""}"
R001616,P492,PH065,MESSAGED,0.87,2026-04-03T10:35:29,"{""message_count"": 70, ""source_type"": ""communication_record""}"
R001617,P259,P143,PARTNER,0.83,2026-04-25T01:20:11,"{""relationship_note"": ""Partner relation recorded"", ""source_type"": ""public_record""}"
R001618,P230,PH082,USED_PHONE,0.94,2025-03-28T13:57:08,"{""observation"": ""Device usage recorded"", ""source_type"": ""telecom_record""}"
R001619,P363,P354,MESSAGED,0.72,2026-01-21T02:09:24,"{""message_count"": 138, ""source_type"": ""communication_record""}"
R001620,P365,LOC028,VISITED,0.65,2025-05-31T08:52:54,"{""duration_minutes"": 83, ""source_type"": ""location_record""}"
R001621,P453,P051,MEMBER_OF,0.6,2026-02-16T23:21:49,"{""context"": ""Shared membership recorded"", ""source_type"": ""field_report""}"
R001622,P102,PH102,USED_PHONE,0.89,2025-09-09T11:25:30,"{""observation"": ""Device usage recorded"", ""source_type"": ""telecom_record""}"
R001623,P158,LOC067,LOCATED_AT,0.98,2026-04-19T21:31:16,"{""observation_note"": ""Presence recorded at location"", ""source_type"": ""location_record""}"
R001624,P113,PH068,CALLED,0.73,2025-11-20T19:45:00,"{""duration_seconds"": 3522, ""source_type"": ""call_record"", ""verified"": false}"
R001625,P396,P385,PARTNER,0.69,2025-08-26T20:35:07,"{""relationship_note"": ""Partner relation recorded"", ""source_type"": ""public_record""}"
R001626,P175,P165,MET,0.51,2025-11-10T20:37:04,"{""details"": ""Extended meeting recorded"", ""source_type"": ""surveillance"", ""verified"": true}"
R001627,P180,P213,FAMILY,0.89,2026-04-10T07:54:50,"{""relationship_note"": ""Partner relation recorded"", ""source_type"": ""public_record""}"
R001628,P114,LOC042,VISITED,0.85,2025-03-24T23:32:27,"{""duration_minutes"": 189, ""source_type"": ""location_record""}"
R001629,P456,P459,SUSPECTED_ASSOCIATE,0.8,2025-02-05T17:30:04,"{""context"": ""Indirect association noted as an analytical lead, not confirmed activity"", ""source_type"": ""informant_tip"", ""verified"": false}"
R001630,P133,P160,MET,0.54,2026-07-26T04:50:35,"{""details"": ""Extended meeting recorded"", ""source_type"": ""surveillance"", ""verified"": false}"
R001631,P143,LOC026,WORKS_AT,0.78,2025-04-27T20:01:26,"{""role"": ""Contractor"", ""source_type"": ""employment_record""}"
R001632,P120,P110,TRAVELED_WITH,0.57,2026-03-21T20:31:12,"{""context"": ""Joint travel recorded"", ""source_type"": ""travel_record""}"
R001633,P358,V093,TRAVELED_IN,0.94,2026-06-28T02:59:21,"{""trip_note"": ""Travel recorded together"", ""source_type"": ""field_report""}"
R001634,P112,P107,MESSAGED,0.84,2025-06-16T20:24:04,"{""message_count"": 66, ""source_type"": ""communication_record""}"
R001635,P062,PH106,USED_PHONE,0.71,2025-01-18T23:19:45,"{""observation"": ""Device usage recorded"", ""source_type"": ""telecom_record""}"
R001636,P025,LOC066,WORKS_AT,0.68,2025-02-07T07:21:51,"{""role"": ""Advisor"", ""source_type"": ""employment_record""}"
R001637,P158,P161,TRAVELED_WITH,0.81,2025-01-25T22:05:21,"{""context"": ""Joint travel recorded"", ""source_type"": ""travel_record""}"
R001638,P472,V029,OWNS_VEHICLE,0.76,2026-03-16T02:04:57,"{""registration_status"": ""active"", ""source_type"": ""vehicle_registry""}"
R001639,P443,LOC079,WORKS_AT,0.82,2025-03-10T03:24:37,"{""role"": ""Manager"", ""source_type"": ""employment_record""}"
R001640,P217,V071,TRAVELED_IN,0.73,2026-08-19T20:03:55,"{""trip_note"": ""Travel recorded together"", ""source_type"": ""field_report""}"
R001641,P311,ORG010,MEMBER_OF,0.59,2026-07-28T22:46:35,"{""context"": ""Shared membership recorded"", ""source_type"": ""field_report""}"
R001642,P358,P421,TRAVELED_WITH,0.64,2025-12-19T16:03:03,"{""context"": ""Joint travel recorded"", ""source_type"": ""travel_record""}"
R001643,P004,PH083,OWNS_PHONE,0.71,2025-10-30T21:08:53,"{""registration_status"": ""active"", ""source_type"": ""telecom_registry""}"
R001644,P158,P197,LOCATED_WITH,0.9,2025-06-23T02:58:13,"{""observation_note"": ""Presence recorded at location"", ""source_type"": ""location_record""}"
R001645,P102,ACC038,TRANSFERRED_TO,0.6,2026-07-10T06:47:06,"{""amount"": 95703, ""currency"": ""INR"", ""transaction_type"": ""bank_transfer""}"
R001646,P272,P158,MET,0.61,2026-04-13T12:37:45,"{""details"": ""Meeting recorded at location"", ""source_type"": ""surveillance"", ""verified"": true}"
R001647,P440,P426,FAMILY,0.94,2025-11-26T13:13:12,"{""relationship_note"": ""Partner relation recorded"", ""source_type"": ""public_record""}"
R001648,P259,P257,MET,0.79,2025-01-09T07:04:58,"{""details"": ""Meeting recorded at location"", ""source_type"": ""surveillance"", ""verified"": true}"
R001649,P096,ACC054,OWNS_ACCOUNT,0.56,2026-01-29T13:38:04,"{""account_status"": ""active"", ""source_type"": ""financial_registry""}"
R001650,P154,P153,PARTNER,0.68,2026-04-15T19:11:29,"{""relationship_note"": ""Partner relation recorded"", ""source_type"": ""public_record""}"
R001651,P215,P214,MET,0.97,2025-12-21T22:14:07,"{""details"": ""Meeting recorded at location"", ""source_type"": ""surveillance"", ""verified"": false}"
R001652,P403,P424,CALLED,0.82,2025-08-29T18:28:41,"{""duration_seconds"": 1611, ""source_type"": ""call_record"", ""verified"": false}"
R001653,P021,P006,SUSPECTED_ASSOCIATE,0.56,2025-08-02T09:04:47,"{""context"": ""Indirect association noted as an analytical lead, not confirmed activity"", ""source_type"": ""informant_tip"", ""verified"": false}"
R001654,P026,P050,MEMBER_OF,0.68,2026-06-24T21:02:52,"{""context"": ""Shared membership recorded"", ""source_type"": ""field_report""}"
R001655,P446,P358,EMPLOYED_WITH,0.59,2025-05-03T07:41:24,"{""context"": ""Shared employment recorded"", ""source_type"": ""employment_record""}"
R001656,P014,ORG027,MEMBER_OF,0.65,2025-03-26T23:12:24,"{""context"": ""Shared membership recorded"", ""source_type"": ""field_report""}"
R001657,P014,PH007,CALLED,0.66,2025-07-25T23:20:18,"{""duration_seconds"": 1942, ""source_type"": ""call_record"", ""verified"": true}"
R001658,P021,V097,USED_VEHICLE,0.87,2025-04-23T02:42:27,"{""observation"": ""Vehicle observed in use"", ""source_type"": ""CCTV""}"
R001659,P051,V090,OWNS_VEHICLE,0.94,2025-05-12T20:11:14,"{""registration_status"": ""active"", ""source_type"": ""vehicle_registry""}"
R001660,P229,P268,CALLED,0.92,2025-02-21T12:24:04,"{""duration_seconds"": 3330, ""source_type"": ""call_record"", ""verified"": true}"
R001661,P029,P070,FAMILY,0.97,2025-12-31T15:52:17,"{""relationship_note"": ""Family relation recorded"", ""source_type"": ""public_record""}"
R001662,P112,P105,LOCATED_WITH,0.54,2026-08-05T13:07:55,"{""observation_note"": ""Presence recorded at location"", ""source_type"": ""location_record""}"
R001663,P051,P081,FAMILY,0.65,2025-11-10T16:05:45,"{""relationship_note"": ""Partner relation recorded"", ""source_type"": ""public_record""}"
R001664,P362,PH034,CALLED,0.66,2026-02-08T19:57:14,"{""duration_seconds"": 1550, ""source_type"": ""call_record"", ""verified"": true}"
R001665,P372,P004,EMPLOYED_WITH,0.91,2025-01-27T14:00:21,"{""context"": ""Shared employment recorded"", ""source_type"": ""employment_record""}"
R001666,P074,P056,PARTNER,0.93,2026-07-02T16:24:51,"{""relationship_note"": ""Partner relation recorded"", ""source_type"": ""public_record""}"
R001667,P272,P284,MEMBER_OF,0.75,2025-06-16T20:50:12,"{""context"": ""Shared membership recorded"", ""source_type"": ""field_report""}"
R001668,P415,P416,FAMILY,0.83,2025-05-25T17:14:43,"{""relationship_note"": ""Partner relation recorded"", ""source_type"": ""public_record""}"
R001669,P369,V110,OWNS_VEHICLE,0.81,2025-07-24T04:07:40,"{""registration_status"": ""active"", ""source_type"": ""vehicle_registry""}"
R001670,P112,ACC118,OWNS_ACCOUNT,0.91,2025-04-09T01:03:49,"{""account_status"": ""active"", ""source_type"": ""financial_registry""}"
R001671,P465,P391,FAMILY,0.97,2026-03-18T17:03:18,"{""relationship_note"": ""Family relation recorded"", ""source_type"": ""public_record""}"
R001672,P082,P096,ASSOCIATED,0.51,2026-02-01T19:57:08,"{""context"": ""Indirect association noted as an analytical lead, not confirmed activity"", ""source_type"": ""informant_tip"", ""verified"": false}"
R001673,P299,V039,TRAVELED_IN,0.78,2025-10-02T21:51:16,"{""trip_note"": ""Travel recorded together"", ""source_type"": ""field_report""}"
R001674,P113,P264,TRAVELED_WITH,0.55,2025-02-06T12:03:15,"{""context"": ""Joint travel recorded"", ""source_type"": ""travel_record""}"
R001675,P446,P443,LOCATED_WITH,0.8,2026-05-08T16:26:39,"{""observation_note"": ""Presence recorded at location"", ""source_type"": ""location_record""}"
R001676,P455,LOC052,VISITED,0.65,2025-08-05T06:09:02,"{""duration_minutes"": 235, ""source_type"": ""location_record""}"
R001677,P081,P001,MEMBER_OF,0.77,2025-11-24T04:55:57,"{""context"": ""Shared membership recorded"", ""source_type"": ""field_report""}"
R001678,P029,P031,LOCATED_WITH,0.9,2026-07-24T16:41:40,"{""observation_note"": ""Presence recorded at location"", ""source_type"": ""location_record""}"
R001679,P369,V108,USED_VEHICLE,0.69,2025-07-08T07:50:20,"{""observation"": ""Vehicle observed in use"", ""source_type"": ""CCTV""}"
R001680,P453,P488,CALLED,0.86,2025-09-30T04:03:58,"{""duration_seconds"": 2768, ""source_type"": ""call_record"", ""verified"": true}"
R001681,P158,P168,SUSPECTED_ASSOCIATE,0.55,2025-04-21T14:41:08,"{""context"": ""Indirect association noted as an analytical lead, not confirmed activity"", ""source_type"": ""informant_tip"", ""verified"": false}"
R001682,P318,PH077,USED_PHONE,0.9,2026-01-01T22:06:52,"{""observation"": ""Device usage recorded"", ""source_type"": ""telecom_record""}"
R001683,P415,P425,MEMBER_OF,0.63,2026-04-19T19:53:22,"{""context"": ""Shared membership recorded"", ""source_type"": ""field_report""}"
R001684,V120,LOC055,SEEN_AT,0.79,2025-10-24T07:42:26,"{""observation"": ""Vehicle observed in use"", ""source_type"": ""CCTV""}"
R001685,P360,ORG029,VISITED_ORG,0.76,2026-06-22T01:19:06,"{""duration_minutes"": 27, ""source_type"": ""location_record""}"
R001686,V127,LOC090,SEEN_AT,0.97,2026-04-14T14:37:35,"{""observation"": ""Vehicle observed in use"", ""source_type"": ""CCTV""}"
R001687,P133,P135,CALLED,0.81,2026-05-11T14:17:55,"{""duration_seconds"": 1361, ""source_type"": ""call_record"", ""verified"": false}"
R001688,P036,PH026,CALLED,0.85,2025-07-15T03:37:19,"{""duration_seconds"": 2003, ""source_type"": ""call_record"", ""verified"": true}"
R001689,P125,P393,LOCATED_WITH,0.8,2025-06-21T22:58:26,"{""observation_note"": ""Presence recorded at location"", ""source_type"": ""location_record""}"
R001690,P318,P329,TRAVELED_WITH,0.89,2026-04-17T04:21:44,"{""context"": ""Joint travel recorded"", ""source_type"": ""travel_record""}"
R001691,P060,ACC196,OWNS_ACCOUNT,0.62,2026-03-24T02:26:15,"{""account_status"": ""active"", ""source_type"": ""financial_registry""}"
R001692,P196,P187,LOCATED_WITH,0.72,2026-07-05T22:24:32,"{""observation_note"": ""Presence recorded at location"", ""source_type"": ""location_record""}"
R001693,P389,P390,MET,0.51,2026-02-11T01:03:11,"{""details"": ""Extended meeting recorded"", ""source_type"": ""surveillance"", ""verified"": true}"
R001694,P215,P216,CALLED,0.62,2025-09-13T12:18:02,"{""duration_seconds"": 3367, ""source_type"": ""call_record"", ""verified"": false}"
R001695,P021,P046,FAMILY,0.89,2025-07-13T04:07:27,"{""relationship_note"": ""Family relation recorded"", ""source_type"": ""public_record""}"
R001696,P205,P207,SUSPECTED_ASSOCIATE,0.92,2026-03-02T01:59:45,"{""context"": ""Indirect association noted as an analytical lead, not confirmed activity"", ""source_type"": ""informant_tip"", ""verified"": false}"
R001697,P402,P435,TRAVELED_WITH,0.85,2026-04-24T18:34:46,"{""context"": ""Joint travel recorded"", ""source_type"": ""travel_record""}"
R001698,P309,PH194,MESSAGED,0.69,2025-09-01T01:19:57,"{""message_count"": 68, ""source_type"": ""communication_record""}"
R001699,P162,LOC057,TRAVELED_TO,0.94,2026-01-13T01:16:09,"{""mode"": ""road"", ""source_type"": ""travel_record""}"
R001700,P053,ACC149,OWNS_ACCOUNT,0.65,2025-09-08T16:40:42,"{""account_status"": ""active"", ""source_type"": ""financial_registry""}"
R001701,P280,P296,TRAVELED_WITH,0.85,2026-03-20T04:21:25,"{""context"": ""Joint travel recorded"", ""source_type"": ""travel_record""}"
R001702,P408,ORG019,VISITED_ORG,0.85,2026-05-31T02:45:39,"{""duration_minutes"": 141, ""source_type"": ""location_record""}"
R001703,P370,P372,EMPLOYED_WITH,0.93,2025-04-14T07:54:05,"{""context"": ""Shared employment recorded"", ""source_type"": ""employment_record""}"
R001704,P112,P108,CALLED,0.83,2026-03-19T19:33:38,"{""duration_seconds"": 1136, ""source_type"": ""call_record"", ""verified"": true}"
R001705,P112,P107,ASSOCIATED,0.65,2026-06-24T21:12:48,"{""context"": ""Indirect association noted as an analytical lead, not confirmed activity"", ""source_type"": ""informant_tip"", ""verified"": false}"
R001706,P402,ACC107,TRANSACTION_WITH,0.77,2026-04-21T12:37:03,"{""amount"": 298340, ""currency"": ""INR"", ""transaction_type"": ""cash_deposit""}"
R001707,P285,P189,LOCATED_WITH,0.68,2026-02-07T18:52:16,"{""observation_note"": ""Presence recorded at location"", ""source_type"": ""location_record""}"
R001708,P178,LOC031,TRAVELED_TO,0.66,2025-12-02T00:17:19,"{""mode"": ""rail"", ""source_type"": ""travel_record""}"
R001709,P394,P393,MESSAGED,0.55,2026-06-23T10:10:01,"{""message_count"": 130, ""source_type"": ""communication_record""}"
R001710,P051,V059,USED_VEHICLE,0.85,2026-02-20T19:49:55,"{""observation"": ""Vehicle observed in use"", ""source_type"": ""CCTV""}"
R001711,P389,V058,TRAVELED_IN,0.73,2026-05-16T23:02:12,"{""trip_note"": ""Travel recorded together"", ""source_type"": ""field_report""}"
R001712,P259,P252,MEMBER_OF,0.73,2025-01-10T13:02:56,"{""context"": ""Shared membership recorded"", ""source_type"": ""field_report""}"
R001713,P175,V071,TRAVELED_IN,0.78,2025-02-19T12:53:10,"{""trip_note"": ""Travel recorded together"", ""source_type"": ""field_report""}"
R001714,P339,ACC126,OWNS_ACCOUNT,0.71,2026-07-20T06:26:20,"{""account_status"": ""active"", ""source_type"": ""financial_registry""}"
R001715,P112,V116,USED_VEHICLE,0.65,2025-04-14T13:57:02,"{""observation"": ""Vehicle observed in use"", ""source_type"": ""CCTV""}"
R001716,P113,PH131,CALLED,0.96,2025-08-25T15:17:38,"{""duration_seconds"": 605, ""source_type"": ""call_record"", ""verified"": false}"
R001717,P337,ORG046,WORKS_FOR,0.79,2026-04-19T11:39:50,"{""role"": ""Consultant"", ""source_type"": ""employment_record""}"
R001718,P357,PH188,MESSAGED,0.6,2026-02-16T11:39:55,"{""message_count"": 46, ""source_type"": ""communication_record""}"
R001719,P355,LOC043,RESIDES_AT,0.54,2025-01-23T21:41:16,"{""since"": ""2025-11-10"", ""source_type"": ""registration_record""}"
R001720,P183,P187,EMPLOYED_WITH,0.65,2026-06-17T07:54:25,"{""context"": ""Shared employment recorded"", ""source_type"": ""employment_record""}"
R001721,P102,P109,FAMILY,0.67,2026-03-18T10:32:09,"{""relationship_note"": ""Family relation recorded"", ""source_type"": ""public_record""}"
R001722,P360,P363,LOCATED_WITH,0.68,2025-01-16T20:17:51,"{""observation_note"": ""Presence recorded at location"", ""source_type"": ""location_record""}"
R001723,P295,P286,MET,0.89,2026-02-15T23:31:47,"{""details"": ""Extended meeting recorded"", ""source_type"": ""surveillance"", ""verified"": false}"
R001724,P309,LOC064,LOCATED_AT,0.59,2025-05-14T21:38:15,"{""observation_note"": ""Presence recorded at location"", ""source_type"": ""location_record""}"
R001725,P432,P445,CALLED,0.72,2025-09-26T03:53:18,"{""duration_seconds"": 3480, ""source_type"": ""call_record"", ""verified"": true}"
R001726,P446,P371,MET,0.96,2025-12-12T17:23:08,"{""details"": ""Brief meeting observed"", ""source_type"": ""surveillance"", ""verified"": true}"
R001727,P426,P470,LOCATED_WITH,0.8,2025-05-21T03:12:43,"{""observation_note"": ""Presence recorded at location"", ""source_type"": ""location_record""}"
R001728,P191,P179,SUSPECTED_ASSOCIATE,0.53,2025-12-20T03:36:31,"{""context"": ""Indirect association noted as an analytical lead, not confirmed activity"", ""source_type"": ""informant_tip"", ""verified"": false}"
R001729,P233,P227,ASSOCIATED,0.95,2025-04-20T19:32:23,"{""context"": ""Indirect association noted as an analytical lead, not confirmed activity"", ""source_type"": ""informant_tip"", ""verified"": false}"
R001730,P403,ACC024,OWNS_ACCOUNT,0.83,2026-05-28T08:57:14,"{""account_status"": ""active"", ""source_type"": ""financial_registry""}"
R001731,P265,P269,LOCATED_WITH,0.64,2026-02-14T14:16:59,"{""observation_note"": ""Presence recorded at location"", ""source_type"": ""location_record""}"
R001732,P302,P314,ASSOCIATED,0.51,2026-08-17T01:05:35,"{""context"": ""Indirect association noted as an analytical lead, not confirmed activity"", ""source_type"": ""informant_tip"", ""verified"": false}"
R001733,P143,P367,MEMBER_OF,0.91,2026-06-13T00:57:41,"{""context"": ""Shared membership recorded"", ""source_type"": ""field_report""}"
R001734,P360,P356,FAMILY,0.86,2025-03-11T06:34:31,"{""relationship_note"": ""Family relation recorded"", ""source_type"": ""public_record""}"
R001735,P461,P473,EMPLOYED_WITH,0.86,2025-08-24T07:19:16,"{""context"": ""Shared employment recorded"", ""source_type"": ""employment_record""}"
R001736,P333,P051,TRAVELED_WITH,0.94,2025-05-19T11:34:07,"{""context"": ""Joint travel recorded"", ""source_type"": ""travel_record""}"
R001737,P109,V053,TRAVELED_IN,0.78,2025-02-26T16:08:16,"{""trip_note"": ""Travel recorded together"", ""source_type"": ""field_report""}"
R001738,P109,PH177,MESSAGED,0.56,2025-02-05T03:13:14,"{""message_count"": 75, ""source_type"": ""communication_record""}"
R001739,P399,P486,SUSPECTED_ASSOCIATE,0.68,2025-07-06T17:08:44,"{""context"": ""Indirect association noted as an analytical lead, not confirmed activity"", ""source_type"": ""informant_tip"", ""verified"": false}"
R001740,P082,LOC032,LOCATED_AT,0.8,2025-02-04T18:19:37,"{""observation_note"": ""Presence recorded at location"", ""source_type"": ""location_record""}"
R001741,P413,P407,SUSPECTED_ASSOCIATE,0.82,2025-11-25T10:19:12,"{""context"": ""Indirect association noted as an analytical lead, not confirmed activity"", ""source_type"": ""informant_tip"", ""verified"": false}"
R001742,P215,ORG053,WORKS_FOR,0.68,2025-11-14T20:06:15,"{""role"": ""Manager"", ""source_type"": ""employment_record""}"
R001743,P298,LOC081,TRAVELED_TO,0.84,2026-01-15T05:00:54,"{""mode"": ""road"", ""source_type"": ""travel_record""}"
R001744,P318,PH058,USED_PHONE,0.53,2025-12-15T20:21:23,"{""observation"": ""Device usage recorded"", ""source_type"": ""telecom_record""}"
R001745,P070,P054,MEMBER_OF,0.63,2025-05-04T10:33:17,"{""context"": ""Shared membership recorded"", ""source_type"": ""field_report""}"
R001746,P133,PH074,MESSAGED,0.64,2026-06-24T20:05:51,"{""message_count"": 146, ""source_type"": ""communication_record""}"
R001747,P416,P403,CALLED,0.74,2026-08-15T01:52:06,"{""duration_seconds"": 535, ""source_type"": ""call_record"", ""verified"": true}"
R001748,P401,P424,CALLED,0.62,2025-03-26T22:19:04,"{""duration_seconds"": 2535, ""source_type"": ""call_record"", ""verified"": false}"
R001749,P018,P367,MEMBER_OF,0.6,2025-04-21T21:12:54,"{""context"": ""Shared membership recorded"", ""source_type"": ""field_report""}"
R001750,P167,P442,MET,0.6,2026-03-18T19:13:32,"{""details"": ""Extended meeting recorded"", ""source_type"": ""surveillance"", ""verified"": true}"
R001751,P112,P111,FAMILY,0.72,2025-04-29T21:56:40,"{""relationship_note"": ""Partner relation recorded"", ""source_type"": ""public_record""}"
R001752,P278,P287,LOCATED_WITH,0.84,2025-07-10T21:35:56,"{""observation_note"": ""Presence recorded at location"", ""source_type"": ""location_record""}"
R001753,P099,P180,MET,0.5,2026-04-16T23:20:36,"{""details"": ""Meeting recorded at location"", ""source_type"": ""surveillance"", ""verified"": true}"
R001754,P062,LOC029,WORKS_AT,0.87,2026-08-21T01:31:17,"{""role"": ""Consultant"", ""source_type"": ""employment_record""}"
R001755,P430,P309,MET,0.8,2025-02-27T10:02:36,"{""details"": ""Brief meeting observed"", ""source_type"": ""surveillance"", ""verified"": true}"
R001756,P171,PH163,CALLED,0.72,2026-04-21T19:51:00,"{""duration_seconds"": 642, ""source_type"": ""call_record"", ""verified"": false}"
R001757,P230,P248,ASSOCIATED,0.97,2025-10-07T17:24:20,"{""context"": ""Indirect association noted as an analytical lead, not confirmed activity"", ""source_type"": ""informant_tip"", ""verified"": false}"
R001758,P367,P369,MESSAGED,0.98,2026-04-06T13:43:21,"{""message_count"": 33, ""source_type"": ""communication_record""}"
R001759,P450,LOC054,LOCATED_AT,0.93,2025-10-02T03:18:14,"{""observation_note"": ""Presence recorded at location"", ""source_type"": ""location_record""}"
R001760,P229,P272,MEMBER_OF,0.85,2025-12-18T07:42:11,"{""context"": ""Shared membership recorded"", ""source_type"": ""field_report""}"
R001761,P453,P471,ASSOCIATED,0.73,2025-06-18T12:24:52,"{""context"": ""Indirect association noted as an analytical lead, not confirmed activity"", ""source_type"": ""informant_tip"", ""verified"": false}"
R001762,P309,ORG028,ASSOCIATED_WITH,0.69,2025-11-14T01:33:01,"{""context"": ""Indirect association noted as an analytical lead, not confirmed activity"", ""source_type"": ""informant_tip"", ""verified"": false}"
R001763,P426,P413,SUSPECTED_ASSOCIATE,0.6,2026-02-26T15:03:37,"{""context"": ""Indirect association noted as an analytical lead, not confirmed activity"", ""source_type"": ""informant_tip"", ""verified"": false}"
R001764,P280,P298,SUSPECTED_ASSOCIATE,0.98,2025-02-16T10:53:27,"{""context"": ""Indirect association noted as an analytical lead, not confirmed activity"", ""source_type"": ""informant_tip"", ""verified"": false}"
R001765,P309,PH148,USED_PHONE,0.88,2026-08-21T11:40:24,"{""observation"": ""Device usage recorded"", ""source_type"": ""telecom_record""}"
R001766,P413,P417,PARTNER,0.96,2025-11-16T10:59:46,"{""relationship_note"": ""Family relation recorded"", ""source_type"": ""public_record""}"
R001767,P010,PH014,OWNS_PHONE,0.66,2025-02-20T18:22:51,"{""registration_status"": ""active"", ""source_type"": ""telecom_registry""}"
R001768,P454,P453,ASSOCIATED,0.95,2025-10-05T01:18:07,"{""context"": ""Indirect association noted as an analytical lead, not confirmed activity"", ""source_type"": ""informant_tip"", ""verified"": false}"
R001769,P099,P118,MEMBER_OF,0.93,2025-12-13T21:32:41,"{""context"": ""Shared membership recorded"", ""source_type"": ""field_report""}"
R001770,P214,P222,TRAVELED_WITH,0.98,2025-04-02T23:53:25,"{""context"": ""Joint travel recorded"", ""source_type"": ""travel_record""}"
R001771,P318,PH038,OWNS_PHONE,0.95,2025-07-13T16:57:45,"{""registration_status"": ""active"", ""source_type"": ""telecom_registry""}"
R001772,P367,P288,MESSAGED,0.94,2026-03-04T01:29:08,"{""message_count"": 126, ""source_type"": ""communication_record""}"
R001773,P416,ACC022,RECEIVED_FROM,0.93,2026-03-17T05:36:03,"{""amount"": 36618, ""currency"": ""INR"", ""transaction_type"": ""cash_deposit""}"
R001774,P082,P369,SUSPECTED_ASSOCIATE,0.97,2025-08-22T02:21:14,"{""context"": ""Indirect association noted as an analytical lead, not confirmed activity"", ""source_type"": ""informant_tip"", ""verified"": false}"
R001775,P482,P496,CALLED,0.7,2026-07-07T13:36:34,"{""duration_seconds"": 707, ""source_type"": ""call_record"", ""verified"": false}"
R001776,P133,LOC067,WORKS_AT,0.94,2025-05-30T03:34:15,"{""role"": ""Consultant"", ""source_type"": ""employment_record""}"
R001777,P333,P340,MET,0.63,2025-05-10T14:54:16,"{""details"": ""Extended meeting recorded"", ""source_type"": ""surveillance"", ""verified"": false}"
R001778,P074,PH160,OWNS_PHONE,0.51,2025-09-16T14:03:26,"{""registration_status"": ""active"", ""source_type"": ""telecom_registry""}"
R001779,P229,P273,EMPLOYED_WITH,0.84,2025-08-24T02:55:55,"{""context"": ""Shared employment recorded"", ""source_type"": ""employment_record""}"
R001780,P168,P345,EMPLOYED_WITH,0.74,2026-02-03T03:15:44,"{""context"": ""Shared employment recorded"", ""source_type"": ""employment_record""}"
R001781,P029,P070,SUSPECTED_ASSOCIATE,0.92,2025-12-16T10:15:47,"{""context"": ""Indirect association noted as an analytical lead, not confirmed activity"", ""source_type"": ""informant_tip"", ""verified"": false}"
R001782,P385,ORG014,MEMBER_OF,0.62,2025-01-18T20:53:24,"{""context"": ""Shared membership recorded"", ""source_type"": ""field_report""}"
R001783,P415,P411,MESSAGED,0.8,2025-12-10T23:36:55,"{""message_count"": 40, ""source_type"": ""communication_record""}"
R001784,P369,P379,SUSPECTED_ASSOCIATE,0.57,2025-12-24T21:14:41,"{""context"": ""Indirect association noted as an analytical lead, not confirmed activity"", ""source_type"": ""informant_tip"", ""verified"": false}"
R001785,P046,ORG012,MEMBER_OF,0.5,2025-03-05T00:51:00,"{""context"": ""Shared membership recorded"", ""source_type"": ""field_report""}"
R001786,P021,LOC011,LOCATED_AT,0.69,2025-07-01T00:50:48,"{""observation_note"": ""Presence recorded at location"", ""source_type"": ""location_record""}"
R001787,P389,PH182,MESSAGED,0.98,2025-05-30T15:02:36,"{""message_count"": 48, ""source_type"": ""communication_record""}"
R001788,P367,P123,SUSPECTED_ASSOCIATE,0.78,2025-07-16T08:03:28,"{""context"": ""Indirect association noted as an analytical lead, not confirmed activity"", ""source_type"": ""informant_tip"", ""verified"": false}"
R001789,P404,P409,CALLED,0.81,2025-04-07T07:43:10,"{""duration_seconds"": 2441, ""source_type"": ""call_record"", ""verified"": false}"
R001790,P112,PH065,CALLED,0.9,2026-01-29T12:43:24,"{""duration_seconds"": 3027, ""source_type"": ""call_record"", ""verified"": true}"
R001791,P360,P353,SUSPECTED_ASSOCIATE,0.94,2026-05-24T15:08:33,"{""context"": ""Indirect association noted as an analytical lead, not confirmed activity"", ""source_type"": ""informant_tip"", ""verified"": false}"
R001792,P312,P325,EMPLOYED_WITH,0.72,2026-08-10T22:20:21,"{""context"": ""Shared employment recorded"", ""source_type"": ""employment_record""}"
R001793,P155,ACC198,OWNS_ACCOUNT,0.95,2026-06-08T21:36:44,"{""account_status"": ""active"", ""source_type"": ""financial_registry""}"
R001794,P029,P061,LOCATED_WITH,0.86,2026-06-14T00:15:59,"{""observation_note"": ""Presence recorded at location"", ""source_type"": ""location_record""}"
R001795,P150,P102,FAMILY,0.52,2026-01-24T02:59:19,"{""relationship_note"": ""Partner relation recorded"", ""source_type"": ""public_record""}"
R001796,P402,P229,PARTNER,0.72,2025-12-25T13:35:50,"{""relationship_note"": ""Family relation recorded"", ""source_type"": ""public_record""}"
R001797,P453,V036,USED_VEHICLE,0.89,2025-10-27T11:26:13,"{""observation"": ""Vehicle observed in use"", ""source_type"": ""CCTV""}"
R001798,P004,P023,MESSAGED,0.57,2026-05-07T00:55:56,"{""message_count"": 48, ""source_type"": ""communication_record""}"
R001799,P131,P142,EMPLOYED_WITH,0.65,2025-01-13T17:31:11,"{""context"": ""Shared employment recorded"", ""source_type"": ""employment_record""}"
R001800,P112,ACC125,RECEIVED_FROM,0.8,2026-03-03T16:13:40,"{""amount"": 262191, ""currency"": ""INR"", ""transaction_type"": ""upi_transfer""}"
R001801,P024,P029,MEMBER_OF,0.73,2025-05-05T03:16:22,"{""context"": ""Shared membership recorded"", ""source_type"": ""field_report""}"
R001802,P382,P376,TRAVELED_WITH,0.81,2025-07-02T15:33:31,"{""context"": ""Joint travel recorded"", ""source_type"": ""travel_record""}"
R001803,P299,P292,SUSPECTED_ASSOCIATE,0.86,2025-08-30T06:13:33,"{""context"": ""Indirect association noted as an analytical lead, not confirmed activity"", ""source_type"": ""informant_tip"", ""verified"": false}"
R001804,P280,LOC061,TRAVELED_TO,0.53,2025-04-10T12:34:54,"{""mode"": ""rail"", ""source_type"": ""travel_record""}"
R001805,P328,P426,ASSOCIATED,0.94,2025-07-11T03:49:12,"{""context"": ""Indirect association noted as an analytical lead, not confirmed activity"", ""source_type"": ""informant_tip"", ""verified"": false}"
R001806,P371,P355,TRAVELED_WITH,0.88,2025-08-06T21:28:59,"{""context"": ""Joint travel recorded"", ""source_type"": ""travel_record""}"
R001807,P389,P419,LOCATED_WITH,0.51,2025-06-27T19:30:10,"{""observation_note"": ""Presence recorded at location"", ""source_type"": ""location_record""}"
R001808,P302,P317,EMPLOYED_WITH,0.94,2025-03-16T05:47:23,"{""context"": ""Shared employment recorded"", ""source_type"": ""employment_record""}"
R001809,P029,ACC100,RECEIVED_FROM,0.88,2026-07-20T07:40:31,"{""amount"": 415359, ""currency"": ""INR"", ""transaction_type"": ""wire_transfer""}"
R001810,P229,V058,OWNS_VEHICLE,0.81,2025-10-10T13:23:47,"{""registration_status"": ""active"", ""source_type"": ""vehicle_registry""}"
R001811,P369,P230,MEMBER_OF,0.93,2026-04-28T01:48:05,"{""context"": ""Shared membership recorded"", ""source_type"": ""field_report""}"
R001812,P295,P300,ASSOCIATED,0.93,2026-05-17T15:21:34,"{""context"": ""Indirect association noted as an analytical lead, not confirmed activity"", ""source_type"": ""informant_tip"", ""verified"": false}"
R001813,P180,P176,FAMILY,0.51,2026-04-29T02:20:29,"{""relationship_note"": ""Partner relation recorded"", ""source_type"": ""public_record""}"
R001814,P183,P191,MESSAGED,0.55,2025-12-28T03:06:00,"{""message_count"": 71, ""source_type"": ""communication_record""}"
R001815,P096,P076,LOCATED_WITH,0.93,2025-06-03T14:53:57,"{""observation_note"": ""Presence recorded at location"", ""source_type"": ""location_record""}"
R001816,P346,P347,MESSAGED,0.66,2025-10-14T11:20:25,"{""message_count"": 46, ""source_type"": ""communication_record""}"
R001817,P158,P152,MET,0.53,2026-08-14T17:20:05,"{""details"": ""Extended meeting recorded"", ""source_type"": ""surveillance"", ""verified"": true}"
R001818,P259,P113,MESSAGED,0.98,2025-02-22T17:38:53,"{""message_count"": 87, ""source_type"": ""communication_record""}"
R001819,P272,P271,CALLED,0.84,2025-09-24T20:40:00,"{""duration_seconds"": 2260, ""source_type"": ""call_record"", ""verified"": true}"
R001820,P058,LOC034,LOCATED_AT,0.61,2025-12-15T08:36:41,"{""observation_note"": ""Presence recorded at location"", ""source_type"": ""location_record""}"
R001821,P051,P066,TRAVELED_WITH,0.61,2026-06-15T21:46:20,"{""context"": ""Joint travel recorded"", ""source_type"": ""travel_record""}"
R001822,P453,P486,ASSOCIATED,0.87,2025-06-20T02:28:21,"{""context"": ""Indirect association noted as an analytical lead, not confirmed activity"", ""source_type"": ""informant_tip"", ""verified"": false}"
R001823,P235,PH172,CALLED,0.85,2025-01-15T22:57:10,"{""duration_seconds"": 1714, ""source_type"": ""call_record"", ""verified"": true}"
R001824,P288,P299,MET,0.93,2026-04-04T00:13:14,"{""details"": ""Extended meeting recorded"", ""source_type"": ""surveillance"", ""verified"": true}"
R001825,P230,P248,TRAVELED_WITH,0.64,2025-04-29T06:15:17,"{""context"": ""Joint travel recorded"", ""source_type"": ""travel_record""}"
R001826,P109,P112,EMPLOYED_WITH,0.69,2026-02-01T19:29:11,"{""context"": ""Shared employment recorded"", ""source_type"": ""employment_record""}"
R001827,P224,PH167,OWNS_PHONE,0.83,2025-12-17T19:21:43,"{""registration_status"": ""active"", ""source_type"": ""telecom_registry""}"
R001828,P055,V100,OWNS_VEHICLE,0.89,2025-06-08T21:50:06,"{""registration_status"": ""active"", ""source_type"": ""vehicle_registry""}"
R001829,P362,V077,OWNS_VEHICLE,0.91,2025-06-09T16:20:54,"{""registration_status"": ""active"", ""source_type"": ""vehicle_registry""}"
R001830,P175,PH014,CALLED,0.82,2026-04-06T19:08:01,"{""duration_seconds"": 956, ""source_type"": ""call_record"", ""verified"": false}"
R001831,P328,P353,FAMILY,0.66,2025-01-19T11:53:51,"{""relationship_note"": ""Partner relation recorded"", ""source_type"": ""public_record""}"
R001832,P225,ACC101,RECEIVED_FROM,0.79,2025-10-29T19:30:06,"{""amount"": 87142, ""currency"": ""INR"", ""transaction_type"": ""upi_transfer""}"
R001833,P318,P030,FAMILY,0.5,2026-04-09T12:02:48,"{""relationship_note"": ""Family relation recorded"", ""source_type"": ""public_record""}"
R001834,P446,PH078,CALLED,0.72,2025-01-09T17:00:18,"{""duration_seconds"": 2999, ""source_type"": ""call_record"", ""verified"": true}"
R001835,P468,P462,ASSOCIATED,0.7,2025-10-13T20:56:41,"{""context"": ""Indirect association noted as an analytical lead, not confirmed activity"", ""source_type"": ""informant_tip"", ""verified"": false}"
R001836,P143,P132,MET,0.89,2026-07-12T23:57:04,"{""details"": ""Brief meeting observed"", ""source_type"": ""surveillance"", ""verified"": true}"
R001837,P417,P409,ASSOCIATED,0.84,2025-03-08T20:55:55,"{""context"": ""Indirect association noted as an analytical lead, not confirmed activity"", ""source_type"": ""informant_tip"", ""verified"": false}"
R001838,P201,P203,MESSAGED,0.91,2026-07-23T02:55:06,"{""message_count"": 106, ""source_type"": ""communication_record""}"
R001839,P318,P415,LOCATED_WITH,0.85,2025-01-11T07:21:11,"{""observation_note"": ""Presence recorded at location"", ""source_type"": ""location_record""}"
R001840,P460,P474,MET,0.5,2025-07-27T14:32:35,"{""details"": ""Extended meeting recorded"", ""source_type"": ""surveillance"", ""verified"": true}"
R001841,P369,ORG092,VISITED_ORG,0.92,2025-12-05T03:24:34,"{""duration_minutes"": 17, ""source_type"": ""location_record""}"
R001842,P389,P387,LOCATED_WITH,0.68,2025-03-10T16:11:37,"{""observation_note"": ""Presence recorded at location"", ""source_type"": ""location_record""}"
R001843,P173,P163,PARTNER,0.98,2025-04-24T03:57:52,"{""relationship_note"": ""Partner relation recorded"", ""source_type"": ""public_record""}"
R001844,P212,P040,MEMBER_OF,0.57,2026-06-07T11:15:10,"{""context"": ""Shared membership recorded"", ""source_type"": ""field_report""}"
R001845,P224,ACC139,TRANSACTION_WITH,0.92,2026-05-17T08:19:25,"{""amount"": 86628, ""currency"": ""INR"", ""transaction_type"": ""bank_transfer""}"
R001846,P272,P256,MESSAGED,0.78,2026-05-01T12:00:55,"{""message_count"": 53, ""source_type"": ""communication_record""}"
R001847,P390,LOC015,VISITED,0.99,2025-11-04T20:30:10,"{""duration_minutes"": 144, ""source_type"": ""location_record""}"
R001848,P413,P410,LOCATED_WITH,0.96,2025-03-22T15:15:27,"{""observation_note"": ""Presence recorded at location"", ""source_type"": ""location_record""}"
R001849,P369,V126,TRAVELED_IN,0.56,2026-06-16T06:53:00,"{""trip_note"": ""Travel recorded together"", ""source_type"": ""field_report""}"
R001850,P446,V134,TRAVELED_IN,0.82,2025-10-17T23:13:43,"{""trip_note"": ""Travel recorded together"", ""source_type"": ""field_report""}"
R001851,P328,P112,PARTNER,0.58,2026-03-25T04:25:18,"{""relationship_note"": ""Family relation recorded"", ""source_type"": ""public_record""}"
R001852,P238,V019,OWNS_VEHICLE,0.84,2026-01-27T20:46:05,"{""registration_status"": ""active"", ""source_type"": ""vehicle_registry""}"
R001853,P415,P407,EMPLOYED_WITH,0.88,2025-12-04T03:20:54,"{""context"": ""Shared employment recorded"", ""source_type"": ""employment_record""}"
R001854,P004,P013,MEMBER_OF,0.71,2025-01-14T10:08:04,"{""context"": ""Shared membership recorded"", ""source_type"": ""field_report""}"
R001855,P019,P002,SUSPECTED_ASSOCIATE,0.67,2026-01-07T14:45:30,"{""context"": ""Indirect association noted as an analytical lead, not confirmed activity"", ""source_type"": ""informant_tip"", ""verified"": false}"
R001856,P367,P370,EMPLOYED_WITH,0.67,2026-01-03T20:29:49,"{""context"": ""Shared employment recorded"", ""source_type"": ""employment_record""}"
R001857,P181,ACC125,OWNS_ACCOUNT,0.87,2026-01-16T20:00:43,"{""account_status"": ""active"", ""source_type"": ""financial_registry""}"
R001858,P215,P205,TRAVELED_WITH,0.85,2025-07-15T20:32:08,"{""context"": ""Joint travel recorded"", ""source_type"": ""travel_record""}"
R001859,P360,ACC062,TRANSACTION_WITH,0.8,2025-12-20T03:57:54,"{""amount"": 246537, ""currency"": ""INR"", ""transaction_type"": ""bank_transfer""}"
R001860,P215,P205,MEMBER_OF,0.83,2026-03-06T05:41:27,"{""context"": ""Shared membership recorded"", ""source_type"": ""field_report""}"
R001861,P021,P041,MEMBER_OF,0.84,2026-01-29T06:00:51,"{""context"": ""Shared membership recorded"", ""source_type"": ""field_report""}"
R001862,P120,P117,SUSPECTED_ASSOCIATE,0.94,2026-02-21T01:28:50,"{""context"": ""Indirect association noted as an analytical lead, not confirmed activity"", ""source_type"": ""informant_tip"", ""verified"": false}"
R001863,P158,P180,MET,0.74,2026-06-04T05:21:49,"{""details"": ""Meeting recorded at location"", ""source_type"": ""surveillance"", ""verified"": false}"
R001864,P367,V012,OWNS_VEHICLE,0.65,2026-05-23T21:02:55,"{""registration_status"": ""active"", ""source_type"": ""vehicle_registry""}"
R001865,P113,P124,LOCATED_WITH,0.56,2026-06-15T12:39:37,"{""observation_note"": ""Presence recorded at location"", ""source_type"": ""location_record""}"
R001866,P217,P224,LOCATED_WITH,0.85,2025-04-13T12:38:23,"{""observation_note"": ""Presence recorded at location"", ""source_type"": ""location_record""}"
R001867,P215,ORG005,WORKS_FOR,0.64,2025-10-14T01:23:29,"{""role"": ""Advisor"", ""source_type"": ""employment_record""}"
R001868,P041,V092,OWNS_VEHICLE,0.73,2025-02-21T23:49:30,"{""registration_status"": ""active"", ""source_type"": ""vehicle_registry""}"
R001869,P143,P130,MESSAGED,0.72,2026-04-09T18:14:07,"{""message_count"": 140, ""source_type"": ""communication_record""}"
R001870,P215,P213,MEMBER_OF,0.79,2025-07-24T06:47:59,"{""context"": ""Shared membership recorded"", ""source_type"": ""field_report""}"
R001871,P415,P401,ASSOCIATED,0.83,2025-12-03T09:50:16,"{""context"": ""Indirect association noted as an analytical lead, not confirmed activity"", ""source_type"": ""informant_tip"", ""verified"": false}"
R001872,P082,P413,FAMILY,0.59,2025-01-07T21:06:56,"{""relationship_note"": ""Partner relation recorded"", ""source_type"": ""public_record""}"
R001873,P274,P253,CALLED,0.56,2025-06-16T07:31:57,"{""duration_seconds"": 2103, ""source_type"": ""call_record"", ""verified"": true}"
R001874,P258,ORG010,VISITED_ORG,0.78,2025-02-22T19:30:01,"{""duration_minutes"": 68, ""source_type"": ""location_record""}"
R001875,P446,PH068,CALLED,0.7,2025-11-18T04:21:33,"{""duration_seconds"": 3096, ""source_type"": ""call_record"", ""verified"": false}"
R001876,P029,P070,EMPLOYED_WITH,0.68,2025-09-06T22:19:17,"{""context"": ""Shared employment recorded"", ""source_type"": ""employment_record""}"
R001877,P453,P465,MESSAGED,0.87,2025-06-24T13:06:14,"{""message_count"": 41, ""source_type"": ""communication_record""}"
R001878,P029,P040,FAMILY,0.54,2026-02-09T20:57:45,"{""relationship_note"": ""Family relation recorded"", ""source_type"": ""public_record""}"
R001879,P133,V072,USED_VEHICLE,0.73,2025-02-01T00:41:41,"{""observation"": ""Vehicle observed in use"", ""source_type"": ""CCTV""}"
R001880,P402,LOC078,TRAVELED_TO,0.66,2025-09-23T05:41:51,"{""mode"": ""rail"", ""source_type"": ""travel_record""}"
R001881,P230,LOC097,WORKS_AT,0.93,2025-12-31T23:47:32,"{""role"": ""Advisor"", ""source_type"": ""employment_record""}"
R001882,P229,PH024,USED_PHONE,0.84,2026-06-14T20:49:39,"{""observation"": ""Device usage recorded"", ""source_type"": ""telecom_record""}"
R001883,P120,ACC069,OWNS_ACCOUNT,0.96,2026-02-18T18:58:36,"{""account_status"": ""active"", ""source_type"": ""financial_registry""}"
R001884,P149,ORG042,MEMBER_OF,0.94,2026-04-07T17:02:58,"{""context"": ""Shared membership recorded"", ""source_type"": ""field_report""}"
R001885,P160,P159,FAMILY,0.59,2026-07-08T14:04:48,"{""relationship_note"": ""Family relation recorded"", ""source_type"": ""public_record""}"
R001886,P102,LOC088,TRAVELED_TO,0.68,2026-06-19T15:26:30,"{""mode"": ""air"", ""source_type"": ""travel_record""}"
R001887,P099,P085,MEMBER_OF,0.6,2025-06-08T19:29:39,"{""context"": ""Shared membership recorded"", ""source_type"": ""field_report""}"
R001888,P418,LOC064,LOCATED_AT,0.68,2025-09-20T01:04:16,"{""observation_note"": ""Presence recorded at location"", ""source_type"": ""location_record""}"
R001889,P226,P235,FAMILY,0.62,2026-07-11T22:37:17,"{""relationship_note"": ""Partner relation recorded"", ""source_type"": ""public_record""}"
R001890,P029,LOC033,VISITED,0.95,2025-11-02T07:33:37,"{""duration_minutes"": 121, ""source_type"": ""location_record""}"
R001891,P256,ACC108,RECEIVED_FROM,0.6,2026-03-04T16:45:05,"{""amount"": 27235, ""currency"": ""INR"", ""transaction_type"": ""upi_transfer""}"
R001892,P230,PH100,OWNS_PHONE,0.65,2026-01-16T06:03:08,"{""registration_status"": ""active"", ""source_type"": ""telecom_registry""}"
R001893,P494,P478,PARTNER,0.77,2025-04-06T11:19:53,"{""relationship_note"": ""Partner relation recorded"", ""source_type"": ""public_record""}"
R001894,P367,P345,SUSPECTED_ASSOCIATE,0.62,2026-03-05T02:03:02,"{""context"": ""Indirect association noted as an analytical lead, not confirmed activity"", ""source_type"": ""informant_tip"", ""verified"": false}"
R001895,P446,P433,LOCATED_WITH,0.87,2026-05-03T02:24:41,"{""observation_note"": ""Presence recorded at location"", ""source_type"": ""location_record""}"
R001896,P006,P020,ASSOCIATED,0.98,2025-10-25T16:42:28,"{""context"": ""Indirect association noted as an analytical lead, not confirmed activity"", ""source_type"": ""informant_tip"", ""verified"": false}"
R001897,P399,P379,CALLED,0.62,2026-01-13T16:29:20,"{""duration_seconds"": 2511, ""source_type"": ""call_record"", ""verified"": true}"
R001898,P051,ORG031,ASSOCIATED_WITH,0.83,2025-06-21T03:27:55,"{""context"": ""Indirect association noted as an analytical lead, not confirmed activity"", ""source_type"": ""informant_tip"", ""verified"": false}"
R001899,P113,P115,EMPLOYED_WITH,0.94,2026-07-24T03:09:19,"{""context"": ""Shared employment recorded"", ""source_type"": ""employment_record""}"
R001900,P012,LOC098,RESIDES_AT,0.63,2026-08-07T01:57:13,"{""since"": ""2026-06-07"", ""source_type"": ""registration_record""}"
R001901,P242,P240,PARTNER,0.68,2026-02-11T22:51:48,"{""relationship_note"": ""Family relation recorded"", ""source_type"": ""public_record""}"
R001902,P099,PH104,MESSAGED,0.6,2026-06-27T20:58:40,"{""message_count"": 81, ""source_type"": ""communication_record""}"
R001903,P426,P466,ASSOCIATED,0.84,2025-08-01T22:22:22,"{""context"": ""Indirect association noted as an analytical lead, not confirmed activity"", ""source_type"": ""informant_tip"", ""verified"": false}"
R001904,P378,P388,CALLED,0.51,2026-05-17T08:34:05,"{""duration_seconds"": 1802, ""source_type"": ""call_record"", ""verified"": false}"
R001905,P120,ORG030,VISITED_ORG,0.63,2025-03-11T11:40:19,"{""duration_minutes"": 238, ""source_type"": ""location_record""}"
R001906,PH057,PH150,COMMUNICATED_WITH,0.82,2026-01-07T16:27:35,"{""contact_count"": 77, ""source_type"": ""telecom_record""}"
R001907,P178,P179,MET,0.58,2025-06-02T00:20:25,"{""details"": ""Extended meeting recorded"", ""source_type"": ""surveillance"", ""verified"": true}"
R001908,P142,P133,FAMILY,0.61,2026-02-12T23:26:30,"{""relationship_note"": ""Partner relation recorded"", ""source_type"": ""public_record""}"
R001909,P302,P325,ASSOCIATED,0.77,2025-02-21T20:50:56,"{""context"": ""Indirect association noted as an analytical lead, not confirmed activity"", ""source_type"": ""informant_tip"", ""verified"": false}"
R001910,P005,ACC051,TRANSFERRED_TO,0.8,2025-05-11T10:22:17,"{""amount"": 40895, ""currency"": ""INR"", ""transaction_type"": ""bank_transfer""}"
R001911,P267,V119,OWNS_VEHICLE,0.77,2025-07-28T23:20:45,"{""registration_status"": ""active"", ""source_type"": ""vehicle_registry""}"
R001912,P102,P112,MESSAGED,0.88,2025-05-19T23:23:05,"{""message_count"": 132, ""source_type"": ""communication_record""}"
R001913,P426,LOC051,WORKS_AT,0.57,2026-01-25T01:41:48,"{""role"": ""Consultant"", ""source_type"": ""employment_record""}"
R001914,P402,P410,ASSOCIATED,0.72,2025-04-13T18:04:57,"{""context"": ""Indirect association noted as an analytical lead, not confirmed activity"", ""source_type"": ""informant_tip"", ""verified"": false}"
R001915,P095,V011,OWNS_VEHICLE,0.53,2026-07-09T03:17:36,"{""registration_status"": ""active"", ""source_type"": ""vehicle_registry""}"
R001916,P377,P389,FAMILY,0.86,2025-01-01T10:41:19,"{""relationship_note"": ""Partner relation recorded"", ""source_type"": ""public_record""}"
R001917,P369,ACC148,RECEIVED_FROM,0.85,2026-02-08T15:05:33,"{""amount"": 393371, ""currency"": ""INR"", ""transaction_type"": ""upi_transfer""}"
R001918,P099,V128,USED_VEHICLE,0.56,2026-02-11T14:11:44,"{""observation"": ""Vehicle observed in use"", ""source_type"": ""CCTV""}"
R001919,P402,P439,LOCATED_WITH,0.65,2025-02-27T00:35:36,"{""observation_note"": ""Presence recorded at location"", ""source_type"": ""location_record""}"
R001920,P112,P105,ASSOCIATED,0.79,2026-01-14T10:28:07,"{""context"": ""Indirect association noted as an analytical lead, not confirmed activity"", ""source_type"": ""informant_tip"", ""verified"": false}"
R001921,P371,V102,TRAVELED_IN,0.62,2025-04-19T14:54:06,"{""trip_note"": ""Travel recorded together"", ""source_type"": ""field_report""}"
R001922,P202,P213,MEMBER_OF,0.73,2025-06-26T08:55:09,"{""context"": ""Shared membership recorded"", ""source_type"": ""field_report""}"
R001923,P426,P143,ASSOCIATED,0.93,2026-05-16T15:53:06,"{""context"": ""Indirect association noted as an analytical lead, not confirmed activity"", ""source_type"": ""informant_tip"", ""verified"": false}"
R001924,P175,ORG066,ASSOCIATED_WITH,0.77,2025-03-02T16:19:37,"{""context"": ""Indirect association noted as an analytical lead, not confirmed activity"", ""source_type"": ""informant_tip"", ""verified"": false}"
R001925,P102,P099,CALLED,0.57,2026-01-08T09:45:16,"{""duration_seconds"": 2927, ""source_type"": ""call_record"", ""verified"": false}"
R001926,P180,P211,ASSOCIATED,0.66,2026-07-01T08:04:13,"{""context"": ""Indirect association noted as an analytical lead, not confirmed activity"", ""source_type"": ""informant_tip"", ""verified"": false}"
R001927,P158,P195,LOCATED_WITH,0.71,2026-02-06T13:31:56,"{""observation_note"": ""Presence recorded at location"", ""source_type"": ""location_record""}"
R001928,P280,P281,TRAVELED_WITH,0.69,2026-06-02T13:06:19,"{""context"": ""Joint travel recorded"", ""source_type"": ""travel_record""}"
R001929,P082,PH196,CALLED,0.95,2025-12-08T15:36:42,"{""duration_seconds"": 396, ""source_type"": ""call_record"", ""verified"": false}"
R001930,P460,P458,MET,0.6,2025-06-21T01:31:31,"{""details"": ""Extended meeting recorded"", ""source_type"": ""surveillance"", ""verified"": true}"
R001931,P120,P001,EMPLOYED_WITH,0.92,2025-04-28T18:53:41,"{""context"": ""Shared employment recorded"", ""source_type"": ""employment_record""}"
R001932,P435,P448,CALLED,0.54,2026-01-10T21:31:11,"{""duration_seconds"": 1897, ""source_type"": ""call_record"", ""verified"": false}"
R001933,P453,PH067,MESSAGED,0.78,2025-10-17T00:45:07,"{""message_count"": 141, ""source_type"": ""communication_record""}"
R001934,P304,ORG042,ASSOCIATED_WITH,0.76,2026-07-31T09:57:29,"{""context"": ""Indirect association noted as an analytical lead, not confirmed activity"", ""source_type"": ""informant_tip"", ""verified"": false}"
R001935,P385,PH200,CALLED,0.94,2026-07-11T13:43:22,"{""duration_seconds"": 941, ""source_type"": ""call_record"", ""verified"": true}"
R001936,P143,P491,PARTNER,0.92,2026-08-05T06:28:13,"{""relationship_note"": ""Family relation recorded"", ""source_type"": ""public_record""}"
R001937,P402,LOC029,LOCATED_AT,0.93,2026-03-08T02:12:44,"{""observation_note"": ""Presence recorded at location"", ""source_type"": ""location_record""}"
R001938,P250,P238,CALLED,0.66,2025-04-30T00:56:27,"{""duration_seconds"": 347, ""source_type"": ""call_record"", ""verified"": true}"
R001939,P328,P347,SUSPECTED_ASSOCIATE,0.53,2026-01-09T17:43:38,"{""context"": ""Indirect association noted as an analytical lead, not confirmed activity"", ""source_type"": ""informant_tip"", ""verified"": false}"
R001940,P477,P488,MESSAGED,0.62,2025-12-02T16:11:24,"{""message_count"": 126, ""source_type"": ""communication_record""}"
R001941,P209,ACC061,TRANSFERRED_TO,0.64,2025-11-04T20:24:00,"{""amount"": 320615, ""currency"": ""INR"", ""transaction_type"": ""cash_deposit""}"
R001942,P409,P403,PARTNER,0.5,2026-04-10T11:11:43,"{""relationship_note"": ""Partner relation recorded"", ""source_type"": ""public_record""}"
R001943,P021,P027,SUSPECTED_ASSOCIATE,0.98,2025-03-13T16:52:37,"{""context"": ""Indirect association noted as an analytical lead, not confirmed activity"", ""source_type"": ""informant_tip"", ""verified"": false}"
R001944,P041,P035,PARTNER,0.52,2026-06-17T13:39:37,"{""relationship_note"": ""Family relation recorded"", ""source_type"": ""public_record""}"
R001945,ORG022,ORG051,CONNECTED_TO,0.9,2026-04-23T04:33:46,"{""relationship_note"": ""Organizational link recorded"", ""source_type"": ""corporate_record""}"
R001946,P402,P445,LOCATED_WITH,0.53,2025-07-27T15:23:52,"{""observation_note"": ""Presence recorded at location"", ""source_type"": ""location_record""}"
R001947,P309,PH180,USED_PHONE,0.75,2025-07-21T22:25:11,"{""observation"": ""Device usage recorded"", ""source_type"": ""telecom_record""}"
R001948,P399,P379,FAMILY,0.58,2025-06-23T19:47:00,"{""relationship_note"": ""Partner relation recorded"", ""source_type"": ""public_record""}"
R001949,P143,LOC084,WORKS_AT,0.85,2025-10-06T15:37:13,"{""role"": ""Contractor"", ""source_type"": ""employment_record""}"
R001950,P109,P148,FAMILY,0.93,2026-06-24T17:12:05,"{""relationship_note"": ""Family relation recorded"", ""source_type"": ""public_record""}"
R001951,P270,P273,MESSAGED,0.66,2025-12-15T16:28:44,"{""message_count"": 82, ""source_type"": ""communication_record""}"
R001952,P066,P073,MEMBER_OF,0.79,2026-07-13T04:25:46,"{""context"": ""Shared membership recorded"", ""source_type"": ""field_report""}"
R001953,P318,ACC094,TRANSACTION_WITH,0.58,2025-06-12T22:25:52,"{""amount"": 100895, ""currency"": ""INR"", ""transaction_type"": ""wire_transfer""}"
R001954,P389,P413,FAMILY,0.92,2025-01-25T08:57:23,"{""relationship_note"": ""Partner relation recorded"", ""source_type"": ""public_record""}"
R001955,P454,P474,EMPLOYED_WITH,0.93,2025-09-11T22:00:36,"{""context"": ""Shared employment recorded"", ""source_type"": ""employment_record""}"
R001956,P278,P294,EMPLOYED_WITH,0.57,2025-07-14T15:31:46,"{""context"": ""Shared employment recorded"", ""source_type"": ""employment_record""}"
R001957,P453,ORG026,VISITED_ORG,0.85,2025-07-06T10:21:36,"{""duration_minutes"": 111, ""source_type"": ""location_record""}"
R001958,P259,P268,SUSPECTED_ASSOCIATE,0.57,2025-01-03T14:27:29,"{""context"": ""Indirect association noted as an analytical lead, not confirmed activity"", ""source_type"": ""informant_tip"", ""verified"": false}"
R001959,P264,PH136,CALLED,0.99,2026-07-27T02:12:09,"{""duration_seconds"": 2523, ""source_type"": ""call_record"", ""verified"": true}"
R001960,P345,P343,MET,0.72,2026-07-22T23:52:51,"{""details"": ""Brief meeting observed"", ""source_type"": ""surveillance"", ""verified"": false}"
R001961,P028,P040,SUSPECTED_ASSOCIATE,0.95,2026-04-03T17:43:33,"{""context"": ""Indirect association noted as an analytical lead, not confirmed activity"", ""source_type"": ""informant_tip"", ""verified"": false}"
R001962,P402,PH058,CALLED,0.72,2025-06-29T09:07:52,"{""duration_seconds"": 1244, ""source_type"": ""call_record"", ""verified"": true}"
R001963,P120,LOC034,WORKS_AT,0.5,2026-06-04T04:28:47,"{""role"": ""Manager"", ""source_type"": ""employment_record""}"
R001964,P217,P381,ASSOCIATED,0.9,2025-12-15T22:37:32,"{""context"": ""Indirect association noted as an analytical lead, not confirmed activity"", ""source_type"": ""informant_tip"", ""verified"": false}"
R001965,P453,P472,MET,0.88,2025-11-20T16:52:38,"{""details"": ""Extended meeting recorded"", ""source_type"": ""surveillance"", ""verified"": true}"
R001966,P273,P258,ASSOCIATED,0.69,2026-03-27T15:16:08,"{""context"": ""Indirect association noted as an analytical lead, not confirmed activity"", ""source_type"": ""informant_tip"", ""verified"": false}"
R001967,P318,V004,TRAVELED_IN,0.84,2025-05-18T15:55:54,"{""trip_note"": ""Travel recorded together"", ""source_type"": ""field_report""}"
R001968,P009,P025,ASSOCIATED,0.58,2026-05-18T10:01:37,"{""context"": ""Indirect association noted as an analytical lead, not confirmed activity"", ""source_type"": ""informant_tip"", ""verified"": false}"
R001969,P217,P212,EMPLOYED_WITH,0.96,2025-07-19T16:33:04,"{""context"": ""Shared employment recorded"", ""source_type"": ""employment_record""}"
R001970,P029,P054,TRAVELED_WITH,0.53,2026-04-18T02:47:24,"{""context"": ""Joint travel recorded"", ""source_type"": ""travel_record""}"
R001971,P462,V030,USED_VEHICLE,0.87,2026-08-13T02:29:36,"{""observation"": ""Vehicle observed in use"", ""source_type"": ""CCTV""}"
R001972,P065,P059,TRAVELED_WITH,0.67,2026-03-20T11:17:27,"{""context"": ""Joint travel recorded"", ""source_type"": ""travel_record""}"
R001973,P352,P302,TRAVELED_WITH,0.88,2025-05-28T00:48:38,"{""context"": ""Joint travel recorded"", ""source_type"": ""travel_record""}"
R001974,PH042,PH134,COMMUNICATED_WITH,0.9,2025-05-07T01:20:40,"{""contact_count"": 69, ""source_type"": ""telecom_record""}"
R001975,P165,P164,SUSPECTED_ASSOCIATE,0.75,2026-08-12T05:21:46,"{""context"": ""Indirect association noted as an analytical lead, not confirmed activity"", ""source_type"": ""informant_tip"", ""verified"": false}"
R001976,P102,LOC082,LOCATED_AT,0.74,2025-06-14T22:40:37,"{""observation_note"": ""Presence recorded at location"", ""source_type"": ""location_record""}"
R001977,P359,P367,CALLED,0.72,2026-06-26T15:38:01,"{""duration_seconds"": 1334, ""source_type"": ""call_record"", ""verified"": false}"
R001978,P004,P023,MET,0.82,2025-02-02T14:16:38,"{""details"": ""Brief meeting observed"", ""source_type"": ""surveillance"", ""verified"": true}"
R001979,P078,ACC025,OWNS_ACCOUNT,0.79,2025-12-26T23:55:02,"{""account_status"": ""active"", ""source_type"": ""financial_registry""}"
R001980,P052,P076,LOCATED_WITH,0.77,2025-04-01T11:36:12,"{""observation_note"": ""Presence recorded at location"", ""source_type"": ""location_record""}"
R001981,P389,V082,TRAVELED_IN,0.62,2025-04-04T00:21:30,"{""trip_note"": ""Travel recorded together"", ""source_type"": ""field_report""}"
R001982,P389,P051,FAMILY,0.65,2025-11-27T14:30:57,"{""relationship_note"": ""Family relation recorded"", ""source_type"": ""public_record""}"
R001983,P133,PH106,USED_PHONE,0.98,2025-10-22T19:54:20,"{""observation"": ""Device usage recorded"", ""source_type"": ""telecom_record""}"
R001984,P242,ACC190,OWNS_ACCOUNT,0.65,2025-10-10T13:26:54,"{""account_status"": ""active"", ""source_type"": ""financial_registry""}"
R001985,P047,P042,PARTNER,0.92,2025-08-10T11:40:42,"{""relationship_note"": ""Partner relation recorded"", ""source_type"": ""public_record""}"
R001986,P067,P070,PARTNER,0.61,2025-07-25T05:02:31,"{""relationship_note"": ""Partner relation recorded"", ""source_type"": ""public_record""}"
R001987,P433,P449,TRAVELED_WITH,0.77,2026-07-14T16:16:48,"{""context"": ""Joint travel recorded"", ""source_type"": ""travel_record""}"
R001988,P051,ORG052,ASSOCIATED_WITH,0.87,2026-05-27T00:08:22,"{""context"": ""Indirect association noted as an analytical lead, not confirmed activity"", ""source_type"": ""informant_tip"", ""verified"": false}"
R001989,P129,P128,CALLED,0.96,2025-11-23T08:33:29,"{""duration_seconds"": 31, ""source_type"": ""call_record"", ""verified"": true}"
R001990,P389,ORG052,VISITED_ORG,0.77,2025-02-03T00:43:14,"{""duration_minutes"": 72, ""source_type"": ""location_record""}"
R001991,P143,P130,ASSOCIATED,0.84,2026-03-12T21:20:54,"{""context"": ""Indirect association noted as an analytical lead, not confirmed activity"", ""source_type"": ""informant_tip"", ""verified"": false}"
R001992,P333,P348,MEMBER_OF,0.98,2025-01-14T02:01:21,"{""context"": ""Shared membership recorded"", ""source_type"": ""field_report""}"
R001993,P357,P367,FAMILY,0.53,2026-02-11T04:57:46,"{""relationship_note"": ""Family relation recorded"", ""source_type"": ""public_record""}"
R001994,P392,PH075,USED_PHONE,0.67,2025-10-29T17:04:03,"{""observation"": ""Device usage recorded"", ""source_type"": ""telecom_record""}"
R001995,P136,P129,EMPLOYED_WITH,0.62,2026-04-04T20:45:12,"{""context"": ""Shared employment recorded"", ""source_type"": ""employment_record""}"
R001996,P209,PH049,OWNS_PHONE,0.87,2025-01-02T03:04:44,"{""registration_status"": ""active"", ""source_type"": ""telecom_registry""}"
R001997,P389,PH149,USED_PHONE,0.56,2026-03-24T20:54:05,"{""observation"": ""Device usage recorded"", ""source_type"": ""telecom_record""}"
R001998,P113,PH064,OWNS_PHONE,0.86,2025-04-13T21:01:13,"{""registration_status"": ""active"", ""source_type"": ""telecom_registry""}"
R001999,P077,V056,USED_VEHICLE,0.64,2026-06-16T07:57:17,"{""observation"": ""Vehicle observed in use"", ""source_type"": ""CCTV""}"
R002000,P053,P065,SUSPECTED_ASSOCIATE,0.6,2025-01-03T04:31:30,"{""context"": ""Indirect association noted as an analytical lead, not confirmed activity"", ""source_type"": ""informant_tip"", ""verified"": false}"
R002001,P413,P415,SUSPECTED_ASSOCIATE,0.75,2026-07-17T14:11:43,"{""context"": ""Indirect association noted as an analytical lead, not confirmed activity"", ""source_type"": ""informant_tip"", ""verified"": false}"
R002002,P082,P083,ASSOCIATED,0.92,2026-05-31T01:26:52,"{""context"": ""Indirect association noted as an analytical lead, not confirmed activity"", ""source_type"": ""informant_tip"", ""verified"": false}"
R002003,P453,PH112,MESSAGED,0.52,2026-01-16T12:38:47,"{""message_count"": 1, ""source_type"": ""communication_record""}"
R002004,P401,P418,MET,0.7,2025-05-04T04:36:48,"{""details"": ""Brief meeting observed"", ""source_type"": ""surveillance"", ""verified"": true}"
R002005,P229,P228,EMPLOYED_WITH,0.67,2025-05-18T12:38:20,"{""context"": ""Shared employment recorded"", ""source_type"": ""employment_record""}"
R002006,P328,PH071,USED_PHONE,0.91,2025-12-16T00:21:43,"{""observation"": ""Device usage recorded"", ""source_type"": ""telecom_record""}"
R002007,P230,ACC113,TRANSFERRED_TO,0.94,2025-07-29T10:26:40,"{""amount"": 9489, ""currency"": ""INR"", ""transaction_type"": ""cash_deposit""}"
R002008,P486,PH142,USED_PHONE,0.75,2025-10-26T17:07:17,"{""observation"": ""Device usage recorded"", ""source_type"": ""telecom_record""}"
R002009,P347,ACC134,RECEIVED_FROM,0.62,2025-03-27T07:16:30,"{""amount"": 52317, ""currency"": ""INR"", ""transaction_type"": ""wire_transfer""}"
R002010,P360,ORG003,ASSOCIATED_WITH,0.53,2026-02-06T03:53:41,"{""context"": ""Indirect association noted as an analytical lead, not confirmed activity"", ""source_type"": ""informant_tip"", ""verified"": false}"
R002011,P426,ACC065,TRANSFERRED_TO,0.9,2025-03-25T04:50:44,"{""amount"": 397772, ""currency"": ""INR"", ""transaction_type"": ""cash_deposit""}"
R002012,P082,PH006,OWNS_PHONE,0.66,2026-02-15T08:44:38,"{""registration_status"": ""active"", ""source_type"": ""telecom_registry""}"
R002013,P280,PH001,MESSAGED,0.74,2026-03-07T04:55:46,"{""message_count"": 48, ""source_type"": ""communication_record""}"
R002014,P383,P397,EMPLOYED_WITH,0.91,2025-08-26T22:33:18,"{""context"": ""Shared employment recorded"", ""source_type"": ""employment_record""}"
R002015,P050,PH121,CALLED,0.81,2026-03-15T02:07:56,"{""duration_seconds"": 1018, ""source_type"": ""call_record"", ""verified"": false}"
R002016,P113,P108,PARTNER,0.78,2025-09-19T02:15:08,"{""relationship_note"": ""Family relation recorded"", ""source_type"": ""public_record""}"
R002017,P021,P043,ASSOCIATED,0.54,2025-04-17T09:47:08,"{""context"": ""Indirect association noted as an analytical lead, not confirmed activity"", ""source_type"": ""informant_tip"", ""verified"": false}"
R002018,P344,PH057,MESSAGED,0.86,2026-03-03T02:02:59,"{""message_count"": 56, ""source_type"": ""communication_record""}"
R002019,P112,P125,FAMILY,0.99,2025-01-29T10:34:09,"{""relationship_note"": ""Partner relation recorded"", ""source_type"": ""public_record""}"
R002020,P444,ORG079,ASSOCIATED_WITH,0.56,2025-03-14T14:38:55,"{""context"": ""Indirect association noted as an analytical lead, not confirmed activity"", ""source_type"": ""informant_tip"", ""verified"": false}"
R002021,P360,LOC098,WORKS_AT,0.62,2026-04-10T17:33:28,"{""role"": ""Contractor"", ""source_type"": ""employment_record""}"
R002022,P318,PH179,USED_PHONE,0.86,2026-02-25T06:22:18,"{""observation"": ""Device usage recorded"", ""source_type"": ""telecom_record""}"
R002023,P373,ACC085,TRANSFERRED_TO,0.55,2026-01-16T05:51:47,"{""amount"": 264584, ""currency"": ""INR"", ""transaction_type"": ""cash_deposit""}"
R002024,P217,ACC090,OWNS_ACCOUNT,0.96,2025-08-04T16:08:35,"{""account_status"": ""active"", ""source_type"": ""financial_registry""}"
R002025,P098,V025,TRAVELED_IN,0.98,2026-03-09T01:56:19,"{""trip_note"": ""Travel recorded together"", ""source_type"": ""field_report""}"
R002026,P389,P402,FAMILY,0.6,2026-06-03T07:20:50,"{""relationship_note"": ""Family relation recorded"", ""source_type"": ""public_record""}"
R002027,P158,P195,MEMBER_OF,0.57,2025-08-18T03:11:52,"{""context"": ""Shared membership recorded"", ""source_type"": ""field_report""}"
R002028,P360,P373,ASSOCIATED,0.84,2026-07-17T09:29:31,"{""context"": ""Indirect association noted as an analytical lead, not confirmed activity"", ""source_type"": ""informant_tip"", ""verified"": false}"
R002029,P180,LOC022,RESIDES_AT,0.68,2025-05-04T13:15:31,"{""since"": ""2026-02-19"", ""source_type"": ""registration_record""}"
R002030,P143,P130,CALLED,0.71,2026-03-23T15:45:55,"{""duration_seconds"": 2880, ""source_type"": ""call_record"", ""verified"": true}"
R002031,P264,P289,TRAVELED_WITH,0.79,2026-02-09T02:23:02,"{""context"": ""Joint travel recorded"", ""source_type"": ""travel_record""}"
R002032,P291,P282,MESSAGED,0.71,2025-12-18T21:33:37,"{""message_count"": 114, ""source_type"": ""communication_record""}"
R002033,P358,P351,LOCATED_WITH,0.64,2025-07-22T03:00:50,"{""observation_note"": ""Presence recorded at location"", ""source_type"": ""location_record""}"
R002034,P415,V030,OWNS_VEHICLE,0.89,2025-12-28T01:46:29,"{""registration_status"": ""active"", ""source_type"": ""vehicle_registry""}"
R002035,P266,P280,ASSOCIATED,0.82,2025-02-11T18:45:33,"{""context"": ""Indirect association noted as an analytical lead, not confirmed activity"", ""source_type"": ""informant_tip"", ""verified"": false}"
R002036,P259,V138,OWNS_VEHICLE,0.93,2025-04-16T00:38:56,"{""registration_status"": ""active"", ""source_type"": ""vehicle_registry""}"
R002037,P253,LOC078,VISITED,0.77,2025-07-06T18:55:34,"{""duration_minutes"": 23, ""source_type"": ""location_record""}"
R002038,P271,P261,CALLED,0.91,2026-03-05T23:11:42,"{""duration_seconds"": 195, ""source_type"": ""call_record"", ""verified"": false}"
R002039,P112,P118,MESSAGED,0.72,2025-06-09T11:04:34,"{""message_count"": 109, ""source_type"": ""communication_record""}"
R002040,P358,V083,OWNS_VEHICLE,0.73,2026-03-01T15:42:59,"{""registration_status"": ""active"", ""source_type"": ""vehicle_registry""}"
R002041,P014,PH003,OWNS_PHONE,0.88,2025-09-20T06:50:21,"{""registration_status"": ""active"", ""source_type"": ""telecom_registry""}"
R002042,P413,V008,OWNS_VEHICLE,0.54,2026-06-21T15:00:09,"{""registration_status"": ""active"", ""source_type"": ""vehicle_registry""}"
R002043,P036,P029,SUSPECTED_ASSOCIATE,0.94,2026-07-31T11:34:27,"{""context"": ""Indirect association noted as an analytical lead, not confirmed activity"", ""source_type"": ""informant_tip"", ""verified"": false}"
R002044,P345,PH091,OWNS_PHONE,0.65,2025-02-14T11:10:19,"{""registration_status"": ""active"", ""source_type"": ""telecom_registry""}"
R002045,P360,PH067,CALLED,0.58,2026-01-27T11:36:55,"{""duration_seconds"": 2250, ""source_type"": ""call_record"", ""verified"": true}"
R002046,P135,PH134,MESSAGED,0.95,2026-03-24T16:35:43,"{""message_count"": 20, ""source_type"": ""communication_record""}"
R002047,P367,P352,FAMILY,0.5,2026-04-04T01:07:45,"{""relationship_note"": ""Partner relation recorded"", ""source_type"": ""public_record""}"
R002048,P309,ORG012,ASSOCIATED_WITH,0.68,2025-10-21T12:29:13,"{""context"": ""Indirect association noted as an analytical lead, not confirmed activity"", ""source_type"": ""informant_tip"", ""verified"": false}"
R002049,P280,P281,MESSAGED,0.75,2026-02-16T16:34:21,"{""message_count"": 83, ""source_type"": ""communication_record""}"
R002050,P415,P402,PARTNER,0.62,2025-12-06T08:23:34,"{""relationship_note"": ""Partner relation recorded"", ""source_type"": ""public_record""}"
R002051,P069,PH016,USED_PHONE,0.63,2025-01-14T04:47:52,"{""observation"": ""Device usage recorded"", ""source_type"": ""telecom_record""}"
R002052,P261,P435,EMPLOYED_WITH,0.63,2025-04-06T01:53:46,"{""context"": ""Shared employment recorded"", ""source_type"": ""employment_record""}"
R002053,P272,V122,OWNS_VEHICLE,0.74,2026-05-16T00:52:51,"{""registration_status"": ""active"", ""source_type"": ""vehicle_registry""}"
R002054,P180,ACC196,TRANSFERRED_TO,0.59,2026-02-05T12:39:41,"{""amount"": 340103, ""currency"": ""INR"", ""transaction_type"": ""bank_transfer""}"
R002055,P082,P098,MESSAGED,0.58,2025-07-08T03:26:31,"{""message_count"": 147, ""source_type"": ""communication_record""}"
R002056,P212,PH041,CALLED,0.51,2026-06-03T01:23:20,"{""duration_seconds"": 1734, ""source_type"": ""call_record"", ""verified"": true}"
R002057,P051,P120,TRAVELED_WITH,0.52,2026-07-18T07:14:23,"{""context"": ""Joint travel recorded"", ""source_type"": ""travel_record""}"
R002058,P453,P485,EMPLOYED_WITH,0.52,2026-05-06T14:28:47,"{""context"": ""Shared employment recorded"", ""source_type"": ""employment_record""}"
R002059,P272,P282,SUSPECTED_ASSOCIATE,0.95,2025-06-27T22:20:35,"{""context"": ""Indirect association noted as an analytical lead, not confirmed activity"", ""source_type"": ""informant_tip"", ""verified"": false}"
R002060,P215,P210,MEMBER_OF,0.97,2025-03-07T17:11:10,"{""context"": ""Shared membership recorded"", ""source_type"": ""field_report""}"
R002061,P180,P193,ASSOCIATED,0.63,2025-01-18T11:16:51,"{""context"": ""Indirect association noted as an analytical lead, not confirmed activity"", ""source_type"": ""informant_tip"", ""verified"": false}"
R002062,P299,V016,USED_VEHICLE,0.83,2025-04-15T06:40:23,"{""observation"": ""Vehicle observed in use"", ""source_type"": ""CCTV""}"
R002063,P493,P482,SUSPECTED_ASSOCIATE,0.6,2025-08-14T00:19:42,"{""context"": ""Indirect association noted as an analytical lead, not confirmed activity"", ""source_type"": ""informant_tip"", ""verified"": false}"
R002064,P396,V066,OWNS_VEHICLE,0.79,2025-10-03T18:51:45,"{""registration_status"": ""active"", ""source_type"": ""vehicle_registry""}"
R002065,P355,ORG019,VISITED_ORG,0.89,2025-04-05T21:36:29,"{""duration_minutes"": 28, ""source_type"": ""location_record""}"
R002066,P280,P278,MEMBER_OF,0.6,2025-02-21T00:56:19,"{""context"": ""Shared membership recorded"", ""source_type"": ""field_report""}"
R002067,P112,P411,SUSPECTED_ASSOCIATE,0.97,2025-11-11T13:38:41,"{""context"": ""Indirect association noted as an analytical lead, not confirmed activity"", ""source_type"": ""informant_tip"", ""verified"": false}"
R002068,P360,ORG042,VISITED_ORG,0.99,2026-04-21T06:10:47,"{""duration_minutes"": 29, ""source_type"": ""location_record""}"
R002069,P367,P351,EMPLOYED_WITH,0.51,2025-07-17T12:38:19,"{""context"": ""Shared employment recorded"", ""source_type"": ""employment_record""}"
R002070,P158,P172,EMPLOYED_WITH,0.76,2026-08-28T18:46:17,"{""context"": ""Shared employment recorded"", ""source_type"": ""employment_record""}"
R002071,P309,P325,EMPLOYED_WITH,0.98,2026-06-19T16:38:40,"{""context"": ""Shared employment recorded"", ""source_type"": ""employment_record""}"
R002072,P415,P413,EMPLOYED_WITH,0.89,2026-07-17T22:50:03,"{""context"": ""Shared employment recorded"", ""source_type"": ""employment_record""}"
R002073,P029,P067,CALLED,0.78,2025-02-15T00:10:26,"{""duration_seconds"": 460, ""source_type"": ""call_record"", ""verified"": false}"
R002074,P402,P415,TRAVELED_WITH,0.9,2025-11-05T08:39:22,"{""context"": ""Joint travel recorded"", ""source_type"": ""travel_record""}"
R002075,P082,P085,LOCATED_WITH,0.7,2025-06-17T10:48:24,"{""observation_note"": ""Presence recorded at location"", ""source_type"": ""location_record""}"
R002076,P070,P054,FAMILY,0.91,2025-01-29T08:05:23,"{""relationship_note"": ""Family relation recorded"", ""source_type"": ""public_record""}"
R002077,P235,V102,OWNS_VEHICLE,0.71,2025-09-20T03:18:12,"{""registration_status"": ""active"", ""source_type"": ""vehicle_registry""}"
R002078,P259,ACC025,OWNS_ACCOUNT,0.56,2026-08-01T16:38:17,"{""account_status"": ""active"", ""source_type"": ""financial_registry""}"
R002079,P453,P021,MET,0.68,2026-08-30T01:58:20,"{""details"": ""Brief meeting observed"", ""source_type"": ""surveillance"", ""verified"": true}"
R002080,P188,LOC088,VISITED,0.72,2026-08-16T10:25:59,"{""duration_minutes"": 87, ""source_type"": ""location_record""}"
R002081,P453,ACC197,OWNS_ACCOUNT,0.61,2025-06-15T07:52:33,"{""account_status"": ""active"", ""source_type"": ""financial_registry""}"
R002082,P389,ORG066,WORKS_FOR,0.77,2025-10-04T08:30:21,"{""role"": ""Contractor"", ""source_type"": ""employment_record""}"
R002083,P216,P205,SUSPECTED_ASSOCIATE,0.98,2026-01-13T00:15:11,"{""context"": ""Indirect association noted as an analytical lead, not confirmed activity"", ""source_type"": ""informant_tip"", ""verified"": false}"
R002084,P058,LOC039,VISITED,0.94,2025-08-14T13:27:49,"{""duration_minutes"": 6, ""source_type"": ""location_record""}"
R002085,P168,LOC031,LOCATED_AT,0.73,2025-12-14T12:41:59,"{""observation_note"": ""Presence recorded at location"", ""source_type"": ""location_record""}"
R002086,P212,PH055,USED_PHONE,0.61,2026-03-04T10:06:56,"{""observation"": ""Device usage recorded"", ""source_type"": ""telecom_record""}"
R002087,P029,P070,CALLED,0.84,2026-07-17T05:40:43,"{""duration_seconds"": 88, ""source_type"": ""call_record"", ""verified"": true}"
R002088,P382,P381,LOCATED_WITH,0.85,2026-03-15T10:19:48,"{""observation_note"": ""Presence recorded at location"", ""source_type"": ""location_record""}"
R002089,P206,P220,LOCATED_WITH,0.81,2025-07-18T06:05:35,"{""observation_note"": ""Presence recorded at location"", ""source_type"": ""location_record""}"
R002090,P413,V076,USED_VEHICLE,0.91,2026-03-21T20:11:10,"{""observation"": ""Vehicle observed in use"", ""source_type"": ""CCTV""}"
R002091,P043,PH134,MESSAGED,0.64,2026-08-13T22:00:22,"{""message_count"": 138, ""source_type"": ""communication_record""}"
R002092,P309,LOC073,RESIDES_AT,0.62,2026-03-26T22:33:14,"{""since"": ""2025-09-14"", ""source_type"": ""registration_record""}"
R002093,P418,P407,MET,0.94,2025-08-17T16:09:13,"{""details"": ""Meeting recorded at location"", ""source_type"": ""surveillance"", ""verified"": true}"
R002094,P369,LOC100,TRAVELED_TO,0.97,2025-06-23T05:32:29,"{""mode"": ""rail"", ""source_type"": ""travel_record""}"
R002095,P012,P005,EMPLOYED_WITH,0.56,2025-02-12T13:02:01,"{""context"": ""Shared employment recorded"", ""source_type"": ""employment_record""}"
R002096,P222,V056,TRAVELED_IN,0.65,2025-01-24T16:56:24,"{""trip_note"": ""Travel recorded together"", ""source_type"": ""field_report""}"
R002097,P259,ACC057,TRANSFERRED_TO,0.66,2026-07-17T15:49:06,"{""amount"": 347863, ""currency"": ""INR"", ""transaction_type"": ""wire_transfer""}"
R002098,P318,PH144,USED_PHONE,0.87,2026-02-09T01:23:23,"{""observation"": ""Device usage recorded"", ""source_type"": ""telecom_record""}"
R002099,P426,LOC053,VISITED,0.93,2025-08-10T03:13:09,"{""duration_minutes"": 35, ""source_type"": ""location_record""}"
R002100,ACC008,ACC141,TRANSACTION_WITH,0.89,2026-06-24T22:24:20,"{""amount"": 411581, ""currency"": ""INR"", ""transaction_type"": ""cash_deposit""}"
R002101,P082,P078,PARTNER,0.69,2026-08-16T17:18:47,"{""relationship_note"": ""Partner relation recorded"", ""source_type"": ""public_record""}"
R002102,P112,P115,CALLED,0.93,2026-05-05T14:37:42,"{""duration_seconds"": 3154, ""source_type"": ""call_record"", ""verified"": true}"
R002103,P162,LOC097,WORKS_AT,0.56,2025-09-01T15:41:33,"{""role"": ""Manager"", ""source_type"": ""employment_record""}"
R002104,P082,V080,TRAVELED_IN,0.92,2025-11-06T15:45:23,"{""trip_note"": ""Travel recorded together"", ""source_type"": ""field_report""}"
R002105,P367,P363,MET,0.53,2026-03-29T16:20:37,"{""details"": ""Brief meeting observed"", ""source_type"": ""surveillance"", ""verified"": true}"
R002106,P309,P302,ASSOCIATED,0.64,2025-12-18T19:12:28,"{""context"": ""Indirect association noted as an analytical lead, not confirmed activity"", ""source_type"": ""informant_tip"", ""verified"": false}"
R002107,P158,P200,CALLED,0.81,2026-04-17T02:36:26,"{""duration_seconds"": 817, ""source_type"": ""call_record"", ""verified"": false}"
R002108,P021,PH095,USED_PHONE,0.61,2026-05-02T23:42:39,"{""observation"": ""Device usage recorded"", ""source_type"": ""telecom_record""}"
R002109,P296,P277,MEMBER_OF,0.86,2026-03-29T17:35:27,"{""context"": ""Shared membership recorded"", ""source_type"": ""field_report""}"
R002110,P074,V036,TRAVELED_IN,0.67,2025-11-16T17:38:22,"{""trip_note"": ""Travel recorded together"", ""source_type"": ""field_report""}"
R002111,P393,P444,MEMBER_OF,0.78,2025-03-13T12:18:00,"{""context"": ""Shared membership recorded"", ""source_type"": ""field_report""}"
R002112,P012,ACC135,RECEIVED_FROM,0.83,2025-02-21T21:07:56,"{""amount"": 138282, ""currency"": ""INR"", ""transaction_type"": ""bank_transfer""}"
R002113,P224,ACC023,TRANSFERRED_TO,0.96,2025-06-04T03:10:32,"{""amount"": 488814, ""currency"": ""INR"", ""transaction_type"": ""wire_transfer""}"
R002114,P458,P469,ASSOCIATED,0.73,2025-05-14T00:18:11,"{""context"": ""Indirect association noted as an analytical lead, not confirmed activity"", ""source_type"": ""informant_tip"", ""verified"": false}"
R002115,P369,P259,SUSPECTED_ASSOCIATE,0.69,2025-05-08T14:16:05,"{""context"": ""Indirect association noted as an analytical lead, not confirmed activity"", ""source_type"": ""informant_tip"", ""verified"": false}"
R002116,P478,P491,ASSOCIATED,0.78,2025-11-24T16:46:40,"{""context"": ""Indirect association noted as an analytical lead, not confirmed activity"", ""source_type"": ""informant_tip"", ""verified"": false}"
R002117,P029,P036,ASSOCIATED,0.79,2025-04-05T04:31:43,"{""context"": ""Indirect association noted as an analytical lead, not confirmed activity"", ""source_type"": ""informant_tip"", ""verified"": false}"
R002118,P158,V037,TRAVELED_IN,0.92,2025-05-12T00:40:34,"{""trip_note"": ""Travel recorded together"", ""source_type"": ""field_report""}"
R002119,P133,P165,CALLED,0.62,2025-02-03T09:36:05,"{""duration_seconds"": 431, ""source_type"": ""call_record"", ""verified"": false}"
R002120,P358,P368,MESSAGED,0.59,2025-03-26T02:32:03,"{""message_count"": 4, ""source_type"": ""communication_record""}"
R002121,P415,LOC076,VISITED,0.76,2026-05-12T08:59:16,"{""duration_minutes"": 51, ""source_type"": ""location_record""}"
R002122,P471,P468,FAMILY,0.91,2025-05-31T04:57:54,"{""relationship_note"": ""Partner relation recorded"", ""source_type"": ""public_record""}"
R002123,P272,P403,ASSOCIATED,0.83,2025-11-27T21:35:51,"{""context"": ""Indirect association noted as an analytical lead, not confirmed activity"", ""source_type"": ""informant_tip"", ""verified"": false}"
R002124,P360,P012,PARTNER,0.79,2025-01-23T15:31:30,"{""relationship_note"": ""Partner relation recorded"", ""source_type"": ""public_record""}"
R002125,P026,P240,MEMBER_OF,0.75,2025-04-03T10:13:36,"{""context"": ""Shared membership recorded"", ""source_type"": ""field_report""}"
R002126,P367,LOC049,TRAVELED_TO,0.76,2025-01-13T00:13:45,"{""mode"": ""road"", ""source_type"": ""travel_record""}"
R002127,P112,PH090,USED_PHONE,0.66,2025-05-13T18:33:27,"{""observation"": ""Device usage recorded"", ""source_type"": ""telecom_record""}"
R002128,P180,P194,SUSPECTED_ASSOCIATE,0.84,2025-11-02T12:42:05,"{""context"": ""Indirect association noted as an analytical lead, not confirmed activity"", ""source_type"": ""informant_tip"", ""verified"": false}"
R002129,P367,P370,CALLED,0.78,2025-04-27T18:33:01,"{""duration_seconds"": 1885, ""source_type"": ""call_record"", ""verified"": true}"
R002130,P217,P210,SUSPECTED_ASSOCIATE,0.93,2026-02-19T23:19:08,"{""context"": ""Indirect association noted as an analytical lead, not confirmed activity"", ""source_type"": ""informant_tip"", ""verified"": false}"
R002131,P406,ACC009,OWNS_ACCOUNT,0.97,2025-04-09T13:06:15,"{""account_status"": ""active"", ""source_type"": ""financial_registry""}"
R002132,P473,PH154,MESSAGED,0.85,2025-06-28T11:45:54,"{""message_count"": 65, ""source_type"": ""communication_record""}"
R002133,P278,P294,SUSPECTED_ASSOCIATE,0.91,2025-08-15T16:48:23,"{""context"": ""Indirect association noted as an analytical lead, not confirmed activity"", ""source_type"": ""informant_tip"", ""verified"": false}"
R002134,P309,PH073,OWNS_PHONE,0.67,2026-03-06T22:44:58,"{""registration_status"": ""active"", ""source_type"": ""telecom_registry""}"
R002135,P459,PH193,MESSAGED,0.95,2026-01-30T05:08:10,"{""message_count"": 113, ""source_type"": ""communication_record""}"
R002136,P205,P208,ASSOCIATED,0.98,2025-05-20T01:35:25,"{""context"": ""Indirect association noted as an analytical lead, not confirmed activity"", ""source_type"": ""informant_tip"", ""verified"": false}"
R002137,P369,P028,MEMBER_OF,0.98,2026-04-24T03:17:47,"{""context"": ""Shared membership recorded"", ""source_type"": ""field_report""}"
R002138,P082,P090,MEMBER_OF,0.85,2026-02-18T08:52:36,"{""context"": ""Shared membership recorded"", ""source_type"": ""field_report""}"
R002139,P105,P015,PARTNER,0.66,2025-04-11T13:49:20,"{""relationship_note"": ""Family relation recorded"", ""source_type"": ""public_record""}"
R002140,P113,P109,SUSPECTED_ASSOCIATE,0.68,2026-08-18T02:34:57,"{""context"": ""Indirect association noted as an analytical lead, not confirmed activity"", ""source_type"": ""informant_tip"", ""verified"": false}"
R002141,V146,LOC005,SEEN_AT,0.52,2025-10-23T21:13:16,"{""observation"": ""Vehicle observed in use"", ""source_type"": ""CCTV""}"
R002142,P360,P128,TRAVELED_WITH,0.76,2025-08-06T04:04:02,"{""context"": ""Joint travel recorded"", ""source_type"": ""travel_record""}"
R002143,P149,P130,ASSOCIATED,0.64,2025-11-03T01:56:29,"{""context"": ""Indirect association noted as an analytical lead, not confirmed activity"", ""source_type"": ""informant_tip"", ""verified"": false}"
R002144,P328,PH190,USED_PHONE,0.78,2026-05-08T09:39:58,"{""observation"": ""Device usage recorded"", ""source_type"": ""telecom_record""}"
R002145,P103,P444,ASSOCIATED,0.67,2025-10-31T23:57:06,"{""context"": ""Indirect association noted as an analytical lead, not confirmed activity"", ""source_type"": ""informant_tip"", ""verified"": false}"
R002146,P158,P162,SUSPECTED_ASSOCIATE,0.96,2025-03-03T19:58:51,"{""context"": ""Indirect association noted as an analytical lead, not confirmed activity"", ""source_type"": ""informant_tip"", ""verified"": false}"
R002147,P285,P295,EMPLOYED_WITH,0.76,2026-05-08T06:24:37,"{""context"": ""Shared employment recorded"", ""source_type"": ""employment_record""}"
R002148,P112,LOC065,VISITED,0.55,2025-10-15T10:16:01,"{""duration_minutes"": 186, ""source_type"": ""location_record""}"
R002149,P232,P239,MET,0.77,2025-10-12T03:05:05,"{""details"": ""Meeting recorded at location"", ""source_type"": ""surveillance"", ""verified"": false}"
R002150,P135,V067,TRAVELED_IN,0.61,2026-08-24T09:49:29,"{""trip_note"": ""Travel recorded together"", ""source_type"": ""field_report""}"
R002151,P082,P096,LOCATED_WITH,0.9,2026-05-03T21:08:59,"{""observation_note"": ""Presence recorded at location"", ""source_type"": ""location_record""}"
R002152,P098,P099,MEMBER_OF,0.62,2025-03-29T22:08:34,"{""context"": ""Shared membership recorded"", ""source_type"": ""field_report""}"
R002153,P109,LOC040,TRAVELED_TO,0.54,2025-03-08T19:20:44,"{""mode"": ""rail"", ""source_type"": ""travel_record""}"
R002154,P112,P121,PARTNER,0.9,2025-09-11T19:23:37,"{""relationship_note"": ""Partner relation recorded"", ""source_type"": ""public_record""}"
R002155,P113,V110,OWNS_VEHICLE,0.72,2026-02-12T09:51:02,"{""registration_status"": ""active"", ""source_type"": ""vehicle_registry""}"
R002156,P402,P422,LOCATED_WITH,0.64,2025-01-13T11:19:10,"{""observation_note"": ""Presence recorded at location"", ""source_type"": ""location_record""}"
R002157,P367,V046,OWNS_VEHICLE,0.72,2025-03-09T16:21:07,"{""registration_status"": ""active"", ""source_type"": ""vehicle_registry""}"
R002158,P280,PH155,MESSAGED,0.86,2025-04-05T18:30:00,"{""message_count"": 34, ""source_type"": ""communication_record""}"
R002159,P175,V061,USED_VEHICLE,0.91,2025-01-06T05:23:29,"{""observation"": ""Vehicle observed in use"", ""source_type"": ""CCTV""}"
R002160,P421,P279,PARTNER,0.88,2026-08-19T17:39:14,"{""relationship_note"": ""Partner relation recorded"", ""source_type"": ""public_record""}"
R002161,P370,P365,LOCATED_WITH,0.92,2025-09-10T00:16:57,"{""observation_note"": ""Presence recorded at location"", ""source_type"": ""location_record""}"
R002162,P482,P133,PARTNER,0.86,2026-07-03T10:41:19,"{""relationship_note"": ""Partner relation recorded"", ""source_type"": ""public_record""}"
R002163,P099,ACC033,RECEIVED_FROM,0.65,2025-09-04T11:24:33,"{""amount"": 322613, ""currency"": ""INR"", ""transaction_type"": ""bank_transfer""}"
R002164,P484,ACC007,TRANSACTION_WITH,0.57,2026-06-23T09:48:58,"{""amount"": 446675, ""currency"": ""INR"", ""transaction_type"": ""bank_transfer""}"
R002165,P380,ORG048,MEMBER_OF,0.81,2025-02-03T07:14:48,"{""context"": ""Shared membership recorded"", ""source_type"": ""field_report""}"
R002166,P075,P415,CALLED,0.89,2025-06-30T06:27:47,"{""duration_seconds"": 3572, ""source_type"": ""call_record"", ""verified"": false}"
R002167,P014,P022,PARTNER,0.86,2025-01-05T07:49:36,"{""relationship_note"": ""Family relation recorded"", ""source_type"": ""public_record""}"
R002168,P185,P199,TRAVELED_WITH,0.74,2025-08-09T20:54:35,"{""context"": ""Joint travel recorded"", ""source_type"": ""travel_record""}"
R002169,P224,LOC082,RESIDES_AT,0.89,2025-06-22T11:58:26,"{""since"": ""2026-07-13"", ""source_type"": ""registration_record""}"
R002170,P082,ACC002,TRANSACTION_WITH,0.56,2026-05-15T13:06:10,"{""amount"": 444028, ""currency"": ""INR"", ""transaction_type"": ""cash_deposit""}"
R002171,P453,ORG009,MEMBER_OF,0.76,2025-08-12T15:05:32,"{""context"": ""Shared membership recorded"", ""source_type"": ""field_report""}"
R002172,P387,LOC014,WORKS_AT,0.86,2025-05-15T06:36:11,"{""role"": ""Manager"", ""source_type"": ""employment_record""}"
R002173,P299,LOC083,LOCATED_AT,0.5,2025-04-09T02:19:02,"{""observation_note"": ""Presence recorded at location"", ""source_type"": ""location_record""}"
R002174,P004,P009,MET,0.74,2025-03-13T22:15:55,"{""details"": ""Meeting recorded at location"", ""source_type"": ""surveillance"", ""verified"": false}"
R002175,P208,P223,MESSAGED,0.89,2026-02-18T14:45:50,"{""message_count"": 90, ""source_type"": ""communication_record""}"
R002176,P177,P192,FAMILY,0.58,2025-09-07T05:03:22,"{""relationship_note"": ""Family relation recorded"", ""source_type"": ""public_record""}"
R002177,P367,P365,CALLED,0.82,2026-04-26T11:45:16,"{""duration_seconds"": 1002, ""source_type"": ""call_record"", ""verified"": true}"
R002178,P457,P456,MESSAGED,0.84,2026-03-03T17:04:30,"{""message_count"": 51, ""source_type"": ""communication_record""}"
R002179,P317,P453,ASSOCIATED,0.66,2026-07-12T01:28:18,"{""context"": ""Indirect association noted as an analytical lead, not confirmed activity"", ""source_type"": ""informant_tip"", ""verified"": false}"
R002180,P110,P106,LOCATED_WITH,0.86,2026-03-24T21:29:56,"{""observation_note"": ""Presence recorded at location"", ""source_type"": ""location_record""}"
R002181,P029,LOC039,WORKS_AT,0.62,2026-05-26T11:58:26,"{""role"": ""Advisor"", ""source_type"": ""employment_record""}"
R002182,P333,P345,PARTNER,0.76,2025-05-10T08:58:29,"{""relationship_note"": ""Partner relation recorded"", ""source_type"": ""public_record""}"
R002183,P231,P250,FAMILY,0.74,2025-08-28T06:40:51,"{""relationship_note"": ""Family relation recorded"", ""source_type"": ""public_record""}"
R002184,P450,LOC074,LOCATED_AT,0.66,2025-08-14T03:03:40,"{""observation_note"": ""Presence recorded at location"", ""source_type"": ""location_record""}"
R002185,P299,ORG093,VISITED_ORG,0.56,2026-03-25T15:24:38,"{""duration_minutes"": 233, ""source_type"": ""location_record""}"
R002186,P258,P268,MEMBER_OF,0.53,2026-03-29T06:13:15,"{""context"": ""Shared membership recorded"", ""source_type"": ""field_report""}"
R002187,P229,P242,SUSPECTED_ASSOCIATE,0.6,2025-07-11T10:53:40,"{""context"": ""Indirect association noted as an analytical lead, not confirmed activity"", ""source_type"": ""informant_tip"", ""verified"": false}"
R002188,P288,V143,OWNS_VEHICLE,0.96,2025-09-11T21:25:28,"{""registration_status"": ""active"", ""source_type"": ""vehicle_registry""}"
R002189,P082,P096,MESSAGED,0.55,2025-04-12T11:50:03,"{""message_count"": 94, ""source_type"": ""communication_record""}"
R002190,P099,P125,MET,0.8,2026-07-18T23:39:31,"{""details"": ""Extended meeting recorded"", ""source_type"": ""surveillance"", ""verified"": false}"
R002191,P328,P350,LOCATED_WITH,0.68,2026-01-28T22:56:47,"{""observation_note"": ""Presence recorded at location"", ""source_type"": ""location_record""}"
R002192,P197,P177,ASSOCIATED,0.64,2025-05-24T10:14:28,"{""context"": ""Indirect association noted as an analytical lead, not confirmed activity"", ""source_type"": ""informant_tip"", ""verified"": false}"
R002193,P258,P268,SUSPECTED_ASSOCIATE,0.78,2025-10-29T06:04:07,"{""context"": ""Indirect association noted as an analytical lead, not confirmed activity"", ""source_type"": ""informant_tip"", ""verified"": false}"
R002194,P096,P100,PARTNER,0.95,2025-02-21T13:56:34,"{""relationship_note"": ""Family relation recorded"", ""source_type"": ""public_record""}"
R002195,P369,P370,SUSPECTED_ASSOCIATE,0.83,2025-04-26T21:34:34,"{""context"": ""Indirect association noted as an analytical lead, not confirmed activity"", ""source_type"": ""informant_tip"", ""verified"": false}"
R002196,P413,P402,MEMBER_OF,0.6,2025-06-04T10:38:12,"{""context"": ""Shared membership recorded"", ""source_type"": ""field_report""}"
R002197,P082,P096,MEMBER_OF,0.55,2025-11-19T19:03:17,"{""context"": ""Shared membership recorded"", ""source_type"": ""field_report""}"
R002198,P021,ACC039,TRANSACTION_WITH,0.86,2025-04-23T18:25:36,"{""amount"": 61086, ""currency"": ""INR"", ""transaction_type"": ""cash_deposit""}"
R002199,P360,P354,MEMBER_OF,0.87,2026-06-18T10:37:04,"{""context"": ""Shared membership recorded"", ""source_type"": ""field_report""}"
R002200,P073,P054,EMPLOYED_WITH,0.85,2026-03-29T00:08:38,"{""context"": ""Shared employment recorded"", ""source_type"": ""employment_record""}"
R002201,P446,PH051,MESSAGED,0.95,2026-02-16T00:10:05,"{""message_count"": 55, ""source_type"": ""communication_record""}"
R002202,P162,P173,ASSOCIATED,0.82,2026-03-21T04:41:15,"{""context"": ""Indirect association noted as an analytical lead, not confirmed activity"", ""source_type"": ""informant_tip"", ""verified"": false}"
R002203,P082,PH073,OWNS_PHONE,0.59,2025-08-23T03:43:04,"{""registration_status"": ""active"", ""source_type"": ""telecom_registry""}"
R002204,P302,P312,TRAVELED_WITH,0.78,2025-01-18T15:20:04,"{""context"": ""Joint travel recorded"", ""source_type"": ""travel_record""}"
R002205,P180,P219,MESSAGED,0.99,2025-04-15T13:45:51,"{""message_count"": 90, ""source_type"": ""communication_record""}"
R002206,P358,V001,TRAVELED_IN,0.89,2025-02-21T06:39:24,"{""trip_note"": ""Travel recorded together"", ""source_type"": ""field_report""}"
R002207,P072,P066,LOCATED_WITH,0.88,2026-06-03T00:51:34,"{""observation_note"": ""Presence recorded at location"", ""source_type"": ""location_record""}"
R002208,P058,P069,CALLED,0.68,2025-12-19T10:13:15,"{""duration_seconds"": 1352, ""source_type"": ""call_record"", ""verified"": false}"
R002209,P014,P419,MESSAGED,0.51,2026-08-16T07:22:29,"{""message_count"": 124, ""source_type"": ""communication_record""}"
R002210,P175,ACC042,OWNS_ACCOUNT,0.73,2025-11-25T03:13:16,"{""account_status"": ""active"", ""source_type"": ""financial_registry""}"
R002211,P302,P325,MET,0.71,2025-08-04T21:00:18,"{""details"": ""Extended meeting recorded"", ""source_type"": ""surveillance"", ""verified"": true}"
R002212,P264,P051,MESSAGED,0.97,2025-04-11T23:08:40,"{""message_count"": 41, ""source_type"": ""communication_record""}"
R002213,P112,LOC091,VISITED,0.92,2026-06-16T15:02:54,"{""duration_minutes"": 13, ""source_type"": ""location_record""}"
R002214,P427,P442,MET,0.88,2025-04-07T20:28:38,"{""details"": ""Brief meeting observed"", ""source_type"": ""surveillance"", ""verified"": false}"
R002215,P158,P195,LOCATED_WITH,0.88,2025-08-28T10:22:13,"{""observation_note"": ""Presence recorded at location"", ""source_type"": ""location_record""}"
R002216,P453,P479,EMPLOYED_WITH,0.9,2025-08-10T09:35:52,"{""context"": ""Shared employment recorded"", ""source_type"": ""employment_record""}"
R002217,P044,P034,CALLED,0.89,2025-01-03T02:55:43,"{""duration_seconds"": 2121, ""source_type"": ""call_record"", ""verified"": true}"
R002218,P051,P100,EMPLOYED_WITH,0.74,2025-01-21T16:42:23,"{""context"": ""Shared employment recorded"", ""source_type"": ""employment_record""}"
R002219,P389,P051,TRAVELED_WITH,0.83,2025-02-03T02:33:30,"{""context"": ""Joint travel recorded"", ""source_type"": ""travel_record""}"
R002220,P224,P204,LOCATED_WITH,0.67,2025-04-26T01:22:59,"{""observation_note"": ""Presence recorded at location"", ""source_type"": ""location_record""}"
R002221,P213,P202,ASSOCIATED,0.61,2025-03-07T13:58:56,"{""context"": ""Indirect association noted as an analytical lead, not confirmed activity"", ""source_type"": ""informant_tip"", ""verified"": false}"
R002222,P263,P260,FAMILY,0.84,2026-03-24T18:38:15,"{""relationship_note"": ""Family relation recorded"", ""source_type"": ""public_record""}"
R002223,P413,P416,MESSAGED,0.71,2025-12-04T22:46:44,"{""message_count"": 65, ""source_type"": ""communication_record""}"
R002224,P158,P382,CALLED,0.8,2025-06-08T21:18:36,"{""duration_seconds"": 656, ""source_type"": ""call_record"", ""verified"": false}"
R002225,P217,ACC039,TRANSACTION_WITH,0.54,2025-12-06T19:07:21,"{""amount"": 307285, ""currency"": ""INR"", ""transaction_type"": ""bank_transfer""}"
R002226,P044,P034,MEMBER_OF,0.7,2025-04-18T08:38:42,"{""context"": ""Shared membership recorded"", ""source_type"": ""field_report""}"
R002227,P014,P004,PARTNER,0.79,2025-08-30T06:01:39,"{""relationship_note"": ""Partner relation recorded"", ""source_type"": ""public_record""}"
R002228,P051,P066,MET,0.62,2025-07-15T23:31:22,"{""details"": ""Extended meeting recorded"", ""source_type"": ""surveillance"", ""verified"": true}"
R002229,P283,LOC041,TRAVELED_TO,0.62,2026-03-14T05:36:14,"{""mode"": ""air"", ""source_type"": ""travel_record""}"
R002230,P299,P319,MET,0.91,2025-05-14T16:33:36,"{""details"": ""Brief meeting observed"", ""source_type"": ""surveillance"", ""verified"": false}"
R002231,P309,LOC083,RESIDES_AT,0.53,2026-02-16T00:46:39,"{""since"": ""2025-12-26"", ""source_type"": ""registration_record""}"
R002232,P184,P186,CALLED,0.94,2026-06-17T04:13:41,"{""duration_seconds"": 422, ""source_type"": ""call_record"", ""verified"": true}"
R002233,P280,P282,MET,0.71,2025-08-11T15:38:13,"{""details"": ""Meeting recorded at location"", ""source_type"": ""surveillance"", ""verified"": false}"
R002234,P004,P010,LOCATED_WITH,0.71,2025-03-30T11:57:59,"{""observation_note"": ""Presence recorded at location"", ""source_type"": ""location_record""}"
R002235,PH055,PH120,COMMUNICATED_WITH,0.52,2026-05-28T21:17:59,"{""contact_count"": 59, ""source_type"": ""telecom_record""}"
R002236,P051,LOC053,LOCATED_AT,0.53,2026-02-24T20:35:18,"{""observation_note"": ""Presence recorded at location"", ""source_type"": ""location_record""}"
R002237,P215,P214,SUSPECTED_ASSOCIATE,0.63,2026-06-01T19:10:18,"{""context"": ""Indirect association noted as an analytical lead, not confirmed activity"", ""source_type"": ""informant_tip"", ""verified"": false}"
R002238,P113,LOC088,VISITED,0.84,2026-02-28T21:28:25,"{""duration_minutes"": 162, ""source_type"": ""location_record""}"
R002239,P369,P380,TRAVELED_WITH,0.54,2026-04-08T12:26:19,"{""context"": ""Joint travel recorded"", ""source_type"": ""travel_record""}"
R002240,P288,P298,TRAVELED_WITH,0.9,2025-01-18T09:48:41,"{""context"": ""Joint travel recorded"", ""source_type"": ""travel_record""}"
R002241,P426,LOC039,RESIDES_AT,0.76,2026-03-01T13:42:03,"{""since"": ""2025-05-05"", ""source_type"": ""registration_record""}"
R002242,P259,V060,USED_VEHICLE,0.78,2025-12-17T12:40:49,"{""observation"": ""Vehicle observed in use"", ""source_type"": ""CCTV""}"
R002243,P004,P001,PARTNER,0.52,2026-01-29T16:19:52,"{""relationship_note"": ""Partner relation recorded"", ""source_type"": ""public_record""}"
R002244,P101,P120,CALLED,0.79,2026-06-02T18:01:37,"{""duration_seconds"": 389, ""source_type"": ""call_record"", ""verified"": true}"
R002245,P324,ACC152,TRANSACTION_WITH,0.63,2026-02-01T19:50:03,"{""amount"": 87190, ""currency"": ""INR"", ""transaction_type"": ""upi_transfer""}"
R002246,P360,P373,MESSAGED,0.73,2026-01-28T00:02:31,"{""message_count"": 13, ""source_type"": ""communication_record""}"
R002247,P060,P042,PARTNER,0.56,2026-04-03T08:48:16,"{""relationship_note"": ""Partner relation recorded"", ""source_type"": ""public_record""}"
R002248,P230,P249,SUSPECTED_ASSOCIATE,0.61,2026-03-05T15:11:32,"{""context"": ""Indirect association noted as an analytical lead, not confirmed activity"", ""source_type"": ""informant_tip"", ""verified"": false}"
R002249,P369,V118,OWNS_VEHICLE,0.78,2025-10-02T23:49:55,"{""registration_status"": ""active"", ""source_type"": ""vehicle_registry""}"
R002250,P102,LOC082,RESIDES_AT,0.52,2026-05-27T13:46:28,"{""since"": ""2026-04-15"", ""source_type"": ""registration_record""}"
R002251,P402,ACC097,RECEIVED_FROM,0.69,2026-06-30T06:26:02,"{""amount"": 130866, ""currency"": ""INR"", ""transaction_type"": ""wire_transfer""}"
R002252,P125,ACC131,OWNS_ACCOUNT,0.65,2025-11-30T10:53:08,"{""account_status"": ""active"", ""source_type"": ""financial_registry""}"
R002253,P051,P087,MESSAGED,0.62,2025-01-10T00:31:26,"{""message_count"": 105, ""source_type"": ""communication_record""}"
R002254,P258,P268,MESSAGED,0.88,2026-03-01T15:26:54,"{""message_count"": 69, ""source_type"": ""communication_record""}"
R002255,P018,P009,TRAVELED_WITH,0.57,2026-02-18T18:18:42,"{""context"": ""Joint travel recorded"", ""source_type"": ""travel_record""}"
R002256,ACC109,ACC006,TRANSFERRED_TO,0.81,2026-02-14T11:53:37,"{""amount"": 33745, ""currency"": ""INR"", ""transaction_type"": ""bank_transfer""}"
R002257,P360,P363,CALLED,0.98,2025-06-16T13:40:16,"{""duration_seconds"": 2636, ""source_type"": ""call_record"", ""verified"": true}"
R002258,ACC060,ACC055,TRANSFERRED_TO,0.73,2025-06-08T21:28:52,"{""amount"": 214216, ""currency"": ""INR"", ""transaction_type"": ""bank_transfer""}"
R002259,P158,P164,MET,0.91,2025-07-13T02:42:46,"{""details"": ""Meeting recorded at location"", ""source_type"": ""surveillance"", ""verified"": true}"
R002260,P121,P114,FAMILY,0.52,2025-08-05T06:03:45,"{""relationship_note"": ""Family relation recorded"", ""source_type"": ""public_record""}"
R002261,P369,PH107,OWNS_PHONE,0.7,2025-08-01T12:16:31,"{""registration_status"": ""active"", ""source_type"": ""telecom_registry""}"
R002262,P446,P442,MEMBER_OF,0.63,2026-08-10T21:30:26,"{""context"": ""Shared membership recorded"", ""source_type"": ""field_report""}"
R002263,P272,P356,TRAVELED_WITH,0.73,2026-08-08T21:05:22,"{""context"": ""Joint travel recorded"", ""source_type"": ""travel_record""}"
R002264,P301,P133,FAMILY,0.92,2025-03-17T06:18:42,"{""relationship_note"": ""Family relation recorded"", ""source_type"": ""public_record""}"
R002265,P102,LOC051,WORKS_AT,0.81,2025-09-11T13:25:56,"{""role"": ""Staff"", ""source_type"": ""employment_record""}"
R002266,P383,P395,SUSPECTED_ASSOCIATE,0.8,2026-04-24T19:47:58,"{""context"": ""Indirect association noted as an analytical lead, not confirmed activity"", ""source_type"": ""informant_tip"", ""verified"": false}"
R002267,P328,P158,EMPLOYED_WITH,0.98,2026-01-29T14:00:17,"{""context"": ""Shared employment recorded"", ""source_type"": ""employment_record""}"
R002268,P067,LOC018,VISITED,0.85,2025-02-08T07:01:42,"{""duration_minutes"": 178, ""source_type"": ""location_record""}"
R002269,P309,P303,MEMBER_OF,0.86,2025-12-16T21:42:26,"{""context"": ""Shared membership recorded"", ""source_type"": ""field_report""}"
R002270,P276,P290,TRAVELED_WITH,0.7,2026-04-08T22:22:01,"{""context"": ""Joint travel recorded"", ""source_type"": ""travel_record""}"
R002271,P259,V067,OWNS_VEHICLE,0.66,2025-04-08T16:23:34,"{""registration_status"": ""active"", ""source_type"": ""vehicle_registry""}"
R002272,P413,P414,MEMBER_OF,0.82,2025-10-22T08:45:13,"{""context"": ""Shared membership recorded"", ""source_type"": ""field_report""}"
R002273,P288,P285,FAMILY,0.83,2025-04-16T13:06:45,"{""relationship_note"": ""Partner relation recorded"", ""source_type"": ""public_record""}"
R002274,P299,LOC056,WORKS_AT,0.74,2026-07-30T05:02:24,"{""role"": ""Consultant"", ""source_type"": ""employment_record""}"
R002275,P389,P151,FAMILY,0.74,2025-12-05T11:58:30,"{""relationship_note"": ""Partner relation recorded"", ""source_type"": ""public_record""}"
R002276,P453,P459,LOCATED_WITH,0.75,2025-01-23T16:01:58,"{""observation_note"": ""Presence recorded at location"", ""source_type"": ""location_record""}"
R002277,P114,PH095,USED_PHONE,0.63,2025-11-27T05:23:51,"{""observation"": ""Device usage recorded"", ""source_type"": ""telecom_record""}"
R002278,P102,P124,MESSAGED,0.55,2025-10-24T03:12:32,"{""message_count"": 86, ""source_type"": ""communication_record""}"
R002279,P446,PH003,USED_PHONE,0.84,2025-09-27T12:59:11,"{""observation"": ""Device usage recorded"", ""source_type"": ""telecom_record""}"
R002280,P061,PH039,USED_PHONE,0.64,2025-05-05T11:32:24,"{""observation"": ""Device usage recorded"", ""source_type"": ""telecom_record""}"
R002281,P461,ACC123,TRANSACTION_WITH,0.84,2025-12-18T00:31:03,"{""amount"": 248985, ""currency"": ""INR"", ""transaction_type"": ""wire_transfer""}"
R002282,P192,P181,PARTNER,0.55,2026-08-17T06:25:48,"{""relationship_note"": ""Partner relation recorded"", ""source_type"": ""public_record""}"
R002283,P259,P264,SUSPECTED_ASSOCIATE,0.74,2025-01-06T09:32:06,"{""context"": ""Indirect association noted as an analytical lead, not confirmed activity"", ""source_type"": ""informant_tip"", ""verified"": false}"
R002284,P293,P224,CALLED,0.51,2025-06-02T03:32:19,"{""duration_seconds"": 3299, ""source_type"": ""call_record"", ""verified"": false}"
R002285,P408,P415,EMPLOYED_WITH,0.86,2026-07-12T21:40:42,"{""context"": ""Shared employment recorded"", ""source_type"": ""employment_record""}"
R002286,P261,ORG030,MEMBER_OF,0.86,2025-02-11T12:46:32,"{""context"": ""Shared membership recorded"", ""source_type"": ""field_report""}"
R002287,P217,ORG090,MEMBER_OF,0.79,2025-09-23T18:08:39,"{""context"": ""Shared membership recorded"", ""source_type"": ""field_report""}"
R002288,P360,P363,TRAVELED_WITH,0.9,2026-08-08T12:42:58,"{""context"": ""Joint travel recorded"", ""source_type"": ""travel_record""}"
R002289,P071,P074,TRAVELED_WITH,0.75,2025-07-25T14:52:14,"{""context"": ""Joint travel recorded"", ""source_type"": ""travel_record""}"
R002290,P021,ORG087,ASSOCIATED_WITH,0.96,2025-10-09T04:42:46,"{""context"": ""Indirect association noted as an analytical lead, not confirmed activity"", ""source_type"": ""informant_tip"", ""verified"": false}"
R002291,P229,P233,PARTNER,0.54,2026-05-23T01:28:12,"{""relationship_note"": ""Family relation recorded"", ""source_type"": ""public_record""}"
R002292,P133,ACC138,TRANSACTION_WITH,0.8,2025-04-30T17:49:19,"{""amount"": 386627, ""currency"": ""INR"", ""transaction_type"": ""upi_transfer""}"
R002293,P224,PH199,OWNS_PHONE,0.7,2026-04-28T04:21:53,"{""registration_status"": ""active"", ""source_type"": ""telecom_registry""}"
R002294,P367,P353,FAMILY,0.67,2026-04-07T00:46:33,"{""relationship_note"": ""Family relation recorded"", ""source_type"": ""public_record""}"
R002295,P299,PH100,OWNS_PHONE,0.97,2025-02-17T04:59:16,"{""registration_status"": ""active"", ""source_type"": ""telecom_registry""}"
R002296,P340,LOC025,TRAVELED_TO,0.52,2025-07-18T00:14:17,"{""mode"": ""air"", ""source_type"": ""travel_record""}"
R002297,V069,LOC080,SEEN_AT,0.94,2025-06-28T07:01:04,"{""observation"": ""Vehicle observed in use"", ""source_type"": ""CCTV""}"
R002298,P399,P379,FAMILY,0.84,2025-06-28T06:31:58,"{""relationship_note"": ""Family relation recorded"", ""source_type"": ""public_record""}"
R002299,P249,P228,EMPLOYED_WITH,0.67,2026-07-10T11:27:45,"{""context"": ""Shared employment recorded"", ""source_type"": ""employment_record""}"
R002300,P453,P489,FAMILY,0.76,2025-07-17T08:48:57,"{""relationship_note"": ""Partner relation recorded"", ""source_type"": ""public_record""}"
R002301,P224,PH142,USED_PHONE,0.55,2026-01-05T00:43:08,"{""observation"": ""Device usage recorded"", ""source_type"": ""telecom_record""}"
R002302,P113,PH153,CALLED,0.56,2026-05-21T13:51:34,"{""duration_seconds"": 2213, ""source_type"": ""call_record"", ""verified"": false}"
R002303,P415,ACC189,RECEIVED_FROM,0.69,2026-02-03T01:32:58,"{""amount"": 326658, ""currency"": ""INR"", ""transaction_type"": ""upi_transfer""}"
R002304,PH079,PH081,COMMUNICATED_WITH,0.74,2026-02-14T20:55:30,"{""contact_count"": 18, ""source_type"": ""telecom_record""}"
R002305,P402,LOC088,TRAVELED_TO,0.57,2025-03-23T06:53:39,"{""mode"": ""rail"", ""source_type"": ""travel_record""}"
R002306,P460,P456,LOCATED_WITH,0.94,2025-03-11T13:10:42,"{""observation_note"": ""Presence recorded at location"", ""source_type"": ""location_record""}"
R002307,P289,LOC021,LOCATED_AT,0.76,2026-05-19T20:35:51,"{""observation_note"": ""Presence recorded at location"", ""source_type"": ""location_record""}"
R002308,P367,P280,MESSAGED,0.75,2025-07-17T09:18:46,"{""message_count"": 132, ""source_type"": ""communication_record""}"
R002309,P099,ACC032,TRANSFERRED_TO,0.52,2026-07-07T18:52:33,"{""amount"": 61827, ""currency"": ""INR"", ""transaction_type"": ""bank_transfer""}"
R002310,P306,P312,MET,0.73,2025-05-17T11:49:43,"{""details"": ""Brief meeting observed"", ""source_type"": ""surveillance"", ""verified"": true}"
R002311,P294,P440,TRAVELED_WITH,0.85,2025-01-24T03:31:16,"{""context"": ""Joint travel recorded"", ""source_type"": ""travel_record""}"
R002312,P102,P104,CALLED,0.95,2026-03-02T10:37:58,"{""duration_seconds"": 978, ""source_type"": ""call_record"", ""verified"": false}"
R002313,P309,ACC022,TRANSFERRED_TO,0.79,2026-05-20T18:33:36,"{""amount"": 396398, ""currency"": ""INR"", ""transaction_type"": ""bank_transfer""}"
R002314,P369,LOC099,RESIDES_AT,0.92,2025-08-03T15:47:26,"{""since"": ""2026-05-14"", ""source_type"": ""registration_record""}"
R002315,P481,P498,FAMILY,0.52,2025-09-02T13:27:00,"{""relationship_note"": ""Family relation recorded"", ""source_type"": ""public_record""}"
R002316,P402,V104,USED_VEHICLE,0.95,2025-01-14T03:04:13,"{""observation"": ""Vehicle observed in use"", ""source_type"": ""CCTV""}"
R002317,P288,P278,PARTNER,0.94,2025-08-05T15:57:43,"{""relationship_note"": ""Family relation recorded"", ""source_type"": ""public_record""}"
R002318,P046,P047,EMPLOYED_WITH,0.68,2026-06-04T04:39:40,"{""context"": ""Shared employment recorded"", ""source_type"": ""employment_record""}"
R002319,P333,ORG029,WORKS_FOR,0.98,2026-07-05T15:56:57,"{""role"": ""Consultant"", ""source_type"": ""employment_record""}"
R002320,P051,LOC079,TRAVELED_TO,0.9,2026-02-25T17:09:34,"{""mode"": ""air"", ""source_type"": ""travel_record""}"
R002321,P280,P294,MEMBER_OF,0.77,2025-02-16T18:04:54,"{""context"": ""Shared membership recorded"", ""source_type"": ""field_report""}"
R002322,P209,P216,LOCATED_WITH,0.76,2026-07-18T14:27:18,"{""observation_note"": ""Presence recorded at location"", ""source_type"": ""location_record""}"
R002323,P309,P318,TRAVELED_WITH,0.82,2026-03-10T10:26:03,"{""context"": ""Joint travel recorded"", ""source_type"": ""travel_record""}"
R002324,P180,P182,CALLED,0.78,2026-04-23T04:35:52,"{""duration_seconds"": 1559, ""source_type"": ""call_record"", ""verified"": true}"
R002325,P011,PH023,USED_PHONE,0.57,2025-07-03T21:17:39,"{""observation"": ""Device usage recorded"", ""source_type"": ""telecom_record""}"
R002326,P224,ORG081,ASSOCIATED_WITH,0.76,2026-08-17T10:00:06,"{""context"": ""Indirect association noted as an analytical lead, not confirmed activity"", ""source_type"": ""informant_tip"", ""verified"": false}"
R002327,P360,P364,EMPLOYED_WITH,0.5,2025-05-26T01:40:54,"{""context"": ""Shared employment recorded"", ""source_type"": ""employment_record""}"
R002328,P446,ACC019,RECEIVED_FROM,0.88,2026-03-21T00:08:08,"{""amount"": 189876, ""currency"": ""INR"", ""transaction_type"": ""wire_transfer""}"
R002329,P139,P150,MEMBER_OF,0.65,2025-04-02T11:33:04,"{""context"": ""Shared membership recorded"", ""source_type"": ""field_report""}"
R002330,P272,PH166,OWNS_PHONE,0.77,2025-02-27T23:10:19,"{""registration_status"": ""active"", ""source_type"": ""telecom_registry""}"
R002331,P082,P081,LOCATED_WITH,0.96,2026-04-18T16:13:31,"{""observation_note"": ""Presence recorded at location"", ""source_type"": ""location_record""}"
R002332,P389,P433,CALLED,0.63,2026-04-02T10:18:29,"{""duration_seconds"": 555, ""source_type"": ""call_record"", ""verified"": true}"
R002333,P180,LOC006,TRAVELED_TO,0.66,2025-09-27T05:18:20,"{""mode"": ""air"", ""source_type"": ""travel_record""}"
R002334,P359,P355,MESSAGED,0.91,2026-03-25T22:17:17,"{""message_count"": 148, ""source_type"": ""communication_record""}"
R002335,P115,P120,MET,0.67,2026-07-25T08:40:02,"{""details"": ""Brief meeting observed"", ""source_type"": ""surveillance"", ""verified"": true}"
R002336,P413,P247,MESSAGED,0.85,2026-08-21T22:05:45,"{""message_count"": 72, ""source_type"": ""communication_record""}"
R002337,P453,P457,MEMBER_OF,0.63,2025-03-11T02:19:24,"{""context"": ""Shared membership recorded"", ""source_type"": ""field_report""}"
R002338,P029,P272,MESSAGED,0.88,2025-03-11T23:23:21,"{""message_count"": 2, ""source_type"": ""communication_record""}"
R002339,P309,P302,PARTNER,0.78,2025-02-15T18:18:03,"{""relationship_note"": ""Family relation recorded"", ""source_type"": ""public_record""}"
R002340,P480,PH169,OWNS_PHONE,0.54,2025-12-27T06:15:57,"{""registration_status"": ""active"", ""source_type"": ""telecom_registry""}"
R002341,P112,P116,MET,0.78,2025-03-04T19:32:29,"{""details"": ""Meeting recorded at location"", ""source_type"": ""surveillance"", ""verified"": true}"
R002342,P328,P366,EMPLOYED_WITH,0.84,2025-02-25T01:18:07,"{""context"": ""Shared employment recorded"", ""source_type"": ""employment_record""}"
R002343,V076,LOC030,SEEN_AT,0.9,2025-03-09T06:46:58,"{""observation"": ""Vehicle observed in use"", ""source_type"": ""CCTV""}"
R002344,P290,P289,TRAVELED_WITH,0.79,2026-03-17T18:43:26,"{""context"": ""Joint travel recorded"", ""source_type"": ""travel_record""}"
R002345,P358,P370,CALLED,0.57,2026-01-02T18:46:12,"{""duration_seconds"": 1957, ""source_type"": ""call_record"", ""verified"": true}"
R002346,P109,LOC099,VISITED,0.86,2026-02-23T04:52:21,"{""duration_minutes"": 23, ""source_type"": ""location_record""}"
R002347,P367,P363,MET,0.59,2025-09-16T02:20:14,"{""details"": ""Brief meeting observed"", ""source_type"": ""surveillance"", ""verified"": false}"
R002348,P259,P113,PARTNER,0.57,2026-07-20T17:50:19,"{""relationship_note"": ""Family relation recorded"", ""source_type"": ""public_record""}"
R002349,P360,P370,TRAVELED_WITH,0.98,2025-08-01T01:14:49,"{""context"": ""Joint travel recorded"", ""source_type"": ""travel_record""}"
R002350,PH046,PH082,COMMUNICATED_WITH,0.89,2025-08-21T16:29:46,"{""contact_count"": 49, ""source_type"": ""telecom_record""}"
R002351,P210,ACC036,RECEIVED_FROM,0.76,2026-05-05T19:38:44,"{""amount"": 173959, ""currency"": ""INR"", ""transaction_type"": ""wire_transfer""}"
R002352,P196,P186,FAMILY,0.68,2025-12-12T02:58:36,"{""relationship_note"": ""Partner relation recorded"", ""source_type"": ""public_record""}"
R002353,P004,P012,MESSAGED,0.66,2026-03-15T12:22:01,"{""message_count"": 11, ""source_type"": ""communication_record""}"
R002354,P318,P308,FAMILY,0.73,2026-03-22T00:58:44,"{""relationship_note"": ""Partner relation recorded"", ""source_type"": ""public_record""}"
R002355,P215,P214,MET,0.96,2026-06-18T08:36:25,"{""details"": ""Extended meeting recorded"", ""source_type"": ""surveillance"", ""verified"": false}"
R002356,P013,P012,MESSAGED,0.65,2026-06-30T19:13:30,"{""message_count"": 69, ""source_type"": ""communication_record""}"
R002357,P499,PH022,USED_PHONE,0.83,2025-03-06T14:10:27,"{""observation"": ""Device usage recorded"", ""source_type"": ""telecom_record""}"
R002358,P459,P465,LOCATED_WITH,0.84,2025-09-01T16:40:05,"{""observation_note"": ""Presence recorded at location"", ""source_type"": ""location_record""}"
R002359,P413,P426,CALLED,0.89,2025-09-06T04:03:08,"{""duration_seconds"": 2826, ""source_type"": ""call_record"", ""verified"": false}"
R002360,P259,P266,PARTNER,0.91,2025-01-08T15:03:04,"{""relationship_note"": ""Partner relation recorded"", ""source_type"": ""public_record""}"
R002361,P288,P276,PARTNER,0.83,2025-02-08T11:04:21,"{""relationship_note"": ""Family relation recorded"", ""source_type"": ""public_record""}"
R002362,P309,P313,FAMILY,0.52,2025-12-13T22:33:54,"{""relationship_note"": ""Family relation recorded"", ""source_type"": ""public_record""}"
R002363,P362,P369,LOCATED_WITH,0.8,2026-01-29T09:30:50,"{""observation_note"": ""Presence recorded at location"", ""source_type"": ""location_record""}"
R002364,P301,P456,SUSPECTED_ASSOCIATE,0.87,2025-06-21T22:50:53,"{""context"": ""Indirect association noted as an analytical lead, not confirmed activity"", ""source_type"": ""informant_tip"", ""verified"": false}"
R002365,P367,P280,SUSPECTED_ASSOCIATE,0.82,2026-04-03T19:56:41,"{""context"": ""Indirect association noted as an analytical lead, not confirmed activity"", ""source_type"": ""informant_tip"", ""verified"": false}"
R002366,P070,P054,TRAVELED_WITH,0.52,2026-04-22T14:59:13,"{""context"": ""Joint travel recorded"", ""source_type"": ""travel_record""}"
R002367,P245,PH178,MESSAGED,0.83,2025-07-07T16:25:11,"{""message_count"": 56, ""source_type"": ""communication_record""}"
R002368,P143,PH179,CALLED,0.97,2026-03-19T22:42:54,"{""duration_seconds"": 1550, ""source_type"": ""call_record"", ""verified"": true}"
R002369,P361,P362,MEMBER_OF,0.61,2025-11-01T23:09:47,"{""context"": ""Shared membership recorded"", ""source_type"": ""field_report""}"
R002370,P236,PH098,OWNS_PHONE,0.65,2025-01-09T14:03:54,"{""registration_status"": ""active"", ""source_type"": ""telecom_registry""}"
R002371,P227,P245,MESSAGED,0.59,2025-10-31T19:48:24,"{""message_count"": 147, ""source_type"": ""communication_record""}"
R002372,P369,V079,OWNS_VEHICLE,0.66,2025-04-27T01:58:49,"{""registration_status"": ""active"", ""source_type"": ""vehicle_registry""}"
R002373,P280,P294,MET,0.7,2025-02-20T06:55:03,"{""details"": ""Brief meeting observed"", ""source_type"": ""surveillance"", ""verified"": true}"
R002374,P224,P220,CALLED,0.64,2025-04-01T14:28:52,"{""duration_seconds"": 2793, ""source_type"": ""call_record"", ""verified"": false}"
R002375,P360,ACC145,RECEIVED_FROM,0.77,2025-12-21T14:29:43,"{""amount"": 285204, ""currency"": ""INR"", ""transaction_type"": ""upi_transfer""}"
R002376,P112,P125,MESSAGED,0.88,2026-03-16T07:25:47,"{""message_count"": 80, ""source_type"": ""communication_record""}"
R002377,P113,P106,ASSOCIATED,0.93,2025-02-06T01:26:50,"{""context"": ""Indirect association noted as an analytical lead, not confirmed activity"", ""source_type"": ""informant_tip"", ""verified"": false}"
R002378,P030,P041,PARTNER,0.84,2025-10-15T10:07:12,"{""relationship_note"": ""Family relation recorded"", ""source_type"": ""public_record""}"
R002379,P465,P391,CALLED,0.77,2026-07-26T14:40:03,"{""duration_seconds"": 756, ""source_type"": ""call_record"", ""verified"": true}"
R002380,P299,P278,CALLED,0.95,2025-05-11T16:22:45,"{""duration_seconds"": 3233, ""source_type"": ""call_record"", ""verified"": true}"
R002381,P280,P279,MET,0.6,2026-01-15T16:30:27,"{""details"": ""Brief meeting observed"", ""source_type"": ""surveillance"", ""verified"": false}"
R002382,P280,P292,LOCATED_WITH,0.84,2025-03-05T08:15:31,"{""observation_note"": ""Presence recorded at location"", ""source_type"": ""location_record""}"
R002383,P360,P358,MET,0.88,2026-02-06T09:10:47,"{""details"": ""Extended meeting recorded"", ""source_type"": ""surveillance"", ""verified"": true}"
R002384,P253,P257,LOCATED_WITH,0.64,2025-10-19T14:39:58,"{""observation_note"": ""Presence recorded at location"", ""source_type"": ""location_record""}"
R002385,P318,ACC132,OWNS_ACCOUNT,0.57,2025-08-30T13:18:22,"{""account_status"": ""active"", ""source_type"": ""financial_registry""}"
R002386,P002,V046,OWNS_VEHICLE,0.77,2026-01-06T07:40:31,"{""registration_status"": ""active"", ""source_type"": ""vehicle_registry""}"
R002387,P302,PH059,USED_PHONE,0.57,2026-02-21T19:57:59,"{""observation"": ""Device usage recorded"", ""source_type"": ""telecom_record""}"
R002388,P042,ACC072,RECEIVED_FROM,0.74,2025-02-15T22:48:52,"{""amount"": 146651, ""currency"": ""INR"", ""transaction_type"": ""cash_deposit""}"
R002389,P360,V017,TRAVELED_IN,0.71,2026-08-06T00:04:39,"{""trip_note"": ""Travel recorded together"", ""source_type"": ""field_report""}"
R002390,P333,ACC173,TRANSFERRED_TO,0.56,2025-10-07T13:03:03,"{""amount"": 329387, ""currency"": ""INR"", ""transaction_type"": ""bank_transfer""}"
R002391,P133,P130,ASSOCIATED,0.56,2026-05-08T11:26:03,"{""context"": ""Indirect association noted as an analytical lead, not confirmed activity"", ""source_type"": ""informant_tip"", ""verified"": false}"
R002392,P406,V033,USED_VEHICLE,0.84,2026-01-22T19:53:47,"{""observation"": ""Vehicle observed in use"", ""source_type"": ""CCTV""}"
R002393,P413,P408,ASSOCIATED,0.75,2025-10-17T15:55:56,"{""context"": ""Indirect association noted as an analytical lead, not confirmed activity"", ""source_type"": ""informant_tip"", ""verified"": false}"
R002394,P106,P102,EMPLOYED_WITH,0.89,2025-02-06T12:47:34,"{""context"": ""Shared employment recorded"", ""source_type"": ""employment_record""}"
R002395,P201,P221,MEMBER_OF,0.56,2025-12-08T17:38:31,"{""context"": ""Shared membership recorded"", ""source_type"": ""field_report""}"
R002396,P296,P298,SUSPECTED_ASSOCIATE,0.69,2026-04-29T13:41:15,"{""context"": ""Indirect association noted as an analytical lead, not confirmed activity"", ""source_type"": ""informant_tip"", ""verified"": false}"
R002397,P062,PH008,USED_PHONE,0.63,2025-05-04T14:14:13,"{""observation"": ""Device usage recorded"", ""source_type"": ""telecom_record""}"
R002398,P389,LOC009,WORKS_AT,0.8,2026-07-31T05:32:04,"{""role"": ""Contractor"", ""source_type"": ""employment_record""}"
R002399,P415,P419,CALLED,0.97,2025-12-11T03:07:43,"{""duration_seconds"": 1725, ""source_type"": ""call_record"", ""verified"": false}"
R002400,P333,P037,MET,0.69,2026-08-08T23:36:05,"{""details"": ""Brief meeting observed"", ""source_type"": ""surveillance"", ""verified"": true}"
R002401,P014,P194,FAMILY,0.65,2025-08-11T20:56:38,"{""relationship_note"": ""Family relation recorded"", ""source_type"": ""public_record""}"
R002402,P169,V078,USED_VEHICLE,0.82,2026-03-17T19:57:09,"{""observation"": ""Vehicle observed in use"", ""source_type"": ""CCTV""}"
R002403,P143,P130,ASSOCIATED,0.56,2026-08-11T13:13:48,"{""context"": ""Indirect association noted as an analytical lead, not confirmed activity"", ""source_type"": ""informant_tip"", ""verified"": false}"
R002404,P215,P225,FAMILY,0.82,2025-04-25T01:37:57,"{""relationship_note"": ""Partner relation recorded"", ""source_type"": ""public_record""}"
R002405,P405,P402,CALLED,0.74,2025-04-28T12:32:25,"{""duration_seconds"": 2448, ""source_type"": ""call_record"", ""verified"": true}"
R002406,P309,V080,OWNS_VEHICLE,0.94,2025-11-13T13:32:30,"{""registration_status"": ""active"", ""source_type"": ""vehicle_registry""}"
R002407,P280,V098,TRAVELED_IN,0.63,2026-05-27T02:17:19,"{""trip_note"": ""Travel recorded together"", ""source_type"": ""field_report""}"
R002408,P346,P133,ASSOCIATED,0.97,2025-09-21T04:21:03,"{""context"": ""Indirect association noted as an analytical lead, not confirmed activity"", ""source_type"": ""informant_tip"", ""verified"": false}"
R002409,P178,ORG031,WORKS_FOR,0.61,2026-06-02T20:23:00,"{""role"": ""Staff"", ""source_type"": ""employment_record""}"
R002410,P030,ACC181,TRANSFERRED_TO,0.91,2025-01-27T23:29:51,"{""amount"": 445274, ""currency"": ""INR"", ""transaction_type"": ""upi_transfer""}"
R002411,P229,P249,FAMILY,0.63,2025-10-18T09:17:37,"{""relationship_note"": ""Partner relation recorded"", ""source_type"": ""public_record""}"
R002412,P337,LOC093,WORKS_AT,0.89,2025-11-08T18:12:09,"{""role"": ""Staff"", ""source_type"": ""employment_record""}"
R002413,P453,V093,USED_VEHICLE,0.97,2026-05-09T18:49:32,"{""observation"": ""Vehicle observed in use"", ""source_type"": ""CCTV""}"
R002414,P131,P150,MEMBER_OF,0.75,2026-03-15T07:38:37,"{""context"": ""Shared membership recorded"", ""source_type"": ""field_report""}"
R002415,P109,ACC072,TRANSACTION_WITH,0.56,2025-02-19T09:15:25,"{""amount"": 93342, ""currency"": ""INR"", ""transaction_type"": ""wire_transfer""}"
R002416,P004,P021,TRAVELED_WITH,0.65,2025-01-18T04:27:31,"{""context"": ""Joint travel recorded"", ""source_type"": ""travel_record""}"
R002417,P293,P287,MESSAGED,0.69,2025-09-23T09:34:20,"{""message_count"": 115, ""source_type"": ""communication_record""}"
R002418,P479,P488,MET,0.79,2025-07-06T01:08:47,"{""details"": ""Meeting recorded at location"", ""source_type"": ""surveillance"", ""verified"": false}"
R002419,P029,P070,FAMILY,0.82,2025-04-06T04:18:27,"{""relationship_note"": ""Family relation recorded"", ""source_type"": ""public_record""}"
R002420,P143,P135,EMPLOYED_WITH,0.72,2025-05-03T06:23:38,"{""context"": ""Shared employment recorded"", ""source_type"": ""employment_record""}"
R002421,P309,P318,MEMBER_OF,0.95,2025-12-20T21:34:48,"{""context"": ""Shared membership recorded"", ""source_type"": ""field_report""}"
R002422,P272,P293,CALLED,0.58,2025-04-04T09:34:16,"{""duration_seconds"": 1500, ""source_type"": ""call_record"", ""verified"": false}"
R002423,P420,V130,USED_VEHICLE,0.89,2025-05-17T20:56:42,"{""observation"": ""Vehicle observed in use"", ""source_type"": ""CCTV""}"
R002424,P241,P232,SUSPECTED_ASSOCIATE,0.58,2026-06-13T09:16:10,"{""context"": ""Indirect association noted as an analytical lead, not confirmed activity"", ""source_type"": ""informant_tip"", ""verified"": false}"
R002425,P329,PH106,OWNS_PHONE,0.89,2026-06-10T14:42:14,"{""registration_status"": ""active"", ""source_type"": ""telecom_registry""}"
R002426,P426,ORG060,MEMBER_OF,0.72,2025-04-25T15:14:16,"{""context"": ""Shared membership recorded"", ""source_type"": ""field_report""}"
R002427,P102,P105,SUSPECTED_ASSOCIATE,0.53,2025-11-07T22:13:33,"{""context"": ""Indirect association noted as an analytical lead, not confirmed activity"", ""source_type"": ""informant_tip"", ""verified"": false}"
R002428,P389,LOC057,TRAVELED_TO,0.96,2026-08-16T18:55:56,"{""mode"": ""road"", ""source_type"": ""travel_record""}"
R002429,P318,P326,PARTNER,0.74,2025-10-13T10:27:58,"{""relationship_note"": ""Family relation recorded"", ""source_type"": ""public_record""}"
R002430,P102,V119,USED_VEHICLE,0.82,2025-02-21T00:58:16,"{""observation"": ""Vehicle observed in use"", ""source_type"": ""CCTV""}"
R002431,P014,ACC078,TRANSACTION_WITH,0.61,2025-04-04T03:22:45,"{""amount"": 301265, ""currency"": ""INR"", ""transaction_type"": ""bank_transfer""}"
R002432,P262,V023,USED_VEHICLE,0.74,2025-06-19T00:40:08,"{""observation"": ""Vehicle observed in use"", ""source_type"": ""CCTV""}"
R002433,P295,P286,ASSOCIATED,0.67,2025-01-28T05:58:55,"{""context"": ""Indirect association noted as an analytical lead, not confirmed activity"", ""source_type"": ""informant_tip"", ""verified"": false}"
R002434,P347,P331,EMPLOYED_WITH,0.81,2026-08-26T09:35:16,"{""context"": ""Shared employment recorded"", ""source_type"": ""employment_record""}"
R002435,P046,P047,PARTNER,0.67,2025-07-11T04:13:08,"{""relationship_note"": ""Family relation recorded"", ""source_type"": ""public_record""}"
R002436,P083,ORG089,MEMBER_OF,0.88,2025-04-26T05:36:17,"{""context"": ""Shared membership recorded"", ""source_type"": ""field_report""}"
R002437,P259,P251,LOCATED_WITH,0.92,2026-06-28T04:05:34,"{""observation_note"": ""Presence recorded at location"", ""source_type"": ""location_record""}"
R002438,P369,PH058,USED_PHONE,0.56,2026-08-31T04:10:24,"{""observation"": ""Device usage recorded"", ""source_type"": ""telecom_record""}"
R002439,P014,P002,TRAVELED_WITH,0.72,2025-03-09T15:48:12,"{""context"": ""Joint travel recorded"", ""source_type"": ""travel_record""}"
R002440,P456,P457,LOCATED_WITH,0.6,2025-10-30T05:09:45,"{""observation_note"": ""Presence recorded at location"", ""source_type"": ""location_record""}"
R002441,P115,P120,MEMBER_OF,0.98,2026-08-09T12:46:40,"{""context"": ""Shared membership recorded"", ""source_type"": ""field_report""}"
R002442,P459,P467,SUSPECTED_ASSOCIATE,0.91,2026-03-10T15:00:56,"{""context"": ""Indirect association noted as an analytical lead, not confirmed activity"", ""source_type"": ""informant_tip"", ""verified"": false}"
R002443,P120,P107,FAMILY,0.87,2026-07-04T11:51:04,"{""relationship_note"": ""Family relation recorded"", ""source_type"": ""public_record""}"
R002444,P143,P130,MESSAGED,0.55,2026-07-03T20:30:16,"{""message_count"": 75, ""source_type"": ""communication_record""}"
R002445,P319,P305,PARTNER,0.83,2025-04-30T14:11:02,"{""relationship_note"": ""Family relation recorded"", ""source_type"": ""public_record""}"
R002446,P021,P041,EMPLOYED_WITH,0.8,2025-10-02T18:10:19,"{""context"": ""Shared employment recorded"", ""source_type"": ""employment_record""}"
R002447,V100,LOC032,SEEN_AT,0.91,2025-06-13T22:30:34,"{""observation"": ""Vehicle observed in use"", ""source_type"": ""CCTV""}"
R002448,P413,PH063,MESSAGED,0.53,2026-07-15T20:10:13,"{""message_count"": 30, ""source_type"": ""communication_record""}"
R002449,P367,P369,EMPLOYED_WITH,0.88,2026-03-11T17:47:32,"{""context"": ""Shared employment recorded"", ""source_type"": ""employment_record""}"
R002450,P004,PH169,USED_PHONE,0.54,2025-09-09T15:01:51,"{""observation"": ""Device usage recorded"", ""source_type"": ""telecom_record""}"
R002451,P318,V131,USED_VEHICLE,0.88,2025-05-16T13:11:28,"{""observation"": ""Vehicle observed in use"", ""source_type"": ""CCTV""}"
R002452,P318,PH099,MESSAGED,0.53,2025-06-28T01:19:02,"{""message_count"": 71, ""source_type"": ""communication_record""}"
R002453,P155,LOC073,TRAVELED_TO,0.54,2025-02-04T23:28:28,"{""mode"": ""road"", ""source_type"": ""travel_record""}"
R002454,P180,ACC110,OWNS_ACCOUNT,0.98,2026-05-28T09:28:48,"{""account_status"": ""active"", ""source_type"": ""financial_registry""}"
R002455,P309,P314,LOCATED_WITH,0.6,2025-12-18T14:29:37,"{""observation_note"": ""Presence recorded at location"", ""source_type"": ""location_record""}"
R002456,P102,P101,MEMBER_OF,0.51,2026-03-01T23:05:19,"{""context"": ""Shared membership recorded"", ""source_type"": ""field_report""}"
R002457,P225,P026,SUSPECTED_ASSOCIATE,0.74,2025-05-03T22:50:45,"{""context"": ""Indirect association noted as an analytical lead, not confirmed activity"", ""source_type"": ""informant_tip"", ""verified"": false}"
R002458,P270,P273,CALLED,0.78,2026-05-29T21:43:18,"{""duration_seconds"": 3094, ""source_type"": ""call_record"", ""verified"": false}"
R002459,P229,ORG073,VISITED_ORG,0.82,2026-04-27T19:18:30,"{""duration_minutes"": 108, ""source_type"": ""location_record""}"
R002460,P098,P091,MEMBER_OF,0.89,2026-02-11T09:31:29,"{""context"": ""Shared membership recorded"", ""source_type"": ""field_report""}"
R002461,PH167,PH100,COMMUNICATED_WITH,0.83,2025-05-24T23:37:37,"{""contact_count"": 4, ""source_type"": ""telecom_record""}"
R002462,P268,P269,LOCATED_WITH,0.62,2025-09-21T09:38:03,"{""observation_note"": ""Presence recorded at location"", ""source_type"": ""location_record""}"
R002463,P109,PH155,CALLED,0.54,2025-06-11T13:29:30,"{""duration_seconds"": 3168, ""source_type"": ""call_record"", ""verified"": false}"
R002464,P321,P322,MET,0.61,2025-05-27T07:35:06,"{""details"": ""Meeting recorded at location"", ""source_type"": ""surveillance"", ""verified"": true}"
R002465,P012,P014,CALLED,0.64,2026-04-01T05:34:29,"{""duration_seconds"": 2636, ""source_type"": ""call_record"", ""verified"": false}"
R002466,P004,LOC007,RESIDES_AT,0.5,2025-08-09T15:51:58,"{""since"": ""2025-11-23"", ""source_type"": ""registration_record""}"
R002467,P143,ACC140,TRANSACTION_WITH,0.83,2025-12-27T14:34:05,"{""amount"": 228700, ""currency"": ""INR"", ""transaction_type"": ""upi_transfer""}"
R002468,P444,P043,MEMBER_OF,0.69,2026-03-21T14:13:55,"{""context"": ""Shared membership recorded"", ""source_type"": ""field_report""}"
R002469,P158,P183,MET,0.84,2026-06-21T10:12:20,"{""details"": ""Brief meeting observed"", ""source_type"": ""surveillance"", ""verified"": true}"
R002470,P280,P291,EMPLOYED_WITH,0.55,2026-07-29T02:05:53,"{""context"": ""Shared employment recorded"", ""source_type"": ""employment_record""}"
R002471,P082,PH179,CALLED,0.69,2026-05-20T22:15:18,"{""duration_seconds"": 1330, ""source_type"": ""call_record"", ""verified"": true}"
R002472,P004,P005,LOCATED_WITH,0.58,2025-10-16T03:13:40,"{""observation_note"": ""Presence recorded at location"", ""source_type"": ""location_record""}"
R002473,P487,P299,EMPLOYED_WITH,0.8,2025-06-10T07:01:00,"{""context"": ""Shared employment recorded"", ""source_type"": ""employment_record""}"
R002474,P175,P172,PARTNER,0.65,2026-03-19T16:01:07,"{""relationship_note"": ""Partner relation recorded"", ""source_type"": ""public_record""}"
R002475,P112,V066,TRAVELED_IN,0.88,2025-08-15T22:15:17,"{""trip_note"": ""Travel recorded together"", ""source_type"": ""field_report""}"
R002476,P064,LOC073,WORKS_AT,0.95,2025-08-26T04:11:00,"{""role"": ""Advisor"", ""source_type"": ""employment_record""}"
R002477,P453,P494,ASSOCIATED,0.61,2026-04-17T19:53:34,"{""context"": ""Indirect association noted as an analytical lead, not confirmed activity"", ""source_type"": ""informant_tip"", ""verified"": false}"
R002478,P005,ORG098,ASSOCIATED_WITH,0.83,2025-11-15T09:25:21,"{""context"": ""Indirect association noted as an analytical lead, not confirmed activity"", ""source_type"": ""informant_tip"", ""verified"": false}"
R002479,P082,PH013,USED_PHONE,0.79,2026-03-13T00:27:26,"{""observation"": ""Device usage recorded"", ""source_type"": ""telecom_record""}"
R002480,P350,P344,LOCATED_WITH,0.76,2025-04-10T15:45:15,"{""observation_note"": ""Presence recorded at location"", ""source_type"": ""location_record""}"
R002481,P413,V070,TRAVELED_IN,0.55,2026-02-10T17:57:41,"{""trip_note"": ""Travel recorded together"", ""source_type"": ""field_report""}"
R002482,P026,P042,LOCATED_WITH,0.73,2025-01-07T04:41:06,"{""observation_note"": ""Presence recorded at location"", ""source_type"": ""location_record""}"
R002483,P303,P313,PARTNER,0.89,2026-02-07T18:53:05,"{""relationship_note"": ""Family relation recorded"", ""source_type"": ""public_record""}"
R002484,P116,LOC006,VISITED,0.65,2025-04-08T14:29:23,"{""duration_minutes"": 150, ""source_type"": ""location_record""}"
R002485,P082,P095,EMPLOYED_WITH,0.51,2025-08-25T10:10:43,"{""context"": ""Shared employment recorded"", ""source_type"": ""employment_record""}"
R002486,P081,ORG015,WORKS_FOR,0.6,2025-10-04T08:03:41,"{""role"": ""Contractor"", ""source_type"": ""employment_record""}"
R002487,P292,P295,PARTNER,0.83,2025-11-02T15:02:30,"{""relationship_note"": ""Partner relation recorded"", ""source_type"": ""public_record""}"
R002488,P468,ACC021,TRANSACTION_WITH,0.95,2026-03-08T08:58:55,"{""amount"": 320045, ""currency"": ""INR"", ""transaction_type"": ""cash_deposit""}"
R002489,P273,ACC049,RECEIVED_FROM,0.63,2025-07-22T19:05:51,"{""amount"": 172076, ""currency"": ""INR"", ""transaction_type"": ""upi_transfer""}"
R002490,P272,P282,CALLED,0.59,2025-03-07T17:50:33,"{""duration_seconds"": 3409, ""source_type"": ""call_record"", ""verified"": false}"
R002491,P215,P205,MESSAGED,0.72,2026-06-05T23:39:30,"{""message_count"": 47, ""source_type"": ""communication_record""}"
R002492,P453,P051,SUSPECTED_ASSOCIATE,0.72,2025-06-11T11:45:56,"{""context"": ""Indirect association noted as an analytical lead, not confirmed activity"", ""source_type"": ""informant_tip"", ""verified"": false}"
R002493,P367,P355,SUSPECTED_ASSOCIATE,0.64,2026-03-07T22:25:29,"{""context"": ""Indirect association noted as an analytical lead, not confirmed activity"", ""source_type"": ""informant_tip"", ""verified"": false}"
R002494,P417,V023,OWNS_VEHICLE,0.82,2025-02-08T22:21:40,"{""registration_status"": ""active"", ""source_type"": ""vehicle_registry""}"
R002495,P029,ACC068,RECEIVED_FROM,0.59,2025-12-07T07:47:08,"{""amount"": 20181, ""currency"": ""INR"", ""transaction_type"": ""wire_transfer""}"
R002496,P270,P262,MET,0.58,2025-09-05T09:57:33,"{""details"": ""Extended meeting recorded"", ""source_type"": ""surveillance"", ""verified"": false}"
R002497,P162,P443,MESSAGED,0.6,2025-09-20T19:07:23,"{""message_count"": 134, ""source_type"": ""communication_record""}"
R002498,PH035,PH005,COMMUNICATED_WITH,0.57,2026-04-30T08:54:16,"{""contact_count"": 52, ""source_type"": ""telecom_record""}"
R002499,P004,P008,ASSOCIATED,0.73,2025-03-25T17:40:14,"{""context"": ""Indirect association noted as an analytical lead, not confirmed activity"", ""source_type"": ""informant_tip"", ""verified"": false}"
R002500,P217,P201,CALLED,0.71,2026-06-22T16:37:28,"{""duration_seconds"": 3193, ""source_type"": ""call_record"", ""verified"": false}"
R002501,P120,PH192,CALLED,0.53,2025-09-27T19:30:38,"{""duration_seconds"": 1153, ""source_type"": ""call_record"", ""verified"": false}"
R002502,P358,P360,MESSAGED,0.58,2025-03-02T18:32:05,"{""message_count"": 8, ""source_type"": ""communication_record""}"
R002503,P070,P054,MESSAGED,0.78,2026-08-04T20:35:44,"{""message_count"": 5, ""source_type"": ""communication_record""}"
R002504,P318,P327,MESSAGED,0.53,2026-07-12T10:53:06,"{""message_count"": 106, ""source_type"": ""communication_record""}"
R002505,P357,ORG014,VISITED_ORG,0.91,2025-07-21T03:03:24,"{""duration_minutes"": 126, ""source_type"": ""location_record""}"
R002506,P158,PH067,MESSAGED,0.7,2026-06-21T16:52:19,"{""message_count"": 47, ""source_type"": ""communication_record""}"
R002507,P175,ACC139,TRANSACTION_WITH,0.61,2025-02-08T20:55:59,"{""amount"": 457887, ""currency"": ""INR"", ""transaction_type"": ""upi_transfer""}"
R002508,P165,P029,MEMBER_OF,0.79,2026-06-11T08:05:33,"{""context"": ""Shared membership recorded"", ""source_type"": ""field_report""}"
R002509,P187,LOC098,TRAVELED_TO,0.76,2026-03-31T07:56:47,"{""mode"": ""air"", ""source_type"": ""travel_record""}"
R002510,P230,P241,MESSAGED,0.96,2026-01-29T21:38:55,"{""message_count"": 48, ""source_type"": ""communication_record""}"
R002511,P367,P274,CALLED,0.86,2026-03-10T07:36:27,"{""duration_seconds"": 219, ""source_type"": ""call_record"", ""verified"": true}"
R002512,P014,P008,MEMBER_OF,0.67,2025-02-08T10:26:38,"{""context"": ""Shared membership recorded"", ""source_type"": ""field_report""}"
R002513,P175,P174,LOCATED_WITH,0.87,2026-04-27T02:56:39,"{""observation_note"": ""Presence recorded at location"", ""source_type"": ""location_record""}"
R002514,P052,P076,MESSAGED,0.87,2025-05-15T02:40:50,"{""message_count"": 64, ""source_type"": ""communication_record""}"
R002515,P175,P155,MESSAGED,0.59,2025-12-19T22:41:43,"{""message_count"": 83, ""source_type"": ""communication_record""}"
R002516,P405,PH050,MESSAGED,0.95,2025-07-22T11:17:54,"{""message_count"": 1, ""source_type"": ""communication_record""}"
R002517,P474,PH076,USED_PHONE,0.65,2025-06-01T20:25:18,"{""observation"": ""Device usage recorded"", ""source_type"": ""telecom_record""}"
R002518,P246,ORG067,ASSOCIATED_WITH,0.74,2025-01-15T09:16:09,"{""context"": ""Indirect association noted as an analytical lead, not confirmed activity"", ""source_type"": ""informant_tip"", ""verified"": false}"
R002519,P009,P013,MET,0.68,2025-09-14T18:42:42,"{""details"": ""Extended meeting recorded"", ""source_type"": ""surveillance"", ""verified"": false}"
R002520,P328,P370,PARTNER,0.59,2026-08-19T00:55:43,"{""relationship_note"": ""Partner relation recorded"", ""source_type"": ""public_record""}"
R002521,P453,PH154,USED_PHONE,0.86,2025-06-12T11:49:40,"{""observation"": ""Device usage recorded"", ""source_type"": ""telecom_record""}"
R002522,P241,P231,MESSAGED,0.68,2025-07-28T04:01:16,"{""message_count"": 40, ""source_type"": ""communication_record""}"
R002523,P367,P356,EMPLOYED_WITH,0.64,2026-03-03T18:03:49,"{""context"": ""Shared employment recorded"", ""source_type"": ""employment_record""}"
R002524,P084,P098,EMPLOYED_WITH,0.7,2026-08-20T23:50:03,"{""context"": ""Shared employment recorded"", ""source_type"": ""employment_record""}"
R002525,P086,P096,SUSPECTED_ASSOCIATE,0.83,2025-12-26T20:01:21,"{""context"": ""Indirect association noted as an analytical lead, not confirmed activity"", ""source_type"": ""informant_tip"", ""verified"": false}"
R002526,P180,ACC086,TRANSACTION_WITH,0.82,2025-02-03T04:49:55,"{""amount"": 327394, ""currency"": ""INR"", ""transaction_type"": ""bank_transfer""}"
R002527,P051,PH053,CALLED,0.85,2026-03-05T03:34:32,"{""duration_seconds"": 928, ""source_type"": ""call_record"", ""verified"": true}"
R002528,P112,P029,TRAVELED_WITH,0.59,2026-03-22T18:12:30,"{""context"": ""Joint travel recorded"", ""source_type"": ""travel_record""}"
R002529,P143,P129,CALLED,0.71,2026-08-18T11:38:10,"{""duration_seconds"": 1723, ""source_type"": ""call_record"", ""verified"": false}"
R002530,ORG098,ORG075,CONNECTED_TO,0.55,2025-08-20T10:16:11,"{""relationship_note"": ""Organizational link recorded"", ""source_type"": ""corporate_record""}"
R002531,P453,P051,TRAVELED_WITH,0.87,2026-03-09T01:39:43,"{""context"": ""Joint travel recorded"", ""source_type"": ""travel_record""}"
R002532,P019,LOC050,VISITED,0.59,2026-06-08T07:02:19,"{""duration_minutes"": 133, ""source_type"": ""location_record""}"
R002533,P309,ORG062,VISITED_ORG,0.62,2026-01-22T16:11:12,"{""duration_minutes"": 85, ""source_type"": ""location_record""}"
R002534,P133,P360,EMPLOYED_WITH,0.56,2026-08-26T16:32:23,"{""context"": ""Shared employment recorded"", ""source_type"": ""employment_record""}"
R002535,P101,P124,ASSOCIATED,0.9,2025-04-11T10:20:55,"{""context"": ""Indirect association noted as an analytical lead, not confirmed activity"", ""source_type"": ""informant_tip"", ""verified"": false}"
R002536,P306,P312,MESSAGED,0.64,2025-05-31T03:31:16,"{""message_count"": 65, ""source_type"": ""communication_record""}"
R002537,P446,P280,FAMILY,0.92,2025-03-29T14:08:45,"{""relationship_note"": ""Family relation recorded"", ""source_type"": ""public_record""}"
R002538,P362,P371,MEMBER_OF,0.64,2026-04-23T16:22:52,"{""context"": ""Shared membership recorded"", ""source_type"": ""field_report""}"
R002539,P259,PH051,USED_PHONE,0.55,2025-03-16T23:32:39,"{""observation"": ""Device usage recorded"", ""source_type"": ""telecom_record""}"
R002540,P215,P224,ASSOCIATED,0.85,2025-02-14T06:48:01,"{""context"": ""Indirect association noted as an analytical lead, not confirmed activity"", ""source_type"": ""informant_tip"", ""verified"": false}"
R002541,P272,P288,ASSOCIATED,0.55,2025-09-28T04:07:26,"{""context"": ""Indirect association noted as an analytical lead, not confirmed activity"", ""source_type"": ""informant_tip"", ""verified"": false}"
R002542,P130,P426,PARTNER,0.5,2025-02-06T01:12:20,"{""relationship_note"": ""Partner relation recorded"", ""source_type"": ""public_record""}"
R002543,P301,P320,EMPLOYED_WITH,0.53,2025-05-06T16:53:39,"{""context"": ""Shared employment recorded"", ""source_type"": ""employment_record""}"
R002544,P225,P208,EMPLOYED_WITH,0.59,2026-02-19T18:08:36,"{""context"": ""Shared employment recorded"", ""source_type"": ""employment_record""}"
R002545,P187,P182,TRAVELED_WITH,0.74,2025-06-10T15:12:05,"{""context"": ""Joint travel recorded"", ""source_type"": ""travel_record""}"
R002546,P308,ORG081,ASSOCIATED_WITH,0.97,2025-03-06T16:51:28,"{""context"": ""Indirect association noted as an analytical lead, not confirmed activity"", ""source_type"": ""informant_tip"", ""verified"": false}"
R002547,P099,ORG059,VISITED_ORG,0.55,2026-08-06T13:48:22,"{""duration_minutes"": 116, ""source_type"": ""location_record""}"
R002548,P270,P273,CALLED,0.83,2026-08-27T11:47:53,"{""duration_seconds"": 3255, ""source_type"": ""call_record"", ""verified"": true}"
R002549,P322,P325,LOCATED_WITH,0.67,2025-06-25T05:39:12,"{""observation_note"": ""Presence recorded at location"", ""source_type"": ""location_record""}"
R002550,P028,P049,LOCATED_WITH,0.86,2026-07-27T13:54:10,"{""observation_note"": ""Presence recorded at location"", ""source_type"": ""location_record""}"
R002551,P236,V025,USED_VEHICLE,0.82,2025-11-12T09:31:06,"{""observation"": ""Vehicle observed in use"", ""source_type"": ""CCTV""}"
R002552,P099,P093,PARTNER,0.92,2026-05-04T16:11:59,"{""relationship_note"": ""Partner relation recorded"", ""source_type"": ""public_record""}"
R002553,P369,P259,LOCATED_WITH,0.7,2025-02-28T07:13:35,"{""observation_note"": ""Presence recorded at location"", ""source_type"": ""location_record""}"
R002554,P290,P294,CALLED,0.77,2026-01-26T19:43:51,"{""duration_seconds"": 1239, ""source_type"": ""call_record"", ""verified"": false}"
R002555,P490,PH188,OWNS_PHONE,0.57,2025-05-19T09:47:49,"{""registration_status"": ""active"", ""source_type"": ""telecom_registry""}"
R002556,P366,P362,EMPLOYED_WITH,0.55,2025-10-14T07:56:14,"{""context"": ""Shared employment recorded"", ""source_type"": ""employment_record""}"
R002557,P290,P096,FAMILY,0.8,2025-06-08T13:26:44,"{""relationship_note"": ""Partner relation recorded"", ""source_type"": ""public_record""}"
R002558,P358,PH035,MESSAGED,0.78,2025-01-08T00:22:38,"{""message_count"": 6, ""source_type"": ""communication_record""}"
R002559,P225,P026,MEMBER_OF,0.79,2026-05-03T07:36:47,"{""context"": ""Shared membership recorded"", ""source_type"": ""field_report""}"
R002560,ACC125,ACC006,TRANSACTION_WITH,0.78,2025-02-18T21:05:02,"{""amount"": 290560, ""currency"": ""INR"", ""transaction_type"": ""upi_transfer""}"
R002561,P175,P169,MEMBER_OF,0.64,2026-06-12T22:49:06,"{""context"": ""Shared membership recorded"", ""source_type"": ""field_report""}"
R002562,P055,ACC119,RECEIVED_FROM,0.62,2025-05-31T07:52:13,"{""amount"": 440322, ""currency"": ""INR"", ""transaction_type"": ""upi_transfer""}"
R002563,P358,P369,PARTNER,0.69,2026-05-05T06:26:36,"{""relationship_note"": ""Family relation recorded"", ""source_type"": ""public_record""}"
R002564,P099,P088,MET,0.66,2025-09-03T11:21:30,"{""details"": ""Meeting recorded at location"", ""source_type"": ""surveillance"", ""verified"": true}"
R002565,P202,LOC059,LOCATED_AT,0.52,2025-01-25T09:19:13,"{""observation_note"": ""Presence recorded at location"", ""source_type"": ""location_record""}"
R002566,P006,P010,LOCATED_WITH,0.62,2026-03-06T10:22:23,"{""observation_note"": ""Presence recorded at location"", ""source_type"": ""location_record""}"
R002567,P278,P294,ASSOCIATED,0.77,2026-08-22T05:03:17,"{""context"": ""Indirect association noted as an analytical lead, not confirmed activity"", ""source_type"": ""informant_tip"", ""verified"": false}"
R002568,P230,ORG086,ASSOCIATED_WITH,0.9,2025-02-01T23:04:23,"{""context"": ""Indirect association noted as an analytical lead, not confirmed activity"", ""source_type"": ""informant_tip"", ""verified"": false}"
R002569,P121,P495,LOCATED_WITH,0.7,2026-04-26T16:16:53,"{""observation_note"": ""Presence recorded at location"", ""source_type"": ""location_record""}"
R002570,P446,ORG058,MEMBER_OF,0.89,2025-01-12T07:35:01,"{""context"": ""Shared membership recorded"", ""source_type"": ""field_report""}"
R002571,P109,ORG087,WORKS_FOR,0.67,2025-02-06T16:40:44,"{""role"": ""Contractor"", ""source_type"": ""employment_record""}"
R002572,P289,V092,OWNS_VEHICLE,0.82,2025-11-10T06:00:07,"{""registration_status"": ""active"", ""source_type"": ""vehicle_registry""}"
R002573,P279,P283,EMPLOYED_WITH,0.98,2025-10-05T15:05:50,"{""context"": ""Shared employment recorded"", ""source_type"": ""employment_record""}"
R002574,P224,PH014,MESSAGED,0.75,2025-08-17T12:05:37,"{""message_count"": 123, ""source_type"": ""communication_record""}"
R002575,P263,ORG021,WORKS_FOR,0.7,2025-01-16T03:36:43,"{""role"": ""Consultant"", ""source_type"": ""employment_record""}"
R002576,P420,P408,ASSOCIATED,0.64,2026-05-06T03:07:42,"{""context"": ""Indirect association noted as an analytical lead, not confirmed activity"", ""source_type"": ""informant_tip"", ""verified"": false}"
R002577,P299,ACC012,TRANSFERRED_TO,0.69,2025-07-15T18:49:56,"{""amount"": 144290, ""currency"": ""INR"", ""transaction_type"": ""wire_transfer""}"
R002578,P389,ACC096,TRANSACTION_WITH,0.58,2026-03-10T21:32:42,"{""amount"": 493329, ""currency"": ""INR"", ""transaction_type"": ""bank_transfer""}"
R002579,P175,P164,MESSAGED,0.79,2026-08-28T09:11:06,"{""message_count"": 123, ""source_type"": ""communication_record""}"
R002580,P411,P401,MESSAGED,0.61,2025-11-27T11:20:22,"{""message_count"": 76, ""source_type"": ""communication_record""}"
R002581,P230,P244,FAMILY,0.88,2025-01-23T20:02:51,"{""relationship_note"": ""Partner relation recorded"", ""source_type"": ""public_record""}"
R002582,P051,P059,EMPLOYED_WITH,0.91,2026-06-05T13:45:57,"{""context"": ""Shared employment recorded"", ""source_type"": ""employment_record""}"
R002583,P355,ACC056,RECEIVED_FROM,0.55,2025-08-12T06:49:35,"{""amount"": 368296, ""currency"": ""INR"", ""transaction_type"": ""bank_transfer""}"
R002584,P021,P041,EMPLOYED_WITH,0.96,2025-07-13T12:14:51,"{""context"": ""Shared employment recorded"", ""source_type"": ""employment_record""}"
R002585,P369,P390,MEMBER_OF,0.71,2026-07-12T00:17:36,"{""context"": ""Shared membership recorded"", ""source_type"": ""field_report""}"
R002586,P302,P324,TRAVELED_WITH,0.77,2026-05-15T01:46:38,"{""context"": ""Joint travel recorded"", ""source_type"": ""travel_record""}"
R002587,P328,P373,SUSPECTED_ASSOCIATE,0.55,2026-03-30T23:02:53,"{""context"": ""Indirect association noted as an analytical lead, not confirmed activity"", ""source_type"": ""informant_tip"", ""verified"": false}"
R002588,P300,P277,PARTNER,0.53,2026-01-26T04:36:53,"{""relationship_note"": ""Family relation recorded"", ""source_type"": ""public_record""}"
R002589,P224,P233,CALLED,0.81,2026-04-11T11:30:25,"{""duration_seconds"": 1475, ""source_type"": ""call_record"", ""verified"": true}"
R002590,P215,P213,FAMILY,0.56,2026-02-15T19:51:55,"{""relationship_note"": ""Partner relation recorded"", ""source_type"": ""public_record""}"
R002591,P108,V075,USED_VEHICLE,0.92,2026-03-20T13:37:46,"{""observation"": ""Vehicle observed in use"", ""source_type"": ""CCTV""}"
R002592,P113,PH131,CALLED,0.76,2025-01-29T11:09:00,"{""duration_seconds"": 925, ""source_type"": ""call_record"", ""verified"": true}"
R002593,P215,P213,EMPLOYED_WITH,0.6,2025-06-19T03:35:14,"{""context"": ""Shared employment recorded"", ""source_type"": ""employment_record""}"
R002594,P479,LOC055,WORKS_AT,0.96,2026-02-09T19:13:53,"{""role"": ""Advisor"", ""source_type"": ""employment_record""}"
R002595,P278,P282,MESSAGED,0.73,2026-02-20T12:09:05,"{""message_count"": 3, ""source_type"": ""communication_record""}"
R002596,P328,P354,EMPLOYED_WITH,0.65,2026-03-07T23:11:23,"{""context"": ""Shared employment recorded"", ""source_type"": ""employment_record""}"
R002597,P356,P368,ASSOCIATED,0.75,2026-05-29T07:57:14,"{""context"": ""Indirect association noted as an analytical lead, not confirmed activity"", ""source_type"": ""informant_tip"", ""verified"": false}"
R002598,P328,ORG025,VISITED_ORG,0.64,2025-10-04T16:48:11,"{""duration_minutes"": 227, ""source_type"": ""location_record""}"
R002599,P180,P213,MEMBER_OF,0.61,2026-05-01T20:55:46,"{""context"": ""Shared membership recorded"", ""source_type"": ""field_report""}"
R002600,P299,LOC033,WORKS_AT,0.94,2025-04-17T01:30:30,"{""role"": ""Contractor"", ""source_type"": ""employment_record""}"
R002601,P415,P419,MET,0.61,2025-12-05T16:26:43,"{""details"": ""Meeting recorded at location"", ""source_type"": ""surveillance"", ""verified"": true}"
R002602,P097,LOC091,TRAVELED_TO,0.54,2026-06-16T02:10:31,"{""mode"": ""air"", ""source_type"": ""travel_record""}"
R002603,P099,P109,FAMILY,0.65,2026-06-10T22:24:33,"{""relationship_note"": ""Partner relation recorded"", ""source_type"": ""public_record""}"
R002604,P415,P417,MESSAGED,0.85,2025-12-07T05:39:55,"{""message_count"": 90, ""source_type"": ""communication_record""}"
R002605,P358,V014,TRAVELED_IN,0.59,2025-04-09T04:36:35,"{""trip_note"": ""Travel recorded together"", ""source_type"": ""field_report""}"
R002606,P272,P273,LOCATED_WITH,0.91,2026-08-02T19:23:36,"{""observation_note"": ""Presence recorded at location"", ""source_type"": ""location_record""}"
R002607,P272,LOC082,WORKS_AT,0.8,2025-08-21T10:13:58,"{""role"": ""Contractor"", ""source_type"": ""employment_record""}"
R002608,P446,ORG097,WORKS_FOR,0.78,2025-12-25T22:34:49,"{""role"": ""Staff"", ""source_type"": ""employment_record""}"
R002609,P389,ORG035,ASSOCIATED_WITH,0.89,2025-07-24T00:56:10,"{""context"": ""Indirect association noted as an analytical lead, not confirmed activity"", ""source_type"": ""informant_tip"", ""verified"": false}"
R002610,P194,P178,MESSAGED,0.61,2026-01-21T12:26:36,"{""message_count"": 8, ""source_type"": ""communication_record""}"
R002611,P404,P403,PARTNER,0.8,2026-01-26T12:27:06,"{""relationship_note"": ""Partner relation recorded"", ""source_type"": ""public_record""}"
R002612,P453,LOC044,TRAVELED_TO,0.78,2025-03-03T23:19:32,"{""mode"": ""road"", ""source_type"": ""travel_record""}"
R002613,P437,V147,TRAVELED_IN,0.81,2026-04-25T09:21:04,"{""trip_note"": ""Travel recorded together"", ""source_type"": ""field_report""}"
R002614,P021,P043,MEMBER_OF,0.95,2025-03-23T20:10:02,"{""context"": ""Shared membership recorded"", ""source_type"": ""field_report""}"
R002615,P328,P353,PARTNER,0.86,2025-06-21T15:56:47,"{""relationship_note"": ""Family relation recorded"", ""source_type"": ""public_record""}"
R002616,P004,V082,TRAVELED_IN,0.6,2025-12-27T22:15:09,"{""trip_note"": ""Travel recorded together"", ""source_type"": ""field_report""}"
R002617,P065,PH062,OWNS_PHONE,0.89,2025-01-16T12:21:52,"{""registration_status"": ""active"", ""source_type"": ""telecom_registry""}"
R002618,P258,P268,TRAVELED_WITH,0.65,2025-07-13T02:36:31,"{""context"": ""Joint travel recorded"", ""source_type"": ""travel_record""}"
R002619,P064,PH186,CALLED,0.71,2025-09-02T18:48:19,"{""duration_seconds"": 2365, ""source_type"": ""call_record"", ""verified"": true}"
R002620,P411,PH184,OWNS_PHONE,0.56,2025-09-12T20:02:33,"{""registration_status"": ""active"", ""source_type"": ""telecom_registry""}"
R002621,P340,P328,MESSAGED,0.96,2025-02-17T09:03:28,"{""message_count"": 136, ""source_type"": ""communication_record""}"
R002622,P158,P195,EMPLOYED_WITH,0.84,2025-10-22T11:12:33,"{""context"": ""Shared employment recorded"", ""source_type"": ""employment_record""}"
R002623,P109,P145,EMPLOYED_WITH,0.77,2026-05-06T10:18:57,"{""context"": ""Shared employment recorded"", ""source_type"": ""employment_record""}"
R002624,P044,ACC163,TRANSACTION_WITH,0.97,2026-08-07T12:47:41,"{""amount"": 236619, ""currency"": ""INR"", ""transaction_type"": ""cash_deposit""}"
R002625,P113,P106,EMPLOYED_WITH,0.89,2025-09-17T16:01:55,"{""context"": ""Shared employment recorded"", ""source_type"": ""employment_record""}"
R002626,P453,P473,FAMILY,0.75,2025-10-23T00:33:37,"{""relationship_note"": ""Family relation recorded"", ""source_type"": ""public_record""}"
R002627,P143,P130,MEMBER_OF,0.82,2026-07-29T06:51:49,"{""context"": ""Shared membership recorded"", ""source_type"": ""field_report""}"
R002628,P259,P260,ASSOCIATED,0.83,2025-09-24T12:08:06,"{""context"": ""Indirect association noted as an analytical lead, not confirmed activity"", ""source_type"": ""informant_tip"", ""verified"": false}"
R002629,P229,P308,LOCATED_WITH,0.81,2026-08-08T11:11:11,"{""observation_note"": ""Presence recorded at location"", ""source_type"": ""location_record""}"
R002630,P460,P473,MET,0.5,2025-07-26T07:09:40,"{""details"": ""Brief meeting observed"", ""source_type"": ""surveillance"", ""verified"": true}"
R002631,P215,P254,MEMBER_OF,0.81,2025-04-21T20:18:20,"{""context"": ""Shared membership recorded"", ""source_type"": ""field_report""}"
R002632,P261,PH149,OWNS_PHONE,0.61,2025-12-19T01:53:38,"{""registration_status"": ""active"", ""source_type"": ""telecom_registry""}"
R002633,P284,P292,MET,0.84,2025-06-14T05:03:14,"{""details"": ""Extended meeting recorded"", ""source_type"": ""surveillance"", ""verified"": true}"
R002634,P413,P254,TRAVELED_WITH,0.93,2025-05-15T11:26:13,"{""context"": ""Joint travel recorded"", ""source_type"": ""travel_record""}"
R002635,P411,V061,OWNS_VEHICLE,0.91,2025-09-30T07:45:03,"{""registration_status"": ""active"", ""source_type"": ""vehicle_registry""}"
R002636,P424,V035,TRAVELED_IN,0.91,2026-02-22T14:17:26,"{""trip_note"": ""Travel recorded together"", ""source_type"": ""field_report""}"
R002637,P109,P133,ASSOCIATED,0.98,2025-07-26T12:24:02,"{""context"": ""Indirect association noted as an analytical lead, not confirmed activity"", ""source_type"": ""informant_tip"", ""verified"": false}"
R002638,P402,LOC035,RESIDES_AT,0.88,2026-08-12T09:55:21,"{""since"": ""2026-08-18"", ""source_type"": ""registration_record""}"
R002639,P453,LOC076,TRAVELED_TO,0.75,2025-06-07T17:57:59,"{""mode"": ""air"", ""source_type"": ""travel_record""}"
R002640,P109,ORG061,VISITED_ORG,0.72,2026-01-29T23:57:29,"{""duration_minutes"": 196, ""source_type"": ""location_record""}"
R002641,P111,P117,ASSOCIATED,0.91,2026-02-02T15:47:57,"{""context"": ""Indirect association noted as an analytical lead, not confirmed activity"", ""source_type"": ""informant_tip"", ""verified"": false}"
R002642,P302,P313,MET,0.9,2026-07-12T06:25:34,"{""details"": ""Brief meeting observed"", ""source_type"": ""surveillance"", ""verified"": true}"
R002643,P416,P417,EMPLOYED_WITH,0.98,2025-04-10T04:48:15,"{""context"": ""Shared employment recorded"", ""source_type"": ""employment_record""}"
R002644,P413,ACC060,TRANSFERRED_TO,0.94,2025-02-22T16:15:28,"{""amount"": 320951, ""currency"": ""INR"", ""transaction_type"": ""bank_transfer""}"
R002645,P229,V002,USED_VEHICLE,0.63,2025-10-04T14:10:31,"{""observation"": ""Vehicle observed in use"", ""source_type"": ""CCTV""}"
R002646,P238,P249,MET,0.78,2025-01-16T06:52:00,"{""details"": ""Meeting recorded at location"", ""source_type"": ""surveillance"", ""verified"": false}"
R002647,P309,P317,ASSOCIATED,0.65,2026-08-30T10:51:07,"{""context"": ""Indirect association noted as an analytical lead, not confirmed activity"", ""source_type"": ""informant_tip"", ""verified"": false}"
R002648,P360,ACC140,TRANSFERRED_TO,0.97,2025-04-23T04:36:36,"{""amount"": 15264, ""currency"": ""INR"", ""transaction_type"": ""upi_transfer""}"
R002649,P283,P281,FAMILY,0.99,2025-10-30T17:55:29,"{""relationship_note"": ""Partner relation recorded"", ""source_type"": ""public_record""}"
R002650,P004,LOC089,TRAVELED_TO,0.82,2025-05-25T02:23:02,"{""mode"": ""road"", ""source_type"": ""travel_record""}"
R002651,P302,P311,CALLED,0.71,2025-03-19T10:08:49,"{""duration_seconds"": 2831, ""source_type"": ""call_record"", ""verified"": false}"
R002652,P115,P120,MET,0.96,2026-03-13T11:48:02,"{""details"": ""Meeting recorded at location"", ""source_type"": ""surveillance"", ""verified"": true}"
R002653,P381,P378,ASSOCIATED,0.6,2025-09-18T08:58:31,"{""context"": ""Indirect association noted as an analytical lead, not confirmed activity"", ""source_type"": ""informant_tip"", ""verified"": false}"
R002654,P004,ACC120,OWNS_ACCOUNT,0.73,2026-03-30T03:13:20,"{""account_status"": ""active"", ""source_type"": ""financial_registry""}"
R002655,P259,P266,CALLED,0.87,2025-01-02T11:31:15,"{""duration_seconds"": 156, ""source_type"": ""call_record"", ""verified"": false}"
R002656,P389,P400,CALLED,0.93,2025-03-14T15:25:02,"{""duration_seconds"": 2698, ""source_type"": ""call_record"", ""verified"": false}"
R002657,P149,P130,CALLED,0.93,2025-05-25T04:32:26,"{""duration_seconds"": 2922, ""source_type"": ""call_record"", ""verified"": false}"
R002658,P053,V043,USED_VEHICLE,0.77,2025-03-28T21:29:41,"{""observation"": ""Vehicle observed in use"", ""source_type"": ""CCTV""}"
R002659,ACC117,ACC066,TRANSFERRED_TO,0.65,2025-02-23T03:07:05,"{""amount"": 213917, ""currency"": ""INR"", ""transaction_type"": ""bank_transfer""}"
R002660,PH076,PH034,COMMUNICATED_WITH,0.59,2025-04-23T09:23:55,"{""contact_count"": 19, ""source_type"": ""telecom_record""}"
R002661,P021,P041,MET,0.79,2025-11-05T14:25:17,"{""details"": ""Meeting recorded at location"", ""source_type"": ""surveillance"", ""verified"": true}"
R002662,P288,ACC079,OWNS_ACCOUNT,0.86,2026-05-31T23:48:10,"{""account_status"": ""active"", ""source_type"": ""financial_registry""}"
R002663,P011,P015,MESSAGED,0.67,2026-01-04T12:34:54,"{""message_count"": 25, ""source_type"": ""communication_record""}"
R002664,P313,P310,MEMBER_OF,0.51,2025-04-12T09:37:41,"{""context"": ""Shared membership recorded"", ""source_type"": ""field_report""}"
R002665,P453,ACC178,RECEIVED_FROM,0.68,2025-04-15T00:45:28,"{""amount"": 283641, ""currency"": ""INR"", ""transaction_type"": ""wire_transfer""}"
R002666,P258,P268,MESSAGED,0.66,2025-01-29T18:45:44,"{""message_count"": 138, ""source_type"": ""communication_record""}"
R002667,P272,P300,MESSAGED,0.86,2025-03-12T14:50:57,"{""message_count"": 138, ""source_type"": ""communication_record""}"
R002668,P277,ORG066,VISITED_ORG,0.83,2025-07-18T07:07:23,"{""duration_minutes"": 37, ""source_type"": ""location_record""}"
R002669,P244,P240,MET,0.75,2025-10-22T15:57:14,"{""details"": ""Meeting recorded at location"", ""source_type"": ""surveillance"", ""verified"": false}"
R002670,P475,LOC015,VISITED,0.78,2026-03-10T00:22:16,"{""duration_minutes"": 130, ""source_type"": ""location_record""}"
R002671,P367,P375,MESSAGED,0.96,2026-04-05T16:42:01,"{""message_count"": 52, ""source_type"": ""communication_record""}"
R002672,P058,P069,SUSPECTED_ASSOCIATE,0.98,2026-07-22T06:56:21,"{""context"": ""Indirect association noted as an analytical lead, not confirmed activity"", ""source_type"": ""informant_tip"", ""verified"": false}"
R002673,P224,P248,TRAVELED_WITH,0.78,2025-07-28T22:48:45,"{""context"": ""Joint travel recorded"", ""source_type"": ""travel_record""}"
R002674,P082,P099,FAMILY,0.6,2025-09-05T10:24:35,"{""relationship_note"": ""Partner relation recorded"", ""source_type"": ""public_record""}"
R002675,P413,PH092,USED_PHONE,0.94,2026-07-31T18:00:59,"{""observation"": ""Device usage recorded"", ""source_type"": ""telecom_record""}"
R002676,P367,P360,ASSOCIATED,0.99,2026-04-05T11:49:30,"{""context"": ""Indirect association noted as an analytical lead, not confirmed activity"", ""source_type"": ""informant_tip"", ""verified"": false}"
R002677,P004,P020,CALLED,0.56,2026-04-07T04:11:05,"{""duration_seconds"": 502, ""source_type"": ""call_record"", ""verified"": false}"
R002678,P453,LOC012,WORKS_AT,0.69,2025-01-18T23:24:37,"{""role"": ""Manager"", ""source_type"": ""employment_record""}"
R002679,P109,LOC059,RESIDES_AT,0.86,2025-04-18T20:36:26,"{""since"": ""2026-03-29"", ""source_type"": ""registration_record""}"
R002680,P358,PH159,MESSAGED,0.52,2026-08-24T15:59:51,"{""message_count"": 3, ""source_type"": ""communication_record""}"
R002681,P488,P451,PARTNER,0.77,2026-07-24T09:08:25,"{""relationship_note"": ""Partner relation recorded"", ""source_type"": ""public_record""}"
R002682,PH013,PH006,COMMUNICATED_WITH,0.95,2025-10-29T18:18:42,"{""contact_count"": 76, ""source_type"": ""telecom_record""}"
R002683,P061,P058,ASSOCIATED,0.54,2026-06-16T12:13:09,"{""context"": ""Indirect association noted as an analytical lead, not confirmed activity"", ""source_type"": ""informant_tip"", ""verified"": false}"
R002684,P369,P259,PARTNER,0.68,2025-03-08T03:33:09,"{""relationship_note"": ""Partner relation recorded"", ""source_type"": ""public_record""}"
R002685,P145,P102,LOCATED_WITH,0.92,2025-04-20T22:09:15,"{""observation_note"": ""Presence recorded at location"", ""source_type"": ""location_record""}"
R002686,P113,P101,ASSOCIATED,0.68,2025-10-09T23:09:41,"{""context"": ""Indirect association noted as an analytical lead, not confirmed activity"", ""source_type"": ""informant_tip"", ""verified"": false}"
R002687,P422,P413,FAMILY,0.57,2026-04-09T21:10:56,"{""relationship_note"": ""Family relation recorded"", ""source_type"": ""public_record""}"
R002688,P309,P305,MESSAGED,0.76,2026-03-04T14:44:35,"{""message_count"": 24, ""source_type"": ""communication_record""}"
R002689,P314,PH132,USED_PHONE,0.72,2025-04-29T05:21:15,"{""observation"": ""Device usage recorded"", ""source_type"": ""telecom_record""}"
R002690,P082,ACC101,OWNS_ACCOUNT,0.57,2025-08-13T11:05:19,"{""account_status"": ""active"", ""source_type"": ""financial_registry""}"
R002691,P328,P229,CALLED,0.68,2026-01-24T23:32:05,"{""duration_seconds"": 804, ""source_type"": ""call_record"", ""verified"": false}"
R002692,P006,P007,PARTNER,0.99,2025-06-22T15:23:52,"{""relationship_note"": ""Family relation recorded"", ""source_type"": ""public_record""}"
R002693,P328,P302,CALLED,0.98,2025-09-15T21:13:07,"{""duration_seconds"": 1432, ""source_type"": ""call_record"", ""verified"": true}"
R002694,P026,P034,CALLED,0.71,2025-11-05T19:28:46,"{""duration_seconds"": 111, ""source_type"": ""call_record"", ""verified"": true}"
R002695,P226,P250,ASSOCIATED,0.94,2026-03-13T04:11:32,"{""context"": ""Indirect association noted as an analytical lead, not confirmed activity"", ""source_type"": ""informant_tip"", ""verified"": false}"
R002696,P446,P437,LOCATED_WITH,0.51,2025-04-09T18:17:24,"{""observation_note"": ""Presence recorded at location"", ""source_type"": ""location_record""}"
R002697,P004,ORG095,ASSOCIATED_WITH,0.71,2026-02-18T11:45:11,"{""context"": ""Indirect association noted as an analytical lead, not confirmed activity"", ""source_type"": ""informant_tip"", ""verified"": false}"
R002698,P433,V067,TRAVELED_IN,0.65,2025-06-24T06:54:07,"{""trip_note"": ""Travel recorded together"", ""source_type"": ""field_report""}"
R002699,P099,V037,TRAVELED_IN,0.98,2025-08-26T06:12:54,"{""trip_note"": ""Travel recorded together"", ""source_type"": ""field_report""}"
R002700,P392,P396,SUSPECTED_ASSOCIATE,0.62,2025-06-19T22:02:17,"{""context"": ""Indirect association noted as an analytical lead, not confirmed activity"", ""source_type"": ""informant_tip"", ""verified"": false}"
R002701,P461,P455,SUSPECTED_ASSOCIATE,0.67,2026-07-13T14:27:31,"{""context"": ""Indirect association noted as an analytical lead, not confirmed activity"", ""source_type"": ""informant_tip"", ""verified"": false}"
R002702,P500,ACC137,TRANSACTION_WITH,0.58,2025-03-06T12:36:52,"{""amount"": 493436, ""currency"": ""INR"", ""transaction_type"": ""wire_transfer""}"
R002703,P070,V118,TRAVELED_IN,0.83,2026-08-06T02:49:16,"{""trip_note"": ""Travel recorded together"", ""source_type"": ""field_report""}"
R002704,P402,P414,MET,0.96,2025-12-18T21:42:36,"{""details"": ""Brief meeting observed"", ""source_type"": ""surveillance"", ""verified"": true}"
R002705,P453,LOC080,VISITED,0.93,2025-08-03T10:10:03,"{""duration_minutes"": 231, ""source_type"": ""location_record""}"
R002706,ACC160,ACC076,TRANSACTION_WITH,0.73,2026-02-28T22:01:55,"{""amount"": 435590, ""currency"": ""INR"", ""transaction_type"": ""bank_transfer""}"
R002707,P309,PH093,OWNS_PHONE,0.51,2026-03-26T02:04:36,"{""registration_status"": ""active"", ""source_type"": ""telecom_registry""}"
R002708,P280,P471,TRAVELED_WITH,0.65,2025-03-26T13:10:07,"{""context"": ""Joint travel recorded"", ""source_type"": ""travel_record""}"
R002709,P224,P204,FAMILY,0.86,2025-06-12T16:53:42,"{""relationship_note"": ""Partner relation recorded"", ""source_type"": ""public_record""}"
R002710,P215,P213,MESSAGED,0.91,2025-03-27T19:10:36,"{""message_count"": 92, ""source_type"": ""communication_record""}"
R002711,P005,P024,LOCATED_WITH,0.64,2025-07-19T10:41:13,"{""observation_note"": ""Presence recorded at location"", ""source_type"": ""location_record""}"
R002712,P051,LOC091,VISITED,0.8,2026-08-19T07:00:35,"{""duration_minutes"": 203, ""source_type"": ""location_record""}"
R002713,P229,P272,CALLED,0.65,2026-03-04T12:46:55,"{""duration_seconds"": 1396, ""source_type"": ""call_record"", ""verified"": false}"
R002714,P261,P265,MESSAGED,0.99,2026-01-26T10:49:28,"{""message_count"": 104, ""source_type"": ""communication_record""}"
R002715,P051,P077,MET,0.58,2026-08-25T06:51:24,"{""details"": ""Brief meeting observed"", ""source_type"": ""surveillance"", ""verified"": false}"
R002716,P224,P204,FAMILY,0.92,2026-08-06T08:23:16,"{""relationship_note"": ""Family relation recorded"", ""source_type"": ""public_record""}"
R002717,P299,V136,USED_VEHICLE,0.71,2025-02-09T13:55:13,"{""observation"": ""Vehicle observed in use"", ""source_type"": ""CCTV""}"
R002718,P082,LOC092,RESIDES_AT,0.86,2025-07-06T04:39:26,"{""since"": ""2026-01-28"", ""source_type"": ""registration_record""}"
R002719,P500,P495,ASSOCIATED,0.91,2025-02-15T09:39:52,"{""context"": ""Indirect association noted as an analytical lead, not confirmed activity"", ""source_type"": ""informant_tip"", ""verified"": false}"
R002720,P043,PH071,OWNS_PHONE,0.52,2025-02-08T10:43:18,"{""registration_status"": ""active"", ""source_type"": ""telecom_registry""}"
R002721,P113,P117,MEMBER_OF,0.79,2025-08-20T07:39:20,"{""context"": ""Shared membership recorded"", ""source_type"": ""field_report""}"
R002722,P369,P396,TRAVELED_WITH,0.93,2026-05-22T14:28:38,"{""context"": ""Joint travel recorded"", ""source_type"": ""travel_record""}"
R002723,P476,P348,SUSPECTED_ASSOCIATE,0.79,2025-10-03T13:33:04,"{""context"": ""Indirect association noted as an analytical lead, not confirmed activity"", ""source_type"": ""informant_tip"", ""verified"": false}"
R002724,P158,P176,MEMBER_OF,0.54,2026-05-10T02:22:12,"{""context"": ""Shared membership recorded"", ""source_type"": ""field_report""}"
R002725,P163,ACC043,TRANSFERRED_TO,0.85,2025-09-22T15:35:42,"{""amount"": 12366, ""currency"": ""INR"", ""transaction_type"": ""upi_transfer""}"
R002726,P259,ACC001,TRANSACTION_WITH,0.73,2026-03-10T11:57:22,"{""amount"": 409124, ""currency"": ""INR"", ""transaction_type"": ""upi_transfer""}"
R002727,P453,P476,ASSOCIATED,0.75,2025-02-13T16:21:14,"{""context"": ""Indirect association noted as an analytical lead, not confirmed activity"", ""source_type"": ""informant_tip"", ""verified"": false}"
R002728,P074,V052,OWNS_VEHICLE,0.83,2026-01-01T01:05:34,"{""registration_status"": ""active"", ""source_type"": ""vehicle_registry""}"
R002729,P120,ORG063,VISITED_ORG,0.88,2026-04-02T18:34:49,"{""duration_minutes"": 142, ""source_type"": ""location_record""}"
R002730,P278,P294,ASSOCIATED,0.92,2025-09-21T04:35:04,"{""context"": ""Indirect association noted as an analytical lead, not confirmed activity"", ""source_type"": ""informant_tip"", ""verified"": false}"
R002731,P376,ORG071,MEMBER_OF,0.51,2025-01-06T10:00:24,"{""context"": ""Shared membership recorded"", ""source_type"": ""field_report""}"
R002732,P369,V120,USED_VEHICLE,0.92,2026-03-03T10:51:56,"{""observation"": ""Vehicle observed in use"", ""source_type"": ""CCTV""}"
R002733,P318,P350,MESSAGED,0.93,2025-01-12T10:35:45,"{""message_count"": 48, ""source_type"": ""communication_record""}"
R002734,P369,P397,EMPLOYED_WITH,0.77,2025-04-05T09:42:03,"{""context"": ""Shared employment recorded"", ""source_type"": ""employment_record""}"
R002735,P318,LOC003,RESIDES_AT,0.69,2025-07-21T14:57:06,"{""since"": ""2025-12-10"", ""source_type"": ""registration_record""}"
R002736,P217,PH177,OWNS_PHONE,0.56,2025-10-04T21:46:40,"{""registration_status"": ""active"", ""source_type"": ""telecom_registry""}"
R002737,P044,P034,MESSAGED,0.91,2025-10-11T06:04:27,"{""message_count"": 77, ""source_type"": ""communication_record""}"
R002738,P004,LOC002,VISITED,0.61,2025-10-29T16:12:40,"{""duration_minutes"": 98, ""source_type"": ""location_record""}"
R002739,P424,P407,TRAVELED_WITH,0.84,2026-05-19T22:05:36,"{""context"": ""Joint travel recorded"", ""source_type"": ""travel_record""}"
R002740,P136,PH075,USED_PHONE,0.75,2025-06-22T12:49:45,"{""observation"": ""Device usage recorded"", ""source_type"": ""telecom_record""}"
R002741,P358,P353,FAMILY,0.66,2025-01-08T22:29:38,"{""relationship_note"": ""Family relation recorded"", ""source_type"": ""public_record""}"
R002742,P180,P199,PARTNER,0.7,2026-04-28T01:38:01,"{""relationship_note"": ""Family relation recorded"", ""source_type"": ""public_record""}"
R002743,P309,P133,PARTNER,0.63,2025-12-17T15:59:31,"{""relationship_note"": ""Family relation recorded"", ""source_type"": ""public_record""}"
R002744,P065,P069,EMPLOYED_WITH,0.86,2026-03-31T13:03:50,"{""context"": ""Shared employment recorded"", ""source_type"": ""employment_record""}"
R002745,P272,ORG010,MEMBER_OF,0.94,2025-03-28T08:18:17,"{""context"": ""Shared membership recorded"", ""source_type"": ""field_report""}"
R002746,P078,ORG076,WORKS_FOR,0.68,2025-09-13T22:37:10,"{""role"": ""Advisor"", ""source_type"": ""employment_record""}"
R002747,P087,P309,PARTNER,0.9,2025-03-18T11:28:18,"{""relationship_note"": ""Partner relation recorded"", ""source_type"": ""public_record""}"
R002748,P328,P365,EMPLOYED_WITH,0.71,2026-07-25T09:18:48,"{""context"": ""Shared employment recorded"", ""source_type"": ""employment_record""}"
R002749,P215,V119,USED_VEHICLE,0.73,2025-10-15T05:47:24,"{""observation"": ""Vehicle observed in use"", ""source_type"": ""CCTV""}"
R002750,P004,P082,MEMBER_OF,0.91,2025-02-20T05:18:35,"{""context"": ""Shared membership recorded"", ""source_type"": ""field_report""}"
R002751,P360,P372,EMPLOYED_WITH,0.74,2025-10-08T21:42:55,"{""context"": ""Shared employment recorded"", ""source_type"": ""employment_record""}"
R002752,P230,V079,OWNS_VEHICLE,0.98,2025-06-18T04:05:43,"{""registration_status"": ""active"", ""source_type"": ""vehicle_registry""}"
R002753,P143,P135,MESSAGED,0.83,2026-05-30T17:34:55,"{""message_count"": 99, ""source_type"": ""communication_record""}"
R002754,P367,P368,MESSAGED,0.57,2026-03-14T00:02:36,"{""message_count"": 116, ""source_type"": ""communication_record""}"
R002755,P367,P355,FAMILY,0.53,2026-04-02T20:05:41,"{""relationship_note"": ""Family relation recorded"", ""source_type"": ""public_record""}"
R002756,P230,ACC178,TRANSACTION_WITH,0.57,2025-06-11T17:59:00,"{""amount"": 317034, ""currency"": ""INR"", ""transaction_type"": ""cash_deposit""}"
R002757,P402,P415,EMPLOYED_WITH,0.84,2026-02-15T21:31:56,"{""context"": ""Shared employment recorded"", ""source_type"": ""employment_record""}"
R002758,P494,LOC076,WORKS_AT,0.83,2026-02-06T13:48:39,"{""role"": ""Manager"", ""source_type"": ""employment_record""}"
R002759,P120,P101,PARTNER,0.96,2025-09-17T21:33:42,"{""relationship_note"": ""Family relation recorded"", ""source_type"": ""public_record""}"
R002760,P453,P490,EMPLOYED_WITH,0.63,2026-03-25T17:18:15,"{""context"": ""Shared employment recorded"", ""source_type"": ""employment_record""}"
R002761,P158,P199,SUSPECTED_ASSOCIATE,0.79,2025-05-30T00:22:53,"{""context"": ""Indirect association noted as an analytical lead, not confirmed activity"", ""source_type"": ""informant_tip"", ""verified"": false}"
R002762,P091,P288,PARTNER,0.62,2026-07-07T00:02:03,"{""relationship_note"": ""Partner relation recorded"", ""source_type"": ""public_record""}"
R002763,P206,P216,MEMBER_OF,0.59,2025-05-21T12:44:10,"{""context"": ""Shared membership recorded"", ""source_type"": ""field_report""}"
R002764,P082,V027,TRAVELED_IN,0.55,2025-05-17T06:27:39,"{""trip_note"": ""Travel recorded together"", ""source_type"": ""field_report""}"
R002765,P233,P242,PARTNER,0.58,2025-12-28T00:17:11,"{""relationship_note"": ""Partner relation recorded"", ""source_type"": ""public_record""}"
R002766,P301,P133,PARTNER,0.7,2026-02-26T21:53:41,"{""relationship_note"": ""Family relation recorded"", ""source_type"": ""public_record""}"
R002767,P453,P494,CALLED,0.59,2025-05-17T11:41:04,"{""duration_seconds"": 136, ""source_type"": ""call_record"", ""verified"": true}"
R002768,P004,V069,TRAVELED_IN,0.59,2026-03-18T16:11:50,"{""trip_note"": ""Travel recorded together"", ""source_type"": ""field_report""}"
R002769,P309,P301,CALLED,0.9,2025-12-21T21:29:36,"{""duration_seconds"": 344, ""source_type"": ""call_record"", ""verified"": false}"
R002770,P419,ACC176,OWNS_ACCOUNT,0.51,2025-12-13T03:29:05,"{""account_status"": ""active"", ""source_type"": ""financial_registry""}"
R002771,P215,P209,ASSOCIATED,0.68,2026-03-30T01:32:49,"{""context"": ""Indirect association noted as an analytical lead, not confirmed activity"", ""source_type"": ""informant_tip"", ""verified"": false}"
R002772,P133,P158,MEMBER_OF,0.5,2025-03-29T20:56:30,"{""context"": ""Shared membership recorded"", ""source_type"": ""field_report""}"
R002773,P360,P352,MET,0.67,2026-03-14T03:45:21,"{""details"": ""Extended meeting recorded"", ""source_type"": ""surveillance"", ""verified"": false}"
R002774,P112,P106,ASSOCIATED,0.74,2026-04-14T20:21:03,"{""context"": ""Indirect association noted as an analytical lead, not confirmed activity"", ""source_type"": ""informant_tip"", ""verified"": false}"
R002775,P060,P063,MESSAGED,0.65,2025-03-09T13:55:16,"{""message_count"": 145, ""source_type"": ""communication_record""}"
R002776,P398,LOC092,LOCATED_AT,0.71,2025-02-16T05:09:16,"{""observation_note"": ""Presence recorded at location"", ""source_type"": ""location_record""}"
R002777,P099,P087,MESSAGED,0.79,2025-09-15T04:40:02,"{""message_count"": 68, ""source_type"": ""communication_record""}"
R002778,P012,PH186,CALLED,0.5,2026-05-02T16:42:15,"{""duration_seconds"": 3534, ""source_type"": ""call_record"", ""verified"": false}"
R002779,P494,P476,EMPLOYED_WITH,0.77,2025-01-03T03:59:41,"{""context"": ""Shared employment recorded"", ""source_type"": ""employment_record""}"
R002780,P292,PH043,USED_PHONE,0.59,2025-03-22T05:19:47,"{""observation"": ""Device usage recorded"", ""source_type"": ""telecom_record""}"
R002781,P113,P109,FAMILY,0.79,2025-10-16T11:27:56,"{""relationship_note"": ""Family relation recorded"", ""source_type"": ""public_record""}"
R002782,P119,ORG023,MEMBER_OF,0.5,2025-09-28T16:26:04,"{""context"": ""Shared membership recorded"", ""source_type"": ""field_report""}"
R002783,P215,P214,CALLED,0.82,2025-10-05T16:40:20,"{""duration_seconds"": 1372, ""source_type"": ""call_record"", ""verified"": false}"
R002784,P302,LOC094,VISITED,0.61,2025-02-16T02:54:55,"{""duration_minutes"": 91, ""source_type"": ""location_record""}"
R002785,P112,P118,SUSPECTED_ASSOCIATE,0.9,2026-07-12T14:52:40,"{""context"": ""Indirect association noted as an analytical lead, not confirmed activity"", ""source_type"": ""informant_tip"", ""verified"": false}"
R002786,P367,P356,LOCATED_WITH,0.62,2025-06-11T16:13:13,"{""observation_note"": ""Presence recorded at location"", ""source_type"": ""location_record""}"
R002787,P076,ORG069,VISITED_ORG,0.51,2026-04-05T21:27:36,"{""duration_minutes"": 149, ""source_type"": ""location_record""}"
R002788,P113,V033,TRAVELED_IN,0.91,2026-02-23T03:51:58,"{""trip_note"": ""Travel recorded together"", ""source_type"": ""field_report""}"
R002789,P044,LOC075,TRAVELED_TO,0.53,2026-08-08T14:34:22,"{""mode"": ""rail"", ""source_type"": ""travel_record""}"
R002790,P427,V035,USED_VEHICLE,0.97,2025-11-02T02:43:44,"{""observation"": ""Vehicle observed in use"", ""source_type"": ""CCTV""}"
R002791,P029,P069,MEMBER_OF,0.58,2025-07-08T12:45:23,"{""context"": ""Shared membership recorded"", ""source_type"": ""field_report""}"
R002792,P293,ORG035,MEMBER_OF,0.81,2025-10-26T04:59:18,"{""context"": ""Shared membership recorded"", ""source_type"": ""field_report""}"
R002793,P375,P356,PARTNER,0.54,2025-12-15T01:52:26,"{""relationship_note"": ""Family relation recorded"", ""source_type"": ""public_record""}"
R002794,P072,P059,ASSOCIATED,0.75,2026-08-15T05:53:13,"{""context"": ""Indirect association noted as an analytical lead, not confirmed activity"", ""source_type"": ""informant_tip"", ""verified"": false}"
R002795,P051,ORG019,VISITED_ORG,0.84,2025-07-15T15:16:52,"{""duration_minutes"": 232, ""source_type"": ""location_record""}"
R002796,P388,PH059,MESSAGED,0.51,2025-04-04T13:38:24,"{""message_count"": 147, ""source_type"": ""communication_record""}"
R002797,P152,P153,TRAVELED_WITH,0.85,2026-05-28T12:23:52,"{""context"": ""Joint travel recorded"", ""source_type"": ""travel_record""}"
R002798,P175,P159,ASSOCIATED,0.88,2026-06-21T18:43:31,"{""context"": ""Indirect association noted as an analytical lead, not confirmed activity"", ""source_type"": ""informant_tip"", ""verified"": false}"
R002799,P318,P340,CALLED,0.79,2026-05-12T23:37:02,"{""duration_seconds"": 2627, ""source_type"": ""call_record"", ""verified"": true}"
R002800,P358,P085,MESSAGED,0.77,2026-04-16T06:40:43,"{""message_count"": 66, ""source_type"": ""communication_record""}"
R002801,P333,PH139,CALLED,0.89,2026-06-09T14:28:40,"{""duration_seconds"": 2434, ""source_type"": ""call_record"", ""verified"": true}"
R002802,P367,V124,USED_VEHICLE,0.74,2025-01-06T18:23:13,"{""observation"": ""Vehicle observed in use"", ""source_type"": ""CCTV""}"
R002803,P107,P109,EMPLOYED_WITH,0.71,2026-06-18T23:45:13,"{""context"": ""Shared employment recorded"", ""source_type"": ""employment_record""}"
R002804,P229,P236,MET,0.63,2026-04-25T15:14:36,"{""details"": ""Extended meeting recorded"", ""source_type"": ""surveillance"", ""verified"": false}"
R002805,P397,PH139,USED_PHONE,0.58,2025-10-07T01:24:49,"{""observation"": ""Device usage recorded"", ""source_type"": ""telecom_record""}"
R002806,P336,V123,USED_VEHICLE,0.57,2026-06-28T07:04:46,"{""observation"": ""Vehicle observed in use"", ""source_type"": ""CCTV""}"
R002807,P126,LOC062,WORKS_AT,0.56,2025-01-14T23:20:52,"{""role"": ""Advisor"", ""source_type"": ""employment_record""}"
R002808,P445,V082,USED_VEHICLE,0.86,2025-10-09T11:51:37,"{""observation"": ""Vehicle observed in use"", ""source_type"": ""CCTV""}"
R002809,P309,P313,EMPLOYED_WITH,0.83,2025-12-19T23:21:08,"{""context"": ""Shared employment recorded"", ""source_type"": ""employment_record""}"
R002810,P224,PH142,CALLED,0.7,2025-05-11T11:47:46,"{""duration_seconds"": 2427, ""source_type"": ""call_record"", ""verified"": false}"
R002811,P044,ORG022,WORKS_FOR,0.89,2026-05-17T20:31:57,"{""role"": ""Manager"", ""source_type"": ""employment_record""}"
R002812,P280,ACC045,RECEIVED_FROM,0.79,2025-03-09T17:19:49,"{""amount"": 413670, ""currency"": ""INR"", ""transaction_type"": ""bank_transfer""}"
R002813,P197,PH178,MESSAGED,0.72,2026-05-24T20:24:04,"{""message_count"": 35, ""source_type"": ""communication_record""}"
R002814,P423,P402,FAMILY,0.68,2025-01-01T04:35:57,"{""relationship_note"": ""Family relation recorded"", ""source_type"": ""public_record""}"
R002815,P309,P308,FAMILY,0.59,2026-06-30T20:01:12,"{""relationship_note"": ""Family relation recorded"", ""source_type"": ""public_record""}"
R002816,P112,P125,CALLED,0.92,2025-12-27T03:37:42,"{""duration_seconds"": 2861, ""source_type"": ""call_record"", ""verified"": true}"
R002817,P052,P076,TRAVELED_WITH,0.66,2025-01-17T12:27:30,"{""context"": ""Joint travel recorded"", ""source_type"": ""travel_record""}"
R002818,P398,P389,SUSPECTED_ASSOCIATE,0.69,2025-03-28T03:16:30,"{""context"": ""Indirect association noted as an analytical lead, not confirmed activity"", ""source_type"": ""informant_tip"", ""verified"": false}"
R002819,P258,P268,PARTNER,0.73,2026-02-13T08:09:37,"{""relationship_note"": ""Family relation recorded"", ""source_type"": ""public_record""}"
R002820,P318,P322,MEMBER_OF,0.92,2025-03-12T00:10:37,"{""context"": ""Shared membership recorded"", ""source_type"": ""field_report""}"
R002821,P413,P410,CALLED,0.63,2025-11-15T17:47:16,"{""duration_seconds"": 2933, ""source_type"": ""call_record"", ""verified"": true}"
R002822,P447,ACC184,TRANSFERRED_TO,0.55,2025-08-21T18:15:32,"{""amount"": 183458, ""currency"": ""INR"", ""transaction_type"": ""wire_transfer""}"
R002823,P435,ORG026,WORKS_FOR,0.73,2025-08-12T11:13:04,"{""role"": ""Contractor"", ""source_type"": ""employment_record""}"
R002824,P453,P360,TRAVELED_WITH,0.84,2025-10-29T15:34:58,"{""context"": ""Joint travel recorded"", ""source_type"": ""travel_record""}"
R002825,P101,LOC006,TRAVELED_TO,0.9,2026-04-15T10:55:44,"{""mode"": ""rail"", ""source_type"": ""travel_record""}"
R002826,P413,LOC013,TRAVELED_TO,0.75,2026-01-03T16:28:12,"{""mode"": ""rail"", ""source_type"": ""travel_record""}"
R002827,P280,P299,MEMBER_OF,0.93,2025-03-09T05:16:19,"{""context"": ""Shared membership recorded"", ""source_type"": ""field_report""}"
R002828,P367,P366,MEMBER_OF,0.63,2025-06-20T06:02:51,"{""context"": ""Shared membership recorded"", ""source_type"": ""field_report""}"
R002829,P191,P195,ASSOCIATED,0.51,2025-09-18T09:20:50,"{""context"": ""Indirect association noted as an analytical lead, not confirmed activity"", ""source_type"": ""informant_tip"", ""verified"": false}"
R002830,P112,P105,TRAVELED_WITH,0.78,2025-08-16T21:46:50,"{""context"": ""Joint travel recorded"", ""source_type"": ""travel_record""}"
R002831,P217,P203,MESSAGED,0.98,2025-12-30T04:53:28,"{""message_count"": 1, ""source_type"": ""communication_record""}"
R002832,P302,P325,TRAVELED_WITH,0.59,2025-06-26T10:07:53,"{""context"": ""Joint travel recorded"", ""source_type"": ""travel_record""}"
R002833,P288,P277,ASSOCIATED,0.61,2025-08-05T08:07:19,"{""context"": ""Indirect association noted as an analytical lead, not confirmed activity"", ""source_type"": ""informant_tip"", ""verified"": false}"
R002834,P143,P147,SUSPECTED_ASSOCIATE,0.72,2026-04-14T17:35:44,"{""context"": ""Indirect association noted as an analytical lead, not confirmed activity"", ""source_type"": ""informant_tip"", ""verified"": false}"
R002835,P133,ACC118,RECEIVED_FROM,0.53,2026-02-10T21:02:36,"{""amount"": 382046, ""currency"": ""INR"", ""transaction_type"": ""upi_transfer""}"
R002836,P460,P465,MEMBER_OF,0.7,2026-08-08T10:31:56,"{""context"": ""Shared membership recorded"", ""source_type"": ""field_report""}"
R002837,P208,P426,EMPLOYED_WITH,0.68,2026-06-12T17:36:57,"{""context"": ""Shared employment recorded"", ""source_type"": ""employment_record""}"
R002838,P415,P417,CALLED,0.58,2025-12-11T12:39:28,"{""duration_seconds"": 3468, ""source_type"": ""call_record"", ""verified"": true}"
R002839,P333,P344,FAMILY,0.64,2026-02-06T14:00:39,"{""relationship_note"": ""Family relation recorded"", ""source_type"": ""public_record""}"
R002840,P280,P290,EMPLOYED_WITH,0.62,2025-02-20T15:38:34,"{""context"": ""Shared employment recorded"", ""source_type"": ""employment_record""}"
R002841,P109,P117,SUSPECTED_ASSOCIATE,0.56,2026-01-11T04:38:54,"{""context"": ""Indirect association noted as an analytical lead, not confirmed activity"", ""source_type"": ""informant_tip"", ""verified"": false}"
R002842,P215,ACC122,TRANSFERRED_TO,0.95,2025-05-23T04:02:44,"{""amount"": 337288, ""currency"": ""INR"", ""transaction_type"": ""wire_transfer""}"
R002843,P367,V116,OWNS_VEHICLE,0.75,2026-04-23T03:32:16,"{""registration_status"": ""active"", ""source_type"": ""vehicle_registry""}"
R002844,P158,P152,ASSOCIATED,0.87,2025-09-13T14:48:34,"{""context"": ""Indirect association noted as an analytical lead, not confirmed activity"", ""source_type"": ""informant_tip"", ""verified"": false}"
R002845,P099,P095,FAMILY,0.75,2025-06-08T17:21:58,"{""relationship_note"": ""Partner relation recorded"", ""source_type"": ""public_record""}"
R002846,V006,LOC086,SEEN_AT,0.81,2025-01-19T16:42:16,"{""observation"": ""Vehicle observed in use"", ""source_type"": ""CCTV""}"
R002847,P023,P018,CALLED,0.84,2025-04-18T23:07:39,"{""duration_seconds"": 333, ""source_type"": ""call_record"", ""verified"": false}"
R002848,P211,PH053,OWNS_PHONE,0.59,2025-12-10T22:03:11,"{""registration_status"": ""active"", ""source_type"": ""telecom_registry""}"
R002849,P280,P288,EMPLOYED_WITH,0.91,2025-02-16T12:05:02,"{""context"": ""Shared employment recorded"", ""source_type"": ""employment_record""}"
R002850,P389,LOC021,WORKS_AT,0.74,2025-03-04T05:01:30,"{""role"": ""Advisor"", ""source_type"": ""employment_record""}"
R002851,P367,P358,PARTNER,0.72,2026-06-30T14:12:20,"{""relationship_note"": ""Family relation recorded"", ""source_type"": ""public_record""}"
R002852,P209,P201,LOCATED_WITH,0.84,2025-08-28T04:48:31,"{""observation_note"": ""Presence recorded at location"", ""source_type"": ""location_record""}"
R002853,P040,P036,ASSOCIATED,0.98,2026-06-01T10:02:49,"{""context"": ""Indirect association noted as an analytical lead, not confirmed activity"", ""source_type"": ""informant_tip"", ""verified"": false}"
R002854,P133,PH199,OWNS_PHONE,0.78,2025-01-15T23:21:43,"{""registration_status"": ""active"", ""source_type"": ""telecom_registry""}"
R002855,P494,ACC154,OWNS_ACCOUNT,0.59,2025-12-16T05:55:07,"{""account_status"": ""active"", ""source_type"": ""financial_registry""}"
R002856,P102,PH095,MESSAGED,0.63,2026-02-23T08:23:06,"{""message_count"": 136, ""source_type"": ""communication_record""}"
R002857,P257,P273,ASSOCIATED,0.9,2025-07-30T22:08:25,"{""context"": ""Indirect association noted as an analytical lead, not confirmed activity"", ""source_type"": ""informant_tip"", ""verified"": false}"
R002858,P229,PH138,OWNS_PHONE,0.55,2026-06-23T20:12:37,"{""registration_status"": ""active"", ""source_type"": ""telecom_registry""}"
R002859,P453,P483,EMPLOYED_WITH,0.67,2025-01-05T08:01:33,"{""context"": ""Shared employment recorded"", ""source_type"": ""employment_record""}"
R002860,P051,PH167,OWNS_PHONE,0.92,2026-03-27T10:05:20,"{""registration_status"": ""active"", ""source_type"": ""telecom_registry""}"
R002861,P426,ORG084,MEMBER_OF,0.75,2026-03-28T05:06:37,"{""context"": ""Shared membership recorded"", ""source_type"": ""field_report""}"
R002862,P057,P071,MEMBER_OF,0.7,2025-06-05T02:55:22,"{""context"": ""Shared membership recorded"", ""source_type"": ""field_report""}"
R002863,P258,P268,MET,0.92,2025-12-13T15:00:40,"{""details"": ""Meeting recorded at location"", ""source_type"": ""surveillance"", ""verified"": false}"
R002864,P453,P472,TRAVELED_WITH,0.65,2025-04-27T16:21:10,"{""context"": ""Joint travel recorded"", ""source_type"": ""travel_record""}"
R002865,P014,P225,PARTNER,0.82,2026-02-14T00:06:46,"{""relationship_note"": ""Partner relation recorded"", ""source_type"": ""public_record""}"
R002866,P304,ACC023,TRANSACTION_WITH,0.54,2025-05-23T19:13:32,"{""amount"": 283530, ""currency"": ""INR"", ""transaction_type"": ""bank_transfer""}"
R002867,P369,P259,SUSPECTED_ASSOCIATE,0.69,2026-04-06T01:56:57,"{""context"": ""Indirect association noted as an analytical lead, not confirmed activity"", ""source_type"": ""informant_tip"", ""verified"": false}"
R002868,P004,P006,EMPLOYED_WITH,0.62,2026-01-02T19:20:17,"{""context"": ""Shared employment recorded"", ""source_type"": ""employment_record""}"
R002869,P099,P103,SUSPECTED_ASSOCIATE,0.63,2025-02-14T03:10:30,"{""context"": ""Indirect association noted as an analytical lead, not confirmed activity"", ""source_type"": ""informant_tip"", ""verified"": false}"
R002870,P312,P311,LOCATED_WITH,0.83,2025-09-11T06:15:55,"{""observation_note"": ""Presence recorded at location"", ""source_type"": ""location_record""}"
R002871,P099,ORG095,WORKS_FOR,0.87,2025-01-05T13:25:07,"{""role"": ""Manager"", ""source_type"": ""employment_record""}"
R002872,P294,P280,PARTNER,0.72,2026-05-26T19:06:04,"{""relationship_note"": ""Family relation recorded"", ""source_type"": ""public_record""}"
R002873,P209,P224,FAMILY,0.8,2026-03-05T05:20:38,"{""relationship_note"": ""Partner relation recorded"", ""source_type"": ""public_record""}"
R002874,P155,P174,FAMILY,0.67,2026-08-09T19:34:29,"{""relationship_note"": ""Family relation recorded"", ""source_type"": ""public_record""}"
R002875,P245,PH021,CALLED,0.84,2025-11-27T00:58:34,"{""duration_seconds"": 3353, ""source_type"": ""call_record"", ""verified"": false}"
R002876,P328,LOC032,TRAVELED_TO,0.93,2026-08-28T23:27:31,"{""mode"": ""air"", ""source_type"": ""travel_record""}"
R002877,P465,P391,TRAVELED_WITH,0.62,2026-06-07T09:10:21,"{""context"": ""Joint travel recorded"", ""source_type"": ""travel_record""}"
R002878,P367,P371,EMPLOYED_WITH,0.98,2026-04-05T19:25:46,"{""context"": ""Shared employment recorded"", ""source_type"": ""employment_record""}"
R002879,P112,P125,CALLED,0.9,2026-03-31T14:54:59,"{""duration_seconds"": 3518, ""source_type"": ""call_record"", ""verified"": true}"
R002880,P259,P265,FAMILY,0.56,2025-02-09T05:20:44,"{""relationship_note"": ""Partner relation recorded"", ""source_type"": ""public_record""}"
R002881,P280,P283,MEMBER_OF,0.68,2025-02-26T10:41:38,"{""context"": ""Shared membership recorded"", ""source_type"": ""field_report""}"
R002882,PH056,PH083,COMMUNICATED_WITH,0.87,2026-04-12T16:03:28,"{""contact_count"": 62, ""source_type"": ""telecom_record""}"
R002883,P335,ORG058,VISITED_ORG,0.8,2025-11-07T13:08:01,"{""duration_minutes"": 100, ""source_type"": ""location_record""}"
R002884,P143,ORG032,WORKS_FOR,0.62,2025-12-03T23:08:47,"{""role"": ""Manager"", ""source_type"": ""employment_record""}"
R002885,P050,P042,LOCATED_WITH,0.98,2025-07-15T07:42:57,"{""observation_note"": ""Presence recorded at location"", ""source_type"": ""location_record""}"
R002886,P259,P082,MESSAGED,0.87,2025-01-07T18:06:44,"{""message_count"": 18, ""source_type"": ""communication_record""}"
R002887,P408,ACC073,TRANSFERRED_TO,0.86,2025-08-25T20:51:36,"{""amount"": 296210, ""currency"": ""INR"", ""transaction_type"": ""bank_transfer""}"
R002888,P389,P405,MET,0.91,2025-04-02T19:34:16,"{""details"": ""Brief meeting observed"", ""source_type"": ""surveillance"", ""verified"": true}"
R002889,P158,P161,TRAVELED_WITH,0.89,2026-04-22T01:14:18,"{""context"": ""Joint travel recorded"", ""source_type"": ""travel_record""}"
R002890,P428,ACC085,RECEIVED_FROM,0.8,2025-04-16T04:38:29,"{""amount"": 372440, ""currency"": ""INR"", ""transaction_type"": ""cash_deposit""}"
R002891,P113,P117,ASSOCIATED,0.71,2025-05-22T20:52:11,"{""context"": ""Indirect association noted as an analytical lead, not confirmed activity"", ""source_type"": ""informant_tip"", ""verified"": false}"
R002892,P280,ACC159,RECEIVED_FROM,0.7,2025-03-21T11:06:05,"{""amount"": 480419, ""currency"": ""INR"", ""transaction_type"": ""bank_transfer""}"
R002893,P267,PH002,MESSAGED,0.54,2025-10-15T09:42:07,"{""message_count"": 94, ""source_type"": ""communication_record""}"
R002894,P213,P217,MEMBER_OF,0.74,2025-01-03T03:47:18,"{""context"": ""Shared membership recorded"", ""source_type"": ""field_report""}"
R002895,P309,V075,TRAVELED_IN,0.92,2026-05-22T03:24:04,"{""trip_note"": ""Travel recorded together"", ""source_type"": ""field_report""}"
R002896,P063,P058,FAMILY,0.82,2025-07-12T13:21:18,"{""relationship_note"": ""Partner relation recorded"", ""source_type"": ""public_record""}"
R002897,P051,PH014,MESSAGED,0.74,2025-09-03T05:58:45,"{""message_count"": 127, ""source_type"": ""communication_record""}"
R002898,P468,P464,CALLED,0.78,2025-05-12T16:47:42,"{""duration_seconds"": 2731, ""source_type"": ""call_record"", ""verified"": true}"
R002899,P401,ACC191,RECEIVED_FROM,0.91,2025-04-24T21:03:35,"{""amount"": 313825, ""currency"": ""INR"", ""transaction_type"": ""bank_transfer""}"
R002900,P227,P250,MEMBER_OF,0.64,2026-02-05T12:09:33,"{""context"": ""Shared membership recorded"", ""source_type"": ""field_report""}"
R002901,ACC141,ACC156,TRANSACTION_WITH,0.5,2025-08-02T15:31:16,"{""amount"": 142547, ""currency"": ""INR"", ""transaction_type"": ""upi_transfer""}"
R002902,P072,P053,TRAVELED_WITH,0.93,2025-12-11T19:28:55,"{""context"": ""Joint travel recorded"", ""source_type"": ""travel_record""}"
R002903,P158,PH200,MESSAGED,0.87,2026-01-01T09:33:47,"{""message_count"": 19, ""source_type"": ""communication_record""}"
R002904,P476,LOC089,VISITED,0.77,2026-05-05T05:43:11,"{""duration_minutes"": 204, ""source_type"": ""location_record""}"
R002905,P332,ACC169,TRANSACTION_WITH,0.58,2025-03-11T18:31:23,"{""amount"": 282678, ""currency"": ""INR"", ""transaction_type"": ""wire_transfer""}"
R002906,P120,P103,EMPLOYED_WITH,0.67,2025-10-01T03:42:06,"{""context"": ""Shared employment recorded"", ""source_type"": ""employment_record""}"
R002907,P356,P362,TRAVELED_WITH,0.72,2025-09-26T23:48:42,"{""context"": ""Joint travel recorded"", ""source_type"": ""travel_record""}"
R002908,P259,P251,EMPLOYED_WITH,0.51,2025-01-02T02:11:08,"{""context"": ""Shared employment recorded"", ""source_type"": ""employment_record""}"
R002909,P148,P126,FAMILY,0.62,2025-01-10T18:54:29,"{""relationship_note"": ""Family relation recorded"", ""source_type"": ""public_record""}"
R002910,P288,P281,MET,0.86,2026-02-24T03:23:18,"{""details"": ""Meeting recorded at location"", ""source_type"": ""surveillance"", ""verified"": true}"
R002911,P453,P474,TRAVELED_WITH,0.82,2026-02-27T12:40:27,"{""context"": ""Joint travel recorded"", ""source_type"": ""travel_record""}"
R002912,P090,P078,MESSAGED,0.69,2025-01-10T16:02:22,"{""message_count"": 112, ""source_type"": ""communication_record""}"
R002913,P349,V088,OWNS_VEHICLE,0.85,2025-06-10T12:10:18,"{""registration_status"": ""active"", ""source_type"": ""vehicle_registry""}"
R002914,P229,P251,ASSOCIATED,0.75,2025-02-13T02:28:43,"{""context"": ""Indirect association noted as an analytical lead, not confirmed activity"", ""source_type"": ""informant_tip"", ""verified"": false}"
R002915,P250,P280,EMPLOYED_WITH,0.52,2026-08-21T00:09:03,"{""context"": ""Shared employment recorded"", ""source_type"": ""employment_record""}"
R002916,P300,P299,CALLED,0.81,2026-06-12T18:46:37,"{""duration_seconds"": 1170, ""source_type"": ""call_record"", ""verified"": true}"
R002917,P082,P079,SUSPECTED_ASSOCIATE,0.76,2025-06-05T02:31:53,"{""context"": ""Indirect association noted as an analytical lead, not confirmed activity"", ""source_type"": ""informant_tip"", ""verified"": false}"
R002918,P378,P398,MET,0.79,2026-03-12T15:30:32,"{""details"": ""Brief meeting observed"", ""source_type"": ""surveillance"", ""verified"": true}"
R002919,P092,P083,SUSPECTED_ASSOCIATE,0.73,2025-12-20T06:29:36,"{""context"": ""Indirect association noted as an analytical lead, not confirmed activity"", ""source_type"": ""informant_tip"", ""verified"": false}"
R002920,P133,P173,FAMILY,0.53,2026-01-06T19:30:44,"{""relationship_note"": ""Family relation recorded"", ""source_type"": ""public_record""}"
R002921,P224,ORG009,WORKS_FOR,0.64,2025-06-02T18:29:55,"{""role"": ""Consultant"", ""source_type"": ""employment_record""}"
R002922,P356,LOC074,TRAVELED_TO,0.63,2026-03-21T12:21:03,"{""mode"": ""rail"", ""source_type"": ""travel_record""}"
R002923,P415,LOC024,LOCATED_AT,0.62,2025-11-14T00:54:57,"{""observation_note"": ""Presence recorded at location"", ""source_type"": ""location_record""}"
R002924,P443,V094,USED_VEHICLE,0.61,2026-03-24T13:28:56,"{""observation"": ""Vehicle observed in use"", ""source_type"": ""CCTV""}"
R002925,P070,P054,EMPLOYED_WITH,0.9,2026-06-05T00:04:40,"{""context"": ""Shared employment recorded"", ""source_type"": ""employment_record""}"
R002926,P426,ORG067,MEMBER_OF,0.7,2025-01-05T14:41:09,"{""context"": ""Shared membership recorded"", ""source_type"": ""field_report""}"
R002927,P199,P176,EMPLOYED_WITH,0.56,2025-02-10T06:15:06,"{""context"": ""Shared employment recorded"", ""source_type"": ""employment_record""}"
R002928,P217,P221,CALLED,0.56,2026-05-13T22:25:49,"{""duration_seconds"": 3535, ""source_type"": ""call_record"", ""verified"": true}"
R002929,P367,P371,CALLED,0.58,2026-03-04T20:47:44,"{""duration_seconds"": 834, ""source_type"": ""call_record"", ""verified"": false}"
R002930,P333,V094,USED_VEHICLE,0.61,2026-03-18T12:11:08,"{""observation"": ""Vehicle observed in use"", ""source_type"": ""CCTV""}"
R002931,P018,P019,MESSAGED,0.57,2026-05-20T07:13:08,"{""message_count"": 119, ""source_type"": ""communication_record""}"
R002932,P120,P122,FAMILY,0.57,2026-01-18T22:07:27,"{""relationship_note"": ""Partner relation recorded"", ""source_type"": ""public_record""}"
R002933,P133,P167,LOCATED_WITH,0.77,2026-03-09T12:11:28,"{""observation_note"": ""Presence recorded at location"", ""source_type"": ""location_record""}"
R002934,P174,PH090,MESSAGED,0.76,2025-04-04T19:25:14,"{""message_count"": 73, ""source_type"": ""communication_record""}"
R002935,P201,ORG052,ASSOCIATED_WITH,0.58,2025-08-08T19:19:06,"{""context"": ""Indirect association noted as an analytical lead, not confirmed activity"", ""source_type"": ""informant_tip"", ""verified"": false}"
R002936,P052,P076,PARTNER,0.53,2026-06-17T16:46:28,"{""relationship_note"": ""Partner relation recorded"", ""source_type"": ""public_record""}"
R002937,P109,P119,EMPLOYED_WITH,0.51,2026-05-23T17:59:20,"{""context"": ""Shared employment recorded"", ""source_type"": ""employment_record""}"
R002938,P215,P004,SUSPECTED_ASSOCIATE,0.89,2025-12-15T16:17:02,"{""context"": ""Indirect association noted as an analytical lead, not confirmed activity"", ""source_type"": ""informant_tip"", ""verified"": false}"
R002939,P046,P047,PARTNER,0.83,2026-01-27T10:38:31,"{""relationship_note"": ""Family relation recorded"", ""source_type"": ""public_record""}"
R002940,P215,P211,SUSPECTED_ASSOCIATE,0.67,2026-06-12T16:45:40,"{""context"": ""Indirect association noted as an analytical lead, not confirmed activity"", ""source_type"": ""informant_tip"", ""verified"": false}"
R002941,P416,P417,PARTNER,0.6,2025-02-18T00:45:03,"{""relationship_note"": ""Partner relation recorded"", ""source_type"": ""public_record""}"
R002942,P295,P286,FAMILY,0.86,2026-03-17T12:46:15,"{""relationship_note"": ""Partner relation recorded"", ""source_type"": ""public_record""}"
R002943,P487,P477,PARTNER,0.73,2026-06-13T04:17:38,"{""relationship_note"": ""Family relation recorded"", ""source_type"": ""public_record""}"
R002944,P285,V102,TRAVELED_IN,0.71,2026-02-12T13:21:22,"{""trip_note"": ""Travel recorded together"", ""source_type"": ""field_report""}"
R002945,P208,V055,TRAVELED_IN,0.71,2025-08-22T06:49:20,"{""trip_note"": ""Travel recorded together"", ""source_type"": ""field_report""}"
R002946,P415,P417,TRAVELED_WITH,0.83,2025-04-06T13:55:04,"{""context"": ""Joint travel recorded"", ""source_type"": ""travel_record""}"
R002947,P229,P234,MET,0.84,2026-03-01T19:40:29,"{""details"": ""Brief meeting observed"", ""source_type"": ""surveillance"", ""verified"": true}"
R002948,P051,P076,MET,0.71,2025-07-09T19:12:45,"{""details"": ""Meeting recorded at location"", ""source_type"": ""surveillance"", ""verified"": true}"
R002949,P109,P107,LOCATED_WITH,0.64,2025-04-22T13:57:01,"{""observation_note"": ""Presence recorded at location"", ""source_type"": ""location_record""}"
R002950,P365,P366,MESSAGED,0.92,2026-03-12T11:39:54,"{""message_count"": 48, ""source_type"": ""communication_record""}"
R002951,P302,P309,MEMBER_OF,0.93,2025-12-08T05:04:19,"{""context"": ""Shared membership recorded"", ""source_type"": ""field_report""}"
R002952,P113,PH047,USED_PHONE,0.51,2025-02-06T07:11:12,"{""observation"": ""Device usage recorded"", ""source_type"": ""telecom_record""}"
R002953,P225,P026,MET,0.87,2026-06-19T23:02:28,"{""details"": ""Meeting recorded at location"", ""source_type"": ""surveillance"", ""verified"": false}"
R002954,P029,P031,FAMILY,0.5,2025-06-14T23:45:18,"{""relationship_note"": ""Partner relation recorded"", ""source_type"": ""public_record""}"
R002955,P129,P139,CALLED,0.95,2025-09-07T09:24:16,"{""duration_seconds"": 1340, ""source_type"": ""call_record"", ""verified"": false}"
R002956,P360,P363,LOCATED_WITH,0.56,2026-04-19T07:08:28,"{""observation_note"": ""Presence recorded at location"", ""source_type"": ""location_record""}"
R002957,P110,P115,FAMILY,0.57,2025-11-02T12:31:54,"{""relationship_note"": ""Family relation recorded"", ""source_type"": ""public_record""}"
R002958,P448,P450,MEMBER_OF,0.97,2025-12-30T01:42:08,"{""context"": ""Shared membership recorded"", ""source_type"": ""field_report""}"
R002959,P357,ACC008,RECEIVED_FROM,0.95,2025-11-09T02:15:51,"{""amount"": 232733, ""currency"": ""INR"", ""transaction_type"": ""bank_transfer""}"
R002960,P375,P361,MET,0.75,2025-10-08T18:57:52,"{""details"": ""Brief meeting observed"", ""source_type"": ""surveillance"", ""verified"": true}"
R002961,P309,PH182,OWNS_PHONE,0.65,2025-03-07T21:03:14,"{""registration_status"": ""active"", ""source_type"": ""telecom_registry""}"
R002962,P051,P066,FAMILY,0.73,2026-01-21T07:12:35,"{""relationship_note"": ""Partner relation recorded"", ""source_type"": ""public_record""}"
R002963,P180,P402,MEMBER_OF,0.52,2026-08-13T05:59:27,"{""context"": ""Shared membership recorded"", ""source_type"": ""field_report""}"
R002964,P318,V092,TRAVELED_IN,0.81,2025-05-29T06:49:31,"{""trip_note"": ""Travel recorded together"", ""source_type"": ""field_report""}"
R002965,P453,LOC094,TRAVELED_TO,0.53,2025-11-10T10:31:50,"{""mode"": ""air"", ""source_type"": ""travel_record""}"
R002966,P288,P282,LOCATED_WITH,0.84,2025-09-02T17:10:04,"{""observation_note"": ""Presence recorded at location"", ""source_type"": ""location_record""}"
R002967,P333,P346,LOCATED_WITH,0.63,2026-01-12T05:58:06,"{""observation_note"": ""Presence recorded at location"", ""source_type"": ""location_record""}"
R002968,P014,ORG095,VISITED_ORG,0.8,2026-01-29T02:07:43,"{""duration_minutes"": 85, ""source_type"": ""location_record""}"
R002969,P295,LOC085,TRAVELED_TO,0.6,2025-01-12T00:49:11,"{""mode"": ""rail"", ""source_type"": ""travel_record""}"
R002970,P112,V034,USED_VEHICLE,0.87,2025-12-06T01:17:47,"{""observation"": ""Vehicle observed in use"", ""source_type"": ""CCTV""}"
R002971,P051,ACC026,TRANSACTION_WITH,0.58,2025-07-19T19:40:20,"{""amount"": 287837, ""currency"": ""INR"", ""transaction_type"": ""bank_transfer""}"
R002972,P301,PH144,CALLED,0.96,2025-03-23T00:50:27,"{""duration_seconds"": 948, ""source_type"": ""call_record"", ""verified"": false}"
R002973,P224,P206,CALLED,0.59,2026-06-28T13:16:41,"{""duration_seconds"": 2438, ""source_type"": ""call_record"", ""verified"": false}"
R002974,P394,ACC164,TRANSFERRED_TO,0.58,2025-08-22T03:35:49,"{""amount"": 209004, ""currency"": ""INR"", ""transaction_type"": ""upi_transfer""}"
R002975,P029,V132,USED_VEHICLE,0.88,2026-06-25T15:55:58,"{""observation"": ""Vehicle observed in use"", ""source_type"": ""CCTV""}"
R002976,P309,P302,ASSOCIATED,0.77,2025-04-11T00:24:25,"{""context"": ""Indirect association noted as an analytical lead, not confirmed activity"", ""source_type"": ""informant_tip"", ""verified"": false}"
R002977,P259,LOC050,RESIDES_AT,0.84,2025-02-22T08:17:16,"{""since"": ""2026-07-23"", ""source_type"": ""registration_record""}"
R002978,P180,P224,FAMILY,0.97,2026-08-18T12:08:59,"{""relationship_note"": ""Partner relation recorded"", ""source_type"": ""public_record""}"
R002979,P328,P345,PARTNER,0.69,2026-06-12T17:49:53,"{""relationship_note"": ""Family relation recorded"", ""source_type"": ""public_record""}"
R002980,P086,ACC102,TRANSACTION_WITH,0.89,2026-04-28T06:19:50,"{""amount"": 27078, ""currency"": ""INR"", ""transaction_type"": ""bank_transfer""}"
R002981,P115,P120,EMPLOYED_WITH,0.67,2026-05-04T06:03:53,"{""context"": ""Shared employment recorded"", ""source_type"": ""employment_record""}"
R002982,P453,P497,SUSPECTED_ASSOCIATE,0.96,2025-12-16T05:29:52,"{""context"": ""Indirect association noted as an analytical lead, not confirmed activity"", ""source_type"": ""informant_tip"", ""verified"": false}"
R002983,P175,P099,PARTNER,0.63,2026-08-07T18:59:10,"{""relationship_note"": ""Family relation recorded"", ""source_type"": ""public_record""}"
R002984,P369,P392,MEMBER_OF,0.64,2026-02-11T19:52:18,"{""context"": ""Shared membership recorded"", ""source_type"": ""field_report""}"
R002985,P120,P106,EMPLOYED_WITH,0.92,2025-02-25T08:57:45,"{""context"": ""Shared employment recorded"", ""source_type"": ""employment_record""}"
R002986,P229,P255,TRAVELED_WITH,0.91,2026-08-21T22:51:43,"{""context"": ""Joint travel recorded"", ""source_type"": ""travel_record""}"
R002987,P005,P012,TRAVELED_WITH,0.92,2025-11-12T18:22:41,"{""context"": ""Joint travel recorded"", ""source_type"": ""travel_record""}"
R002988,P455,V105,OWNS_VEHICLE,0.6,2025-12-18T13:44:00,"{""registration_status"": ""active"", ""source_type"": ""vehicle_registry""}"
R002989,P086,ORG028,ASSOCIATED_WITH,0.75,2025-08-20T16:41:49,"{""context"": ""Indirect association noted as an analytical lead, not confirmed activity"", ""source_type"": ""informant_tip"", ""verified"": false}"
R002990,P158,P195,MET,0.61,2025-05-15T15:38:10,"{""details"": ""Extended meeting recorded"", ""source_type"": ""surveillance"", ""verified"": false}"
R002991,P318,V004,USED_VEHICLE,0.79,2025-06-15T02:59:11,"{""observation"": ""Vehicle observed in use"", ""source_type"": ""CCTV""}"
R002992,P230,P245,LOCATED_WITH,0.57,2025-02-21T10:18:35,"{""observation_note"": ""Presence recorded at location"", ""source_type"": ""location_record""}"
R002993,P109,P134,TRAVELED_WITH,0.52,2026-08-27T03:41:11,"{""context"": ""Joint travel recorded"", ""source_type"": ""travel_record""}"
R002994,P367,P372,EMPLOYED_WITH,0.78,2026-03-11T18:38:50,"{""context"": ""Shared employment recorded"", ""source_type"": ""employment_record""}"
R002995,P082,PH111,OWNS_PHONE,0.5,2025-09-19T14:04:42,"{""registration_status"": ""active"", ""source_type"": ""telecom_registry""}"
R002996,P082,V012,USED_VEHICLE,0.89,2025-07-14T22:30:24,"{""observation"": ""Vehicle observed in use"", ""source_type"": ""CCTV""}"
R002997,P158,ACC072,TRANSFERRED_TO,0.8,2025-10-02T18:49:46,"{""amount"": 457157, ""currency"": ""INR"", ""transaction_type"": ""bank_transfer""}"
R002998,P389,P051,MESSAGED,0.72,2025-08-31T11:26:11,"{""message_count"": 118, ""source_type"": ""communication_record""}"
R002999,P299,P056,EMPLOYED_WITH,0.86,2026-05-24T04:43:27,"{""context"": ""Shared employment recorded"", ""source_type"": ""employment_record""}"
R003000,PH001,PH129,COMMUNICATED_WITH,0.76,2026-06-18T09:41:01,"{""contact_count"": 17, ""source_type"": ""telecom_record""}"
R003001,P415,LOC090,WORKS_AT,0.75,2025-09-06T13:13:56,"{""role"": ""Staff"", ""source_type"": ""employment_record""}"
R003002,P367,P363,MESSAGED,0.87,2026-03-09T09:47:20,"{""message_count"": 43, ""source_type"": ""communication_record""}"
R003003,P109,P116,FAMILY,0.59,2026-05-19T19:50:26,"{""relationship_note"": ""Family relation recorded"", ""source_type"": ""public_record""}"
R003004,P180,PH136,OWNS_PHONE,0.95,2026-05-14T20:15:00,"{""registration_status"": ""active"", ""source_type"": ""telecom_registry""}"
R003005,P272,LOC020,RESIDES_AT,0.64,2025-03-12T03:50:15,"{""since"": ""2025-04-24"", ""source_type"": ""registration_record""}"
R003006,P280,ORG054,ASSOCIATED_WITH,0.81,2025-10-09T00:41:54,"{""context"": ""Indirect association noted as an analytical lead, not confirmed activity"", ""source_type"": ""informant_tip"", ""verified"": false}"
R003007,P113,P105,EMPLOYED_WITH,0.73,2025-01-19T04:16:27,"{""context"": ""Shared employment recorded"", ""source_type"": ""employment_record""}"
R003008,P028,P049,LOCATED_WITH,0.61,2026-01-26T08:53:56,"{""observation_note"": ""Presence recorded at location"", ""source_type"": ""location_record""}"
R003009,P014,PH196,OWNS_PHONE,0.98,2026-03-22T05:23:15,"{""registration_status"": ""active"", ""source_type"": ""telecom_registry""}"
R003010,P224,P218,TRAVELED_WITH,0.73,2025-07-31T20:06:22,"{""context"": ""Joint travel recorded"", ""source_type"": ""travel_record""}"
R003011,P215,P213,FAMILY,0.74,2025-09-08T20:25:30,"{""relationship_note"": ""Partner relation recorded"", ""source_type"": ""public_record""}"
R003012,P415,P421,CALLED,0.91,2026-02-12T15:33:53,"{""duration_seconds"": 3082, ""source_type"": ""call_record"", ""verified"": true}"
R003013,P158,P169,PARTNER,0.68,2025-02-21T12:05:15,"{""relationship_note"": ""Partner relation recorded"", ""source_type"": ""public_record""}"
R003014,P272,P282,ASSOCIATED,0.92,2026-03-04T03:24:09,"{""context"": ""Indirect association noted as an analytical lead, not confirmed activity"", ""source_type"": ""informant_tip"", ""verified"": false}"
R003015,P202,ACC039,TRANSACTION_WITH,0.62,2026-06-17T05:56:44,"{""amount"": 209768, ""currency"": ""INR"", ""transaction_type"": ""bank_transfer""}"
R003016,P305,P303,SUSPECTED_ASSOCIATE,0.9,2026-05-06T13:48:52,"{""context"": ""Indirect association noted as an analytical lead, not confirmed activity"", ""source_type"": ""informant_tip"", ""verified"": false}"
R003017,P259,P272,SUSPECTED_ASSOCIATE,0.55,2026-03-17T10:59:46,"{""context"": ""Indirect association noted as an analytical lead, not confirmed activity"", ""source_type"": ""informant_tip"", ""verified"": false}"
R003018,P394,V002,TRAVELED_IN,0.95,2025-01-21T14:58:54,"{""trip_note"": ""Travel recorded together"", ""source_type"": ""field_report""}"
R003019,P367,P355,LOCATED_WITH,0.57,2025-07-13T10:46:14,"{""observation_note"": ""Presence recorded at location"", ""source_type"": ""location_record""}"
R003020,P333,P340,ASSOCIATED,0.8,2025-06-29T09:33:04,"{""context"": ""Indirect association noted as an analytical lead, not confirmed activity"", ""source_type"": ""informant_tip"", ""verified"": false}"
R003021,P021,P040,ASSOCIATED,0.7,2025-02-05T21:36:23,"{""context"": ""Indirect association noted as an analytical lead, not confirmed activity"", ""source_type"": ""informant_tip"", ""verified"": false}"
R003022,P259,P275,ASSOCIATED,0.58,2025-01-02T14:25:17,"{""context"": ""Indirect association noted as an analytical lead, not confirmed activity"", ""source_type"": ""informant_tip"", ""verified"": false}"
R003023,P158,LOC044,VISITED,0.81,2025-06-19T08:11:42,"{""duration_minutes"": 179, ""source_type"": ""location_record""}"
R003024,P326,LOC005,RESIDES_AT,0.68,2025-09-05T05:23:17,"{""since"": ""2026-05-15"", ""source_type"": ""registration_record""}"
R003025,P415,P409,LOCATED_WITH,0.64,2026-01-07T14:47:21,"{""observation_note"": ""Presence recorded at location"", ""source_type"": ""location_record""}"
R003026,P051,P078,TRAVELED_WITH,0.74,2025-10-13T13:23:23,"{""context"": ""Joint travel recorded"", ""source_type"": ""travel_record""}"
R003027,P446,P371,CALLED,0.6,2026-06-29T22:02:21,"{""duration_seconds"": 2209, ""source_type"": ""call_record"", ""verified"": false}"
R003028,P259,P224,EMPLOYED_WITH,0.53,2025-01-06T01:11:06,"{""context"": ""Shared employment recorded"", ""source_type"": ""employment_record""}"
R003029,P383,ORG081,ASSOCIATED_WITH,0.63,2025-06-30T07:02:40,"{""context"": ""Indirect association noted as an analytical lead, not confirmed activity"", ""source_type"": ""informant_tip"", ""verified"": false}"
R003030,P229,P226,FAMILY,0.98,2025-08-15T17:49:49,"{""relationship_note"": ""Partner relation recorded"", ""source_type"": ""public_record""}"
R003031,P389,V017,USED_VEHICLE,0.71,2025-11-28T20:56:42,"{""observation"": ""Vehicle observed in use"", ""source_type"": ""CCTV""}"
R003032,P230,ACC195,RECEIVED_FROM,0.74,2026-04-22T06:03:21,"{""amount"": 347528, ""currency"": ""INR"", ""transaction_type"": ""cash_deposit""}"
R003033,P180,ORG091,VISITED_ORG,0.95,2025-10-03T18:55:58,"{""duration_minutes"": 158, ""source_type"": ""location_record""}"
R003034,P318,ORG030,MEMBER_OF,0.55,2026-06-04T21:46:26,"{""context"": ""Shared membership recorded"", ""source_type"": ""field_report""}"
R003035,P081,P087,ASSOCIATED,0.95,2026-03-11T14:57:34,"{""context"": ""Indirect association noted as an analytical lead, not confirmed activity"", ""source_type"": ""informant_tip"", ""verified"": false}"
R003036,P496,PH059,USED_PHONE,0.61,2026-05-15T01:40:57,"{""observation"": ""Device usage recorded"", ""source_type"": ""telecom_record""}"
R003037,P465,P391,PARTNER,0.79,2026-04-19T15:32:55,"{""relationship_note"": ""Partner relation recorded"", ""source_type"": ""public_record""}"
R003038,P372,P374,ASSOCIATED,0.59,2025-12-29T09:22:44,"{""context"": ""Indirect association noted as an analytical lead, not confirmed activity"", ""source_type"": ""informant_tip"", ""verified"": false}"
R003039,P272,P271,SUSPECTED_ASSOCIATE,0.86,2026-08-01T02:43:08,"{""context"": ""Indirect association noted as an analytical lead, not confirmed activity"", ""source_type"": ""informant_tip"", ""verified"": false}"
R003040,P217,ACC114,OWNS_ACCOUNT,0.5,2026-04-19T14:44:17,"{""account_status"": ""active"", ""source_type"": ""financial_registry""}"
R003041,P029,P070,MESSAGED,0.78,2025-05-06T11:43:59,"{""message_count"": 19, ""source_type"": ""communication_record""}"
R003042,P112,PH196,OWNS_PHONE,0.65,2025-08-11T16:05:19,"{""registration_status"": ""active"", ""source_type"": ""telecom_registry""}"
R003043,P023,P018,EMPLOYED_WITH,0.74,2026-01-08T10:45:53,"{""context"": ""Shared employment recorded"", ""source_type"": ""employment_record""}"
R003044,P345,P338,MESSAGED,0.81,2025-01-21T01:30:52,"{""message_count"": 62, ""source_type"": ""communication_record""}"
R003045,P389,ACC109,OWNS_ACCOUNT,0.97,2026-08-22T13:58:01,"{""account_status"": ""active"", ""source_type"": ""financial_registry""}"
R003046,P284,PH166,OWNS_PHONE,0.79,2026-08-05T20:15:36,"{""registration_status"": ""active"", ""source_type"": ""telecom_registry""}"
R003047,P279,V049,OWNS_VEHICLE,0.7,2025-05-26T09:00:03,"{""registration_status"": ""active"", ""source_type"": ""vehicle_registry""}"
R003048,P367,P358,LOCATED_WITH,0.9,2026-03-05T00:32:16,"{""observation_note"": ""Presence recorded at location"", ""source_type"": ""location_record""}"
R003049,P078,ACC179,TRANSFERRED_TO,0.98,2025-04-15T09:54:21,"{""amount"": 141357, ""currency"": ""INR"", ""transaction_type"": ""bank_transfer""}"
R003050,P275,P231,MEMBER_OF,0.51,2025-06-12T03:30:29,"{""context"": ""Shared membership recorded"", ""source_type"": ""field_report""}"
R003051,P028,P049,LOCATED_WITH,0.64,2025-12-18T08:13:09,"{""observation_note"": ""Presence recorded at location"", ""source_type"": ""location_record""}"
R003052,P143,P130,FAMILY,0.67,2025-08-02T02:12:50,"{""relationship_note"": ""Partner relation recorded"", ""source_type"": ""public_record""}"
R003053,P143,P180,PARTNER,0.74,2026-04-19T10:23:39,"{""relationship_note"": ""Family relation recorded"", ""source_type"": ""public_record""}"
R003054,P360,P372,LOCATED_WITH,0.8,2025-02-21T15:21:30,"{""observation_note"": ""Presence recorded at location"", ""source_type"": ""location_record""}"
R003055,P230,P235,MESSAGED,0.65,2026-03-29T13:20:34,"{""message_count"": 12, ""source_type"": ""communication_record""}"
R003056,P021,P041,PARTNER,0.66,2026-03-02T07:30:08,"{""relationship_note"": ""Family relation recorded"", ""source_type"": ""public_record""}"
R003057,P369,V066,USED_VEHICLE,0.93,2025-06-11T18:44:14,"{""observation"": ""Vehicle observed in use"", ""source_type"": ""CCTV""}"
R003058,P269,P260,MESSAGED,0.53,2026-04-16T22:14:23,"{""message_count"": 93, ""source_type"": ""communication_record""}"
R003059,P230,P233,CALLED,0.55,2026-07-22T22:50:12,"{""duration_seconds"": 1082, ""source_type"": ""call_record"", ""verified"": false}"
R003060,P415,P410,LOCATED_WITH,0.74,2025-12-04T17:18:13,"{""observation_note"": ""Presence recorded at location"", ""source_type"": ""location_record""}"
R003061,P333,P343,TRAVELED_WITH,0.55,2025-03-15T14:25:40,"{""context"": ""Joint travel recorded"", ""source_type"": ""travel_record""}"
R003062,P039,PH053,USED_PHONE,0.79,2026-01-09T03:44:19,"{""observation"": ""Device usage recorded"", ""source_type"": ""telecom_record""}"
R003063,P230,P247,FAMILY,0.74,2025-02-20T10:15:03,"{""relationship_note"": ""Family relation recorded"", ""source_type"": ""public_record""}"
R003064,P209,P215,MET,0.66,2025-03-17T14:08:07,"{""details"": ""Brief meeting observed"", ""source_type"": ""surveillance"", ""verified"": true}"
R003065,P082,P095,SUSPECTED_ASSOCIATE,0.62,2026-03-02T13:53:35,"{""context"": ""Indirect association noted as an analytical lead, not confirmed activity"", ""source_type"": ""informant_tip"", ""verified"": false}"
R003066,P451,LOC023,TRAVELED_TO,0.85,2025-02-26T00:04:43,"{""mode"": ""road"", ""source_type"": ""travel_record""}"
R003067,P021,P217,MET,0.82,2025-01-26T19:38:43,"{""details"": ""Brief meeting observed"", ""source_type"": ""surveillance"", ""verified"": true}"
R003068,P136,PH025,USED_PHONE,0.55,2025-04-18T06:28:16,"{""observation"": ""Device usage recorded"", ""source_type"": ""telecom_record""}"
R003069,P213,LOC005,RESIDES_AT,0.55,2025-01-22T05:04:02,"{""since"": ""2025-02-28"", ""source_type"": ""registration_record""}"
R003070,P008,P205,LOCATED_WITH,0.6,2026-07-28T15:17:47,"{""observation_note"": ""Presence recorded at location"", ""source_type"": ""location_record""}"
R003071,P080,V035,OWNS_VEHICLE,0.64,2025-04-20T05:53:49,"{""registration_status"": ""active"", ""source_type"": ""vehicle_registry""}"
R003072,P367,P351,ASSOCIATED,0.82,2026-03-30T00:15:50,"{""context"": ""Indirect association noted as an analytical lead, not confirmed activity"", ""source_type"": ""informant_tip"", ""verified"": false}"
R003073,P056,PH054,OWNS_PHONE,0.63,2025-02-06T00:09:30,"{""registration_status"": ""active"", ""source_type"": ""telecom_registry""}"
R003074,P453,P469,LOCATED_WITH,0.68,2025-06-23T16:42:44,"{""observation_note"": ""Presence recorded at location"", ""source_type"": ""location_record""}"
R003075,P358,P365,ASSOCIATED,0.66,2025-04-01T16:15:38,"{""context"": ""Indirect association noted as an analytical lead, not confirmed activity"", ""source_type"": ""informant_tip"", ""verified"": false}"
R003076,P367,P365,TRAVELED_WITH,0.5,2025-05-25T05:08:54,"{""context"": ""Joint travel recorded"", ""source_type"": ""travel_record""}"
R003077,P127,P150,EMPLOYED_WITH,0.97,2026-02-02T16:20:59,"{""context"": ""Shared employment recorded"", ""source_type"": ""employment_record""}"
R003078,P229,P389,MEMBER_OF,0.78,2026-08-06T19:36:57,"{""context"": ""Shared membership recorded"", ""source_type"": ""field_report""}"
R003079,P302,PH060,USED_PHONE,0.67,2025-10-08T00:38:22,"{""observation"": ""Device usage recorded"", ""source_type"": ""telecom_record""}"
R003080,P328,LOC050,TRAVELED_TO,0.98,2025-03-13T13:09:03,"{""mode"": ""rail"", ""source_type"": ""travel_record""}"
R003081,P127,P139,LOCATED_WITH,0.68,2025-09-16T06:32:25,"{""observation_note"": ""Presence recorded at location"", ""source_type"": ""location_record""}"
R003082,P175,P164,TRAVELED_WITH,0.65,2026-05-12T18:39:08,"{""context"": ""Joint travel recorded"", ""source_type"": ""travel_record""}"
R003083,P208,P213,PARTNER,0.93,2026-08-31T23:38:04,"{""relationship_note"": ""Partner relation recorded"", ""source_type"": ""public_record""}"
R003084,P346,ACC171,TRANSACTION_WITH,0.61,2025-11-02T21:05:19,"{""amount"": 109750, ""currency"": ""INR"", ""transaction_type"": ""upi_transfer""}"
R003085,P164,P160,LOCATED_WITH,0.87,2026-05-08T06:42:31,"{""observation_note"": ""Presence recorded at location"", ""source_type"": ""location_record""}"
R003086,P164,P172,MESSAGED,0.82,2026-04-06T02:57:14,"{""message_count"": 108, ""source_type"": ""communication_record""}"
R003087,P158,ACC055,TRANSFERRED_TO,0.96,2026-08-02T14:48:44,"{""amount"": 150771, ""currency"": ""INR"", ""transaction_type"": ""upi_transfer""}"
R003088,P287,P279,EMPLOYED_WITH,0.76,2026-01-24T12:36:51,"{""context"": ""Shared employment recorded"", ""source_type"": ""employment_record""}"
R003089,P301,P319,LOCATED_WITH,0.54,2026-01-01T08:41:05,"{""observation_note"": ""Presence recorded at location"", ""source_type"": ""location_record""}"
R003090,P036,P043,SUSPECTED_ASSOCIATE,0.84,2025-06-24T10:54:38,"{""context"": ""Indirect association noted as an analytical lead, not confirmed activity"", ""source_type"": ""informant_tip"", ""verified"": false}"
R003091,P109,P127,MET,0.88,2026-08-10T18:56:06,"{""details"": ""Meeting recorded at location"", ""source_type"": ""surveillance"", ""verified"": false}"
R003092,P426,P455,MEMBER_OF,0.63,2025-11-26T00:42:19,"{""context"": ""Shared membership recorded"", ""source_type"": ""field_report""}"
R003093,P201,P211,CALLED,0.72,2025-04-13T09:12:28,"{""duration_seconds"": 768, ""source_type"": ""call_record"", ""verified"": false}"
R003094,P191,PH180,USED_PHONE,0.65,2025-04-22T23:08:51,"{""observation"": ""Device usage recorded"", ""source_type"": ""telecom_record""}"
R003095,P295,V118,OWNS_VEHICLE,0.57,2025-06-09T07:37:02,"{""registration_status"": ""active"", ""source_type"": ""vehicle_registry""}"
R003096,P004,ACC102,RECEIVED_FROM,0.9,2026-04-03T04:52:49,"{""amount"": 138002, ""currency"": ""INR"", ""transaction_type"": ""bank_transfer""}"
R003097,PH180,PH099,COMMUNICATED_WITH,0.85,2025-03-27T07:30:56,"{""contact_count"": 73, ""source_type"": ""telecom_record""}"
R003098,P321,P318,EMPLOYED_WITH,0.66,2026-04-27T21:30:07,"{""context"": ""Shared employment recorded"", ""source_type"": ""employment_record""}"
R003099,P453,PH028,OWNS_PHONE,0.58,2025-01-26T12:34:56,"{""registration_status"": ""active"", ""source_type"": ""telecom_registry""}"
R003100,P056,LOC100,VISITED,0.85,2026-03-20T16:17:52,"{""duration_minutes"": 150, ""source_type"": ""location_record""}"
R003101,P364,PH021,OWNS_PHONE,0.6,2026-07-23T01:56:28,"{""registration_status"": ""active"", ""source_type"": ""telecom_registry""}"
R003102,P318,P323,ASSOCIATED,0.97,2025-07-31T04:31:28,"{""context"": ""Indirect association noted as an analytical lead, not confirmed activity"", ""source_type"": ""informant_tip"", ""verified"": false}"
R003103,P258,P268,FAMILY,0.84,2025-03-19T23:25:17,"{""relationship_note"": ""Family relation recorded"", ""source_type"": ""public_record""}"
R003104,P236,V056,USED_VEHICLE,0.52,2025-02-25T06:29:44,"{""observation"": ""Vehicle observed in use"", ""source_type"": ""CCTV""}"
R003105,ORG052,ORG002,CONNECTED_TO,0.98,2026-02-27T20:25:26,"{""relationship_note"": ""Organizational link recorded"", ""source_type"": ""corporate_record""}"
R003106,P036,P035,LOCATED_WITH,0.95,2026-07-06T18:23:28,"{""observation_note"": ""Presence recorded at location"", ""source_type"": ""location_record""}"
R003107,P262,ORG054,MEMBER_OF,0.92,2025-01-31T00:32:06,"{""context"": ""Shared membership recorded"", ""source_type"": ""field_report""}"
R003108,P360,ACC019,OWNS_ACCOUNT,0.93,2025-11-10T22:48:11,"{""account_status"": ""active"", ""source_type"": ""financial_registry""}"
R003109,P082,PH198,CALLED,0.6,2025-07-11T10:07:12,"{""duration_seconds"": 2070, ""source_type"": ""call_record"", ""verified"": false}"
R003110,P109,P139,MESSAGED,0.55,2026-07-10T22:53:01,"{""message_count"": 26, ""source_type"": ""communication_record""}"
R003111,P328,P347,EMPLOYED_WITH,0.55,2026-02-27T04:25:00,"{""context"": ""Shared employment recorded"", ""source_type"": ""employment_record""}"
R003112,P058,V035,USED_VEHICLE,0.88,2025-03-09T02:48:23,"{""observation"": ""Vehicle observed in use"", ""source_type"": ""CCTV""}"
R003113,P389,P143,FAMILY,0.58,2026-06-14T14:30:54,"{""relationship_note"": ""Family relation recorded"", ""source_type"": ""public_record""}"
R003114,P227,P237,MESSAGED,0.74,2025-04-03T14:37:43,"{""message_count"": 20, ""source_type"": ""communication_record""}"
R003115,P467,V122,OWNS_VEHICLE,0.92,2026-04-17T21:57:45,"{""registration_status"": ""active"", ""source_type"": ""vehicle_registry""}"
R003116,P102,P119,FAMILY,0.54,2025-10-23T14:14:04,"{""relationship_note"": ""Partner relation recorded"", ""source_type"": ""public_record""}"
R003117,P065,P060,SUSPECTED_ASSOCIATE,0.81,2025-03-28T08:53:41,"{""context"": ""Indirect association noted as an analytical lead, not confirmed activity"", ""source_type"": ""informant_tip"", ""verified"": false}"
R003118,P215,P205,MET,0.66,2025-08-09T13:22:38,"{""details"": ""Brief meeting observed"", ""source_type"": ""surveillance"", ""verified"": true}"
R003119,P102,P119,EMPLOYED_WITH,0.67,2026-05-31T07:46:49,"{""context"": ""Shared employment recorded"", ""source_type"": ""employment_record""}"
R003120,P367,P375,MESSAGED,0.96,2026-03-10T07:56:23,"{""message_count"": 120, ""source_type"": ""communication_record""}"
R003121,P259,P217,LOCATED_WITH,0.75,2026-04-09T20:48:50,"{""observation_note"": ""Presence recorded at location"", ""source_type"": ""location_record""}"
R003122,PH008,PH095,COMMUNICATED_WITH,0.55,2026-04-10T09:22:15,"{""contact_count"": 44, ""source_type"": ""telecom_record""}"
R003123,P109,P142,SUSPECTED_ASSOCIATE,0.72,2026-04-07T08:58:49,"{""context"": ""Indirect association noted as an analytical lead, not confirmed activity"", ""source_type"": ""informant_tip"", ""verified"": false}"
R003124,P192,V035,OWNS_VEHICLE,0.87,2025-12-20T22:34:45,"{""registration_status"": ""active"", ""source_type"": ""vehicle_registry""}"
R003125,P004,P315,MET,0.91,2025-01-15T01:58:33,"{""details"": ""Meeting recorded at location"", ""source_type"": ""surveillance"", ""verified"": false}"
R003126,P369,P354,MESSAGED,0.5,2025-11-23T23:37:23,"{""message_count"": 106, ""source_type"": ""communication_record""}"
R003127,P488,P479,MET,0.76,2026-04-11T15:35:03,"{""details"": ""Meeting recorded at location"", ""source_type"": ""surveillance"", ""verified"": false}"
R003128,P065,P318,TRAVELED_WITH,0.57,2025-05-30T06:22:57,"{""context"": ""Joint travel recorded"", ""source_type"": ""travel_record""}"
R003129,P004,P012,TRAVELED_WITH,0.76,2025-05-16T22:02:08,"{""context"": ""Joint travel recorded"", ""source_type"": ""travel_record""}"
R003130,P014,P002,LOCATED_WITH,0.77,2026-04-16T16:34:42,"{""observation_note"": ""Presence recorded at location"", ""source_type"": ""location_record""}"
R003131,P369,P358,ASSOCIATED,0.51,2025-03-31T23:04:44,"{""context"": ""Indirect association noted as an analytical lead, not confirmed activity"", ""source_type"": ""informant_tip"", ""verified"": false}"
R003132,P103,LOC100,TRAVELED_TO,0.96,2026-08-25T10:03:36,"{""mode"": ""road"", ""source_type"": ""travel_record""}"
R003133,P444,P439,TRAVELED_WITH,0.81,2026-05-15T12:47:03,"{""context"": ""Joint travel recorded"", ""source_type"": ""travel_record""}"
R003134,P278,ACC011,TRANSACTION_WITH,0.79,2025-10-07T03:24:25,"{""amount"": 243959, ""currency"": ""INR"", ""transaction_type"": ""cash_deposit""}"
R003135,P013,P021,MET,0.92,2026-02-24T18:42:25,"{""details"": ""Brief meeting observed"", ""source_type"": ""surveillance"", ""verified"": true}"
R003136,P070,P054,PARTNER,0.77,2026-06-01T18:34:21,"{""relationship_note"": ""Partner relation recorded"", ""source_type"": ""public_record""}"
R003137,P099,P097,MESSAGED,0.8,2026-05-04T09:49:54,"{""message_count"": 6, ""source_type"": ""communication_record""}"
R003138,P432,P426,PARTNER,0.61,2026-08-11T05:01:27,"{""relationship_note"": ""Family relation recorded"", ""source_type"": ""public_record""}"
R003139,P390,PH159,USED_PHONE,0.86,2025-03-17T14:40:38,"{""observation"": ""Device usage recorded"", ""source_type"": ""telecom_record""}"
R003140,P389,V104,OWNS_VEHICLE,0.79,2025-07-14T15:10:06,"{""registration_status"": ""active"", ""source_type"": ""vehicle_registry""}"
R003141,P170,P162,TRAVELED_WITH,0.65,2025-09-15T19:41:32,"{""context"": ""Joint travel recorded"", ""source_type"": ""travel_record""}"
R003142,P102,V001,USED_VEHICLE,0.91,2026-02-28T02:31:35,"{""observation"": ""Vehicle observed in use"", ""source_type"": ""CCTV""}"
R003143,P328,PH092,OWNS_PHONE,0.94,2025-11-30T22:23:26,"{""registration_status"": ""active"", ""source_type"": ""telecom_registry""}"
R003144,P270,P273,EMPLOYED_WITH,0.69,2026-02-26T22:23:23,"{""context"": ""Shared employment recorded"", ""source_type"": ""employment_record""}"
R003145,P133,P152,ASSOCIATED,0.66,2025-07-06T20:58:25,"{""context"": ""Indirect association noted as an analytical lead, not confirmed activity"", ""source_type"": ""informant_tip"", ""verified"": false}"
R003146,P280,P294,ASSOCIATED,0.68,2025-03-14T09:59:48,"{""context"": ""Indirect association noted as an analytical lead, not confirmed activity"", ""source_type"": ""informant_tip"", ""verified"": false}"
R003147,P103,PH186,CALLED,0.7,2026-02-02T16:53:55,"{""duration_seconds"": 2529, ""source_type"": ""call_record"", ""verified"": true}"
R003148,P129,PH118,CALLED,0.88,2025-11-05T22:57:50,"{""duration_seconds"": 2058, ""source_type"": ""call_record"", ""verified"": true}"
R003149,P102,P110,TRAVELED_WITH,0.65,2025-01-08T02:34:25,"{""context"": ""Joint travel recorded"", ""source_type"": ""travel_record""}"
R003150,P182,P186,FAMILY,0.55,2025-01-25T18:50:26,"{""relationship_note"": ""Partner relation recorded"", ""source_type"": ""public_record""}"
R003151,P070,P054,LOCATED_WITH,0.97,2026-08-13T20:19:15,"{""observation_note"": ""Presence recorded at location"", ""source_type"": ""location_record""}"
R003152,P402,ACC145,TRANSFERRED_TO,0.9,2025-10-26T09:29:54,"{""amount"": 8336, ""currency"": ""INR"", ""transaction_type"": ""cash_deposit""}"
R003153,P312,P325,MEMBER_OF,0.82,2025-10-14T13:12:57,"{""context"": ""Shared membership recorded"", ""source_type"": ""field_report""}"
R003154,P175,PH057,CALLED,0.92,2025-09-20T11:36:15,"{""duration_seconds"": 1334, ""source_type"": ""call_record"", ""verified"": true}"
R003155,P431,P440,MET,0.94,2025-06-25T19:39:10,"{""details"": ""Extended meeting recorded"", ""source_type"": ""surveillance"", ""verified"": true}"
R003156,P309,P319,MEMBER_OF,0.59,2025-12-21T22:56:18,"{""context"": ""Shared membership recorded"", ""source_type"": ""field_report""}"
R003157,P426,P457,ASSOCIATED,0.99,2026-06-16T15:56:58,"{""context"": ""Indirect association noted as an analytical lead, not confirmed activity"", ""source_type"": ""informant_tip"", ""verified"": false}"
R003158,P360,P064,MESSAGED,0.58,2025-06-21T21:09:33,"{""message_count"": 12, ""source_type"": ""communication_record""}"
R003159,P309,P302,PARTNER,0.62,2025-12-13T17:48:35,"{""relationship_note"": ""Family relation recorded"", ""source_type"": ""public_record""}"
R003160,P230,P226,ASSOCIATED,0.51,2026-04-26T18:54:23,"{""context"": ""Indirect association noted as an analytical lead, not confirmed activity"", ""source_type"": ""informant_tip"", ""verified"": false}"
R003161,P217,V097,USED_VEHICLE,0.57,2026-05-19T08:10:28,"{""observation"": ""Vehicle observed in use"", ""source_type"": ""CCTV""}"
R003162,P333,LOC009,TRAVELED_TO,0.75,2025-10-20T11:49:41,"{""mode"": ""rail"", ""source_type"": ""travel_record""}"
R003163,P158,P195,FAMILY,0.8,2026-04-11T19:15:27,"{""relationship_note"": ""Family relation recorded"", ""source_type"": ""public_record""}"
R003164,P476,P484,PARTNER,0.69,2025-08-10T20:59:20,"{""relationship_note"": ""Partner relation recorded"", ""source_type"": ""public_record""}"
R003165,P133,P165,TRAVELED_WITH,0.91,2026-08-31T06:33:10,"{""context"": ""Joint travel recorded"", ""source_type"": ""travel_record""}"
R003166,P453,P497,CALLED,0.95,2026-08-31T16:27:31,"{""duration_seconds"": 343, ""source_type"": ""call_record"", ""verified"": false}"
R003167,P337,ACC088,TRANSACTION_WITH,0.53,2025-11-29T08:47:12,"{""amount"": 93191, ""currency"": ""INR"", ""transaction_type"": ""upi_transfer""}"
R003168,P029,PH007,MESSAGED,0.88,2026-08-14T01:11:46,"{""message_count"": 41, ""source_type"": ""communication_record""}"
R003169,P272,P278,SUSPECTED_ASSOCIATE,0.81,2026-06-28T22:24:41,"{""context"": ""Indirect association noted as an analytical lead, not confirmed activity"", ""source_type"": ""informant_tip"", ""verified"": false}"
R003170,P193,P198,CALLED,0.51,2025-07-11T00:01:44,"{""duration_seconds"": 2592, ""source_type"": ""call_record"", ""verified"": false}"
R003171,P118,PH039,CALLED,0.6,2025-06-08T20:06:53,"{""duration_seconds"": 2006, ""source_type"": ""call_record"", ""verified"": true}"
R003172,P158,P172,MESSAGED,0.81,2026-03-31T23:36:48,"{""message_count"": 73, ""source_type"": ""communication_record""}"
R003173,P112,PH128,MESSAGED,0.54,2025-10-13T13:11:58,"{""message_count"": 74, ""source_type"": ""communication_record""}"
R003174,P102,LOC006,TRAVELED_TO,0.51,2026-04-16T21:46:01,"{""mode"": ""air"", ""source_type"": ""travel_record""}"
R003175,P271,P082,ASSOCIATED,0.84,2025-09-19T11:38:56,"{""context"": ""Indirect association noted as an analytical lead, not confirmed activity"", ""source_type"": ""informant_tip"", ""verified"": false}"
R003176,P318,P313,EMPLOYED_WITH,0.6,2025-07-21T16:17:04,"{""context"": ""Shared employment recorded"", ""source_type"": ""employment_record""}"
R003177,P051,ACC169,RECEIVED_FROM,0.77,2026-08-10T09:34:52,"{""amount"": 420689, ""currency"": ""INR"", ""transaction_type"": ""upi_transfer""}"
R003178,P166,P168,CALLED,0.55,2026-03-19T19:53:40,"{""duration_seconds"": 3205, ""source_type"": ""call_record"", ""verified"": false}"
R003179,P382,PH042,MESSAGED,0.84,2025-01-24T13:27:50,"{""message_count"": 101, ""source_type"": ""communication_record""}"
R003180,P415,P180,MEMBER_OF,0.65,2026-04-25T21:39:45,"{""context"": ""Shared membership recorded"", ""source_type"": ""field_report""}"
R003181,P179,P189,MEMBER_OF,0.63,2025-07-13T07:57:55,"{""context"": ""Shared membership recorded"", ""source_type"": ""field_report""}"
R003182,P098,P094,LOCATED_WITH,0.68,2025-08-16T23:19:58,"{""observation_note"": ""Presence recorded at location"", ""source_type"": ""location_record""}"
R003183,P152,P288,EMPLOYED_WITH,0.71,2025-08-27T07:40:14,"{""context"": ""Shared employment recorded"", ""source_type"": ""employment_record""}"
R003184,P082,P096,CALLED,0.71,2025-09-17T06:32:09,"{""duration_seconds"": 532, ""source_type"": ""call_record"", ""verified"": false}"
R003185,P100,ORG030,VISITED_ORG,0.86,2026-07-07T05:17:27,"{""duration_minutes"": 184, ""source_type"": ""location_record""}"
R003186,P120,P413,LOCATED_WITH,0.78,2025-12-09T10:01:59,"{""observation_note"": ""Presence recorded at location"", ""source_type"": ""location_record""}"
R003187,P004,P008,SUSPECTED_ASSOCIATE,0.74,2026-08-31T20:21:33,"{""context"": ""Indirect association noted as an analytical lead, not confirmed activity"", ""source_type"": ""informant_tip"", ""verified"": false}"
R003188,P004,P470,SUSPECTED_ASSOCIATE,0.73,2026-06-20T14:34:43,"{""context"": ""Indirect association noted as an analytical lead, not confirmed activity"", ""source_type"": ""informant_tip"", ""verified"": false}"
R003189,P413,ORG038,WORKS_FOR,0.84,2025-10-18T04:02:30,"{""role"": ""Consultant"", ""source_type"": ""employment_record""}"
R003190,P262,P266,ASSOCIATED,0.91,2025-06-08T03:35:56,"{""context"": ""Indirect association noted as an analytical lead, not confirmed activity"", ""source_type"": ""informant_tip"", ""verified"": false}"
R003191,P102,ACC166,TRANSFERRED_TO,0.86,2025-04-22T20:41:42,"{""amount"": 82320, ""currency"": ""INR"", ""transaction_type"": ""bank_transfer""}"
R003192,P153,ACC184,RECEIVED_FROM,0.95,2026-06-27T17:01:29,"{""amount"": 256477, ""currency"": ""INR"", ""transaction_type"": ""upi_transfer""}"
R003193,P198,V105,OWNS_VEHICLE,0.81,2025-12-12T20:22:44,"{""registration_status"": ""active"", ""source_type"": ""vehicle_registry""}"
R003194,P109,PH029,MESSAGED,0.53,2026-02-09T01:36:15,"{""message_count"": 36, ""source_type"": ""communication_record""}"
R003195,P389,ORG007,WORKS_FOR,0.94,2025-04-28T17:04:20,"{""role"": ""Advisor"", ""source_type"": ""employment_record""}"
R003196,P120,P272,MESSAGED,0.87,2025-07-28T11:44:40,"{""message_count"": 109, ""source_type"": ""communication_record""}"
R003197,P182,LOC066,WORKS_AT,0.58,2026-06-09T19:52:09,"{""role"": ""Advisor"", ""source_type"": ""employment_record""}"
R003198,P333,PH098,OWNS_PHONE,0.5,2026-01-23T09:39:34,"{""registration_status"": ""active"", ""source_type"": ""telecom_registry""}"
R003199,P134,P146,FAMILY,0.78,2026-06-10T23:31:13,"{""relationship_note"": ""Partner relation recorded"", ""source_type"": ""public_record""}"
R003200,P056,ORG025,WORKS_FOR,0.57,2025-08-06T10:18:20,"{""role"": ""Advisor"", ""source_type"": ""employment_record""}"
R003201,P180,P176,LOCATED_WITH,0.64,2025-03-14T16:29:22,"{""observation_note"": ""Presence recorded at location"", ""source_type"": ""location_record""}"
R003202,P426,P444,TRAVELED_WITH,0.61,2025-09-25T22:54:17,"{""context"": ""Joint travel recorded"", ""source_type"": ""travel_record""}"
R003203,P355,P360,LOCATED_WITH,0.53,2026-01-31T19:05:36,"{""observation_note"": ""Presence recorded at location"", ""source_type"": ""location_record""}"
R003204,P187,P178,CALLED,0.91,2025-07-07T23:01:33,"{""duration_seconds"": 797, ""source_type"": ""call_record"", ""verified"": true}"
R003205,P225,P202,ASSOCIATED,0.81,2026-05-17T13:12:33,"{""context"": ""Indirect association noted as an analytical lead, not confirmed activity"", ""source_type"": ""informant_tip"", ""verified"": false}"
R003206,P183,P192,TRAVELED_WITH,0.72,2025-11-10T06:21:10,"{""context"": ""Joint travel recorded"", ""source_type"": ""travel_record""}"
R003207,P278,P294,LOCATED_WITH,0.95,2025-03-12T20:17:11,"{""observation_note"": ""Presence recorded at location"", ""source_type"": ""location_record""}"
R003208,P309,P324,TRAVELED_WITH,0.55,2026-04-16T22:25:31,"{""context"": ""Joint travel recorded"", ""source_type"": ""travel_record""}"
R003209,P259,P253,EMPLOYED_WITH,0.73,2025-10-30T08:22:25,"{""context"": ""Shared employment recorded"", ""source_type"": ""employment_record""}"
R003210,P288,LOC092,TRAVELED_TO,0.76,2025-12-07T14:59:30,"{""mode"": ""air"", ""source_type"": ""travel_record""}"
R003211,P018,P001,CALLED,0.98,2025-11-18T10:13:25,"{""duration_seconds"": 864, ""source_type"": ""call_record"", ""verified"": false}"
R003212,P288,P291,SUSPECTED_ASSOCIATE,0.77,2025-10-04T22:19:57,"{""context"": ""Indirect association noted as an analytical lead, not confirmed activity"", ""source_type"": ""informant_tip"", ""verified"": false}"
R003213,P290,P281,ASSOCIATED,0.69,2025-07-05T23:01:37,"{""context"": ""Indirect association noted as an analytical lead, not confirmed activity"", ""source_type"": ""informant_tip"", ""verified"": false}"
R003214,P426,PH180,MESSAGED,0.74,2025-03-15T05:12:53,"{""message_count"": 144, ""source_type"": ""communication_record""}"
R003215,P127,P144,PARTNER,0.93,2026-06-14T04:42:54,"{""relationship_note"": ""Family relation recorded"", ""source_type"": ""public_record""}"
R003216,P004,LOC066,LOCATED_AT,0.67,2026-08-27T00:32:42,"{""observation_note"": ""Presence recorded at location"", ""source_type"": ""location_record""}"
R003217,P186,P197,MESSAGED,0.66,2025-12-25T20:47:13,"{""message_count"": 95, ""source_type"": ""communication_record""}"
R003218,P098,LOC017,VISITED,0.93,2026-07-06T13:36:12,"{""duration_minutes"": 99, ""source_type"": ""location_record""}"
R003219,P466,ACC002,OWNS_ACCOUNT,0.89,2025-11-28T05:57:37,"{""account_status"": ""active"", ""source_type"": ""financial_registry""}"
R003220,P280,P300,MET,0.81,2025-05-28T22:07:21,"{""details"": ""Meeting recorded at location"", ""source_type"": ""surveillance"", ""verified"": true}"
R003221,P224,ACC192,TRANSACTION_WITH,0.97,2026-01-05T00:48:02,"{""amount"": 61293, ""currency"": ""INR"", ""transaction_type"": ""bank_transfer""}"
R003222,P082,ORG017,ASSOCIATED_WITH,0.84,2026-01-25T08:12:49,"{""context"": ""Indirect association noted as an analytical lead, not confirmed activity"", ""source_type"": ""informant_tip"", ""verified"": false}"
R003223,P369,P390,EMPLOYED_WITH,0.57,2026-01-27T10:23:21,"{""context"": ""Shared employment recorded"", ""source_type"": ""employment_record""}"
R003224,P328,P365,FAMILY,0.74,2025-04-20T22:47:44,"{""relationship_note"": ""Family relation recorded"", ""source_type"": ""public_record""}"
R003225,P329,P342,MEMBER_OF,0.8,2026-05-27T14:04:01,"{""context"": ""Shared membership recorded"", ""source_type"": ""field_report""}"
R003226,P446,ACC174,TRANSACTION_WITH,0.78,2026-07-07T21:10:28,"{""amount"": 331271, ""currency"": ""INR"", ""transaction_type"": ""upi_transfer""}"
R003227,P367,P365,LOCATED_WITH,0.52,2025-10-11T07:42:16,"{""observation_note"": ""Presence recorded at location"", ""source_type"": ""location_record""}"
R003228,P259,PH061,MESSAGED,0.6,2026-06-14T03:38:01,"{""message_count"": 69, ""source_type"": ""communication_record""}"
R003229,P446,P430,PARTNER,0.69,2026-04-23T16:18:19,"{""relationship_note"": ""Partner relation recorded"", ""source_type"": ""public_record""}"
R003230,P332,P328,LOCATED_WITH,0.87,2025-12-23T10:23:10,"{""observation_note"": ""Presence recorded at location"", ""source_type"": ""location_record""}"
R003231,P175,P172,MET,0.52,2026-04-30T11:51:31,"{""details"": ""Meeting recorded at location"", ""source_type"": ""surveillance"", ""verified"": false}"
R003232,P175,P164,LOCATED_WITH,0.52,2026-05-13T12:31:35,"{""observation_note"": ""Presence recorded at location"", ""source_type"": ""location_record""}"
R003233,P200,V039,OWNS_VEHICLE,0.71,2025-02-04T01:32:21,"{""registration_status"": ""active"", ""source_type"": ""vehicle_registry""}"
R003234,P280,P298,MESSAGED,0.73,2025-01-26T09:30:38,"{""message_count"": 87, ""source_type"": ""communication_record""}"
R003235,P137,P132,ASSOCIATED,0.94,2026-03-09T02:17:17,"{""context"": ""Indirect association noted as an analytical lead, not confirmed activity"", ""source_type"": ""informant_tip"", ""verified"": false}"
R003236,P280,PH121,CALLED,0.78,2025-03-25T17:28:51,"{""duration_seconds"": 3366, ""source_type"": ""call_record"", ""verified"": false}"
R003237,P484,P486,TRAVELED_WITH,0.62,2026-07-07T03:46:26,"{""context"": ""Joint travel recorded"", ""source_type"": ""travel_record""}"
R003238,P453,P473,CALLED,0.68,2025-06-11T07:13:12,"{""duration_seconds"": 3204, ""source_type"": ""call_record"", ""verified"": true}"
R003239,P420,P488,PARTNER,0.56,2026-02-23T10:34:53,"{""relationship_note"": ""Family relation recorded"", ""source_type"": ""public_record""}"
R003240,P009,P002,SUSPECTED_ASSOCIATE,0.83,2025-01-27T16:56:19,"{""context"": ""Indirect association noted as an analytical lead, not confirmed activity"", ""source_type"": ""informant_tip"", ""verified"": false}"
R003241,P413,P414,PARTNER,0.67,2025-01-14T13:37:39,"{""relationship_note"": ""Family relation recorded"", ""source_type"": ""public_record""}"
R003242,P204,LOC084,VISITED,0.6,2026-01-20T20:55:29,"{""duration_minutes"": 19, ""source_type"": ""location_record""}"
R003243,P488,ORG041,MEMBER_OF,0.94,2026-06-25T15:45:35,"{""context"": ""Shared membership recorded"", ""source_type"": ""field_report""}"
R003244,P296,LOC098,RESIDES_AT,0.91,2025-06-18T14:29:09,"{""since"": ""2025-06-05"", ""source_type"": ""registration_record""}"
R003245,P021,LOC005,VISITED,0.79,2025-03-11T10:42:27,"{""duration_minutes"": 139, ""source_type"": ""location_record""}"
R003246,P029,LOC057,LOCATED_AT,0.76,2026-04-03T05:07:29,"{""observation_note"": ""Presence recorded at location"", ""source_type"": ""location_record""}"
R003247,P464,V045,TRAVELED_IN,0.76,2025-08-29T13:38:50,"{""trip_note"": ""Travel recorded together"", ""source_type"": ""field_report""}"
R003248,V017,LOC043,SEEN_AT,0.77,2025-06-29T03:27:33,"{""observation"": ""Vehicle observed in use"", ""source_type"": ""CCTV""}"
R003249,P302,ACC013,TRANSFERRED_TO,0.8,2026-08-11T04:49:39,"{""amount"": 121146, ""currency"": ""INR"", ""transaction_type"": ""bank_transfer""}"
R003250,P306,ACC107,TRANSFERRED_TO,0.71,2026-07-03T13:57:35,"{""amount"": 127609, ""currency"": ""INR"", ""transaction_type"": ""upi_transfer""}"
R003251,P215,P213,SUSPECTED_ASSOCIATE,0.57,2026-02-19T14:33:32,"{""context"": ""Indirect association noted as an analytical lead, not confirmed activity"", ""source_type"": ""informant_tip"", ""verified"": false}"
R003252,P175,P363,EMPLOYED_WITH,0.72,2026-05-09T08:47:20,"{""context"": ""Shared employment recorded"", ""source_type"": ""employment_record""}"
R003253,P402,PH089,MESSAGED,0.95,2025-07-19T04:17:15,"{""message_count"": 57, ""source_type"": ""communication_record""}"
R003254,P328,P324,MET,0.5,2025-03-10T13:36:05,"{""details"": ""Extended meeting recorded"", ""source_type"": ""surveillance"", ""verified"": false}"
R003255,P248,P049,LOCATED_WITH,0.56,2025-06-07T12:31:18,"{""observation_note"": ""Presence recorded at location"", ""source_type"": ""location_record""}"
R003256,P229,P262,EMPLOYED_WITH,0.87,2026-06-03T06:44:21,"{""context"": ""Shared employment recorded"", ""source_type"": ""employment_record""}"
R003257,P413,P417,EMPLOYED_WITH,0.94,2026-01-13T08:22:26,"{""context"": ""Shared employment recorded"", ""source_type"": ""employment_record""}"
R003258,P213,PH061,USED_PHONE,0.71,2026-02-26T12:31:38,"{""observation"": ""Device usage recorded"", ""source_type"": ""telecom_record""}"
R003259,P041,P047,SUSPECTED_ASSOCIATE,0.95,2026-06-01T08:47:42,"{""context"": ""Indirect association noted as an analytical lead, not confirmed activity"", ""source_type"": ""informant_tip"", ""verified"": false}"
R003260,P217,P224,MESSAGED,0.78,2025-05-04T10:23:45,"{""message_count"": 50, ""source_type"": ""communication_record""}"
R003261,P489,P481,CALLED,0.81,2025-11-05T10:08:45,"{""duration_seconds"": 2783, ""source_type"": ""call_record"", ""verified"": true}"
R003262,P155,P156,LOCATED_WITH,0.81,2026-03-28T02:31:37,"{""observation_note"": ""Presence recorded at location"", ""source_type"": ""location_record""}"
R003263,P280,P180,EMPLOYED_WITH,0.95,2026-03-08T07:04:11,"{""context"": ""Shared employment recorded"", ""source_type"": ""employment_record""}"
R003264,P367,ORG014,WORKS_FOR,0.94,2025-08-14T22:55:59,"{""role"": ""Contractor"", ""source_type"": ""employment_record""}"
R003265,P029,P045,LOCATED_WITH,0.92,2026-03-05T07:30:47,"{""observation_note"": ""Presence recorded at location"", ""source_type"": ""location_record""}"
R003266,P267,ORG057,WORKS_FOR,0.54,2025-09-30T13:36:06,"{""role"": ""Consultant"", ""source_type"": ""employment_record""}"
R003267,P217,LOC008,WORKS_AT,0.93,2025-08-28T12:25:51,"{""role"": ""Staff"", ""source_type"": ""employment_record""}"
R003268,P299,V068,TRAVELED_IN,0.63,2025-01-04T09:19:42,"{""trip_note"": ""Travel recorded together"", ""source_type"": ""field_report""}"
R003269,P453,V144,TRAVELED_IN,0.91,2025-05-21T13:05:50,"{""trip_note"": ""Travel recorded together"", ""source_type"": ""field_report""}"
R003270,P302,P306,MEMBER_OF,0.51,2026-05-12T16:14:57,"{""context"": ""Shared membership recorded"", ""source_type"": ""field_report""}"
R003271,P004,P001,PARTNER,0.82,2025-01-16T08:28:01,"{""relationship_note"": ""Partner relation recorded"", ""source_type"": ""public_record""}"
R003272,P102,P105,MESSAGED,0.51,2025-05-21T17:01:55,"{""message_count"": 44, ""source_type"": ""communication_record""}"
R003273,P309,ORG003,VISITED_ORG,0.96,2025-01-11T14:16:10,"{""duration_minutes"": 212, ""source_type"": ""location_record""}"
R003274,P215,P220,EMPLOYED_WITH,0.62,2025-05-15T04:29:59,"{""context"": ""Shared employment recorded"", ""source_type"": ""employment_record""}"
R003275,P494,ACC179,RECEIVED_FROM,0.9,2026-07-25T17:14:12,"{""amount"": 259927, ""currency"": ""INR"", ""transaction_type"": ""bank_transfer""}"
R003276,P143,LOC085,TRAVELED_TO,0.97,2026-08-16T08:38:35,"{""mode"": ""rail"", ""source_type"": ""travel_record""}"
R003277,P120,ORG093,VISITED_ORG,0.69,2026-06-11T20:13:46,"{""duration_minutes"": 236, ""source_type"": ""location_record""}"
R003278,P120,P109,PARTNER,0.82,2026-05-15T13:08:11,"{""relationship_note"": ""Partner relation recorded"", ""source_type"": ""public_record""}"
R003279,P415,P410,ASSOCIATED,0.92,2026-02-04T07:46:02,"{""context"": ""Indirect association noted as an analytical lead, not confirmed activity"", ""source_type"": ""informant_tip"", ""verified"": false}"
R003280,P303,PH107,MESSAGED,0.91,2025-10-02T07:38:06,"{""message_count"": 56, ""source_type"": ""communication_record""}"
R003281,P113,P123,FAMILY,0.73,2025-11-01T04:38:36,"{""relationship_note"": ""Partner relation recorded"", ""source_type"": ""public_record""}"
R003282,P092,P213,LOCATED_WITH,0.77,2026-01-30T11:48:11,"{""observation_note"": ""Presence recorded at location"", ""source_type"": ""location_record""}"
R003283,P143,PH187,CALLED,0.71,2026-05-19T23:01:43,"{""duration_seconds"": 2460, ""source_type"": ""call_record"", ""verified"": false}"
R003284,P013,ORG093,ASSOCIATED_WITH,0.89,2025-01-25T14:26:30,"{""context"": ""Indirect association noted as an analytical lead, not confirmed activity"", ""source_type"": ""informant_tip"", ""verified"": false}"
R003285,P014,P009,PARTNER,0.58,2025-02-16T06:31:42,"{""relationship_note"": ""Family relation recorded"", ""source_type"": ""public_record""}"
R003286,P485,P482,FAMILY,0.84,2025-06-03T01:43:14,"{""relationship_note"": ""Partner relation recorded"", ""source_type"": ""public_record""}"
R003287,P402,P410,MEMBER_OF,0.95,2026-07-28T10:59:05,"{""context"": ""Shared membership recorded"", ""source_type"": ""field_report""}"
R003288,P113,PH008,OWNS_PHONE,0.53,2026-06-17T12:58:40,"{""registration_status"": ""active"", ""source_type"": ""telecom_registry""}"
R003289,P464,P462,PARTNER,0.84,2026-03-11T06:16:43,"{""relationship_note"": ""Family relation recorded"", ""source_type"": ""public_record""}"
R003290,P456,P458,MET,0.93,2025-09-24T19:14:32,"{""details"": ""Meeting recorded at location"", ""source_type"": ""surveillance"", ""verified"": false}"
R003291,P328,P342,SUSPECTED_ASSOCIATE,0.91,2026-08-23T10:59:51,"{""context"": ""Indirect association noted as an analytical lead, not confirmed activity"", ""source_type"": ""informant_tip"", ""verified"": false}"
R003292,P215,P205,CALLED,0.78,2025-03-03T02:30:11,"{""duration_seconds"": 1140, ""source_type"": ""call_record"", ""verified"": true}"
R003293,P082,P098,MEMBER_OF,0.59,2025-05-24T10:08:10,"{""context"": ""Shared membership recorded"", ""source_type"": ""field_report""}"
R003294,P259,PH127,OWNS_PHONE,0.61,2025-03-28T05:22:01,"{""registration_status"": ""active"", ""source_type"": ""telecom_registry""}"
R003295,P141,P120,SUSPECTED_ASSOCIATE,0.98,2026-07-10T06:55:57,"{""context"": ""Indirect association noted as an analytical lead, not confirmed activity"", ""source_type"": ""informant_tip"", ""verified"": false}"
R003296,P288,LOC042,VISITED,0.55,2026-05-02T01:56:13,"{""duration_minutes"": 127, ""source_type"": ""location_record""}"
R003297,P396,PH081,CALLED,0.87,2025-08-25T11:06:22,"{""duration_seconds"": 915, ""source_type"": ""call_record"", ""verified"": false}"
R003298,P080,PH048,MESSAGED,0.77,2026-08-18T02:11:16,"{""message_count"": 28, ""source_type"": ""communication_record""}"
R003299,P187,P082,ASSOCIATED,0.66,2025-06-05T04:28:25,"{""context"": ""Indirect association noted as an analytical lead, not confirmed activity"", ""source_type"": ""informant_tip"", ""verified"": false}"
R003300,P004,P018,MESSAGED,0.82,2025-01-22T02:16:35,"{""message_count"": 101, ""source_type"": ""communication_record""}"
R003301,P216,P221,LOCATED_WITH,0.62,2026-04-03T14:39:12,"{""observation_note"": ""Presence recorded at location"", ""source_type"": ""location_record""}"
R003302,P295,LOC010,WORKS_AT,0.71,2025-07-02T10:19:10,"{""role"": ""Contractor"", ""source_type"": ""employment_record""}"
R003303,P014,ACC085,RECEIVED_FROM,0.85,2025-08-30T09:04:23,"{""amount"": 431205, ""currency"": ""INR"", ""transaction_type"": ""cash_deposit""}"
R003304,P220,ORG087,VISITED_ORG,0.89,2025-04-08T02:57:53,"{""duration_minutes"": 49, ""source_type"": ""location_record""}"
R003305,P369,ACC199,RECEIVED_FROM,0.76,2025-06-17T05:43:33,"{""amount"": 292032, ""currency"": ""INR"", ""transaction_type"": ""bank_transfer""}"
R003306,P311,P313,CALLED,0.62,2025-09-25T07:32:18,"{""duration_seconds"": 1234, ""source_type"": ""call_record"", ""verified"": false}"
R003307,P369,P383,MESSAGED,0.73,2026-06-12T19:12:22,"{""message_count"": 95, ""source_type"": ""communication_record""}"
R003308,P029,P036,MESSAGED,0.87,2025-12-29T09:16:35,"{""message_count"": 67, ""source_type"": ""communication_record""}"
R003309,P109,P139,TRAVELED_WITH,0.89,2026-08-27T08:14:48,"{""context"": ""Joint travel recorded"", ""source_type"": ""travel_record""}"
R003310,P318,ORG075,MEMBER_OF,0.74,2026-06-17T13:55:36,"{""context"": ""Shared membership recorded"", ""source_type"": ""field_report""}"
R003311,P212,P204,CALLED,0.96,2026-05-15T01:22:54,"{""duration_seconds"": 2492, ""source_type"": ""call_record"", ""verified"": true}"
R003312,P429,P432,PARTNER,0.91,2026-08-31T14:22:10,"{""relationship_note"": ""Family relation recorded"", ""source_type"": ""public_record""}"
R003313,P358,PH126,OWNS_PHONE,0.61,2025-03-06T18:20:19,"{""registration_status"": ""active"", ""source_type"": ""telecom_registry""}"
R003314,P291,PH064,OWNS_PHONE,0.69,2025-05-02T17:40:32,"{""registration_status"": ""active"", ""source_type"": ""telecom_registry""}"
R003315,P112,ORG059,VISITED_ORG,0.71,2025-09-08T07:25:04,"{""duration_minutes"": 128, ""source_type"": ""location_record""}"
R003316,P175,P169,PARTNER,0.74,2025-01-21T21:32:45,"{""relationship_note"": ""Partner relation recorded"", ""source_type"": ""public_record""}"
R003317,P180,PH051,OWNS_PHONE,0.53,2025-09-26T22:42:00,"{""registration_status"": ""active"", ""source_type"": ""telecom_registry""}"
R003318,P099,P121,MET,0.9,2025-02-09T16:55:00,"{""details"": ""Meeting recorded at location"", ""source_type"": ""surveillance"", ""verified"": false}"
R003319,P146,P127,ASSOCIATED,0.65,2025-01-27T13:48:59,"{""context"": ""Indirect association noted as an analytical lead, not confirmed activity"", ""source_type"": ""informant_tip"", ""verified"": false}"
R003320,P051,P066,EMPLOYED_WITH,0.63,2026-08-15T06:24:04,"{""context"": ""Shared employment recorded"", ""source_type"": ""employment_record""}"
R003321,P133,PH176,USED_PHONE,0.84,2026-07-13T07:53:55,"{""observation"": ""Device usage recorded"", ""source_type"": ""telecom_record""}"
R003322,P270,PH186,OWNS_PHONE,0.57,2025-08-20T03:37:06,"{""registration_status"": ""active"", ""source_type"": ""telecom_registry""}"
R003323,P051,LOC010,WORKS_AT,0.94,2026-02-25T18:05:08,"{""role"": ""Advisor"", ""source_type"": ""employment_record""}"
R003324,P029,PH193,USED_PHONE,0.65,2025-12-13T17:38:01,"{""observation"": ""Device usage recorded"", ""source_type"": ""telecom_record""}"
R003325,P070,P054,EMPLOYED_WITH,0.62,2026-03-21T17:37:46,"{""context"": ""Shared employment recorded"", ""source_type"": ""employment_record""}"
R003326,P374,PH045,CALLED,0.52,2025-05-12T07:29:15,"{""duration_seconds"": 2268, ""source_type"": ""call_record"", ""verified"": true}"
R003327,P259,PH186,MESSAGED,0.88,2025-03-01T15:36:23,"{""message_count"": 106, ""source_type"": ""communication_record""}"
R003328,P326,P347,ASSOCIATED,0.73,2025-01-08T00:28:22,"{""context"": ""Indirect association noted as an analytical lead, not confirmed activity"", ""source_type"": ""informant_tip"", ""verified"": false}"
R003329,P370,P372,LOCATED_WITH,0.85,2025-10-23T10:42:55,"{""observation_note"": ""Presence recorded at location"", ""source_type"": ""location_record""}"
R003330,P102,PH011,MESSAGED,0.51,2025-11-29T18:09:13,"{""message_count"": 34, ""source_type"": ""communication_record""}"
R003331,P464,P224,CALLED,0.63,2026-06-27T17:37:56,"{""duration_seconds"": 1510, ""source_type"": ""call_record"", ""verified"": true}"
R003332,P402,LOC042,WORKS_AT,0.55,2026-06-06T09:47:13,"{""role"": ""Manager"", ""source_type"": ""employment_record""}"
R003333,P113,P119,PARTNER,0.79,2026-02-15T22:53:02,"{""relationship_note"": ""Family relation recorded"", ""source_type"": ""public_record""}"
R003334,P175,PH094,CALLED,0.71,2026-05-15T02:35:58,"{""duration_seconds"": 1950, ""source_type"": ""call_record"", ""verified"": true}"
R003335,P192,PH030,CALLED,0.79,2025-09-25T06:48:30,"{""duration_seconds"": 1872, ""source_type"": ""call_record"", ""verified"": false}"
R003336,P328,P375,MEMBER_OF,0.75,2025-07-03T13:27:41,"{""context"": ""Shared membership recorded"", ""source_type"": ""field_report""}"
R003337,P288,V103,OWNS_VEHICLE,0.55,2025-11-27T14:49:21,"{""registration_status"": ""active"", ""source_type"": ""vehicle_registry""}"
R003338,P444,V113,USED_VEHICLE,0.77,2026-08-18T03:00:02,"{""observation"": ""Vehicle observed in use"", ""source_type"": ""CCTV""}"
R003339,P237,ACC118,RECEIVED_FROM,0.55,2025-10-17T03:20:29,"{""amount"": 285959, ""currency"": ""INR"", ""transaction_type"": ""upi_transfer""}"
R003340,P356,V056,OWNS_VEHICLE,0.84,2025-02-06T03:32:10,"{""registration_status"": ""active"", ""source_type"": ""vehicle_registry""}"
R003341,P318,ACC018,RECEIVED_FROM,0.65,2026-08-15T09:59:14,"{""amount"": 413355, ""currency"": ""INR"", ""transaction_type"": ""upi_transfer""}"
R003342,P216,ORG094,VISITED_ORG,0.61,2025-05-17T15:10:36,"{""duration_minutes"": 80, ""source_type"": ""location_record""}"
R003343,P384,ACC107,OWNS_ACCOUNT,0.88,2025-03-27T18:56:13,"{""account_status"": ""active"", ""source_type"": ""financial_registry""}"
R003344,P180,PH076,OWNS_PHONE,0.75,2025-05-16T05:45:12,"{""registration_status"": ""active"", ""source_type"": ""telecom_registry""}"
R003345,P004,P014,TRAVELED_WITH,0.78,2025-01-17T17:22:56,"{""context"": ""Joint travel recorded"", ""source_type"": ""travel_record""}"
R003346,P004,P017,MET,0.95,2025-01-19T04:00:20,"{""details"": ""Meeting recorded at location"", ""source_type"": ""surveillance"", ""verified"": false}"
R003347,P367,V148,OWNS_VEHICLE,0.98,2026-06-21T00:18:28,"{""registration_status"": ""active"", ""source_type"": ""vehicle_registry""}"
R003348,P487,V030,TRAVELED_IN,0.82,2025-04-23T14:22:40,"{""trip_note"": ""Travel recorded together"", ""source_type"": ""field_report""}"
R003349,P367,P353,EMPLOYED_WITH,0.58,2025-07-12T23:40:02,"{""context"": ""Shared employment recorded"", ""source_type"": ""employment_record""}"
R003350,P309,P320,MEMBER_OF,0.96,2025-12-20T09:45:14,"{""context"": ""Shared membership recorded"", ""source_type"": ""field_report""}"
R003351,P327,PH135,CALLED,0.8,2026-01-09T04:23:42,"{""duration_seconds"": 3251, ""source_type"": ""call_record"", ""verified"": false}"
R003352,P288,LOC058,TRAVELED_TO,0.81,2026-01-06T13:07:23,"{""mode"": ""road"", ""source_type"": ""travel_record""}"
R003353,P052,P065,CALLED,0.98,2025-04-15T17:15:42,"{""duration_seconds"": 1472, ""source_type"": ""call_record"", ""verified"": true}"
R003354,P280,P290,SUSPECTED_ASSOCIATE,0.71,2026-02-20T04:29:41,"{""context"": ""Indirect association noted as an analytical lead, not confirmed activity"", ""source_type"": ""informant_tip"", ""verified"": false}"
R003355,P413,P408,SUSPECTED_ASSOCIATE,0.7,2026-05-06T18:23:56,"{""context"": ""Indirect association noted as an analytical lead, not confirmed activity"", ""source_type"": ""informant_tip"", ""verified"": false}"
R003356,P229,LOC047,WORKS_AT,0.91,2025-05-11T14:47:05,"{""role"": ""Contractor"", ""source_type"": ""employment_record""}"
R003357,P051,LOC077,RESIDES_AT,0.65,2026-08-02T12:56:36,"{""since"": ""2025-11-15"", ""source_type"": ""registration_record""}"
R003358,P258,P268,TRAVELED_WITH,0.6,2026-03-12T09:28:42,"{""context"": ""Joint travel recorded"", ""source_type"": ""travel_record""}"
R003359,P309,LOC075,WORKS_AT,0.53,2026-07-06T21:11:22,"{""role"": ""Advisor"", ""source_type"": ""employment_record""}"
R003360,P056,ACC054,OWNS_ACCOUNT,0.82,2025-05-10T11:19:13,"{""account_status"": ""active"", ""source_type"": ""financial_registry""}"
R003361,P174,P173,EMPLOYED_WITH,0.69,2025-03-01T16:46:09,"{""context"": ""Shared employment recorded"", ""source_type"": ""employment_record""}"
R003362,P215,LOC016,LOCATED_AT,0.89,2026-06-21T18:09:49,"{""observation_note"": ""Presence recorded at location"", ""source_type"": ""location_record""}"
R003363,P158,P152,LOCATED_WITH,0.8,2026-01-01T05:17:00,"{""observation_note"": ""Presence recorded at location"", ""source_type"": ""location_record""}"
R003364,P175,P167,SUSPECTED_ASSOCIATE,0.75,2026-01-05T21:24:52,"{""context"": ""Indirect association noted as an analytical lead, not confirmed activity"", ""source_type"": ""informant_tip"", ""verified"": false}"
R003365,P437,P429,ASSOCIATED,0.92,2025-11-24T01:50:06,"{""context"": ""Indirect association noted as an analytical lead, not confirmed activity"", ""source_type"": ""informant_tip"", ""verified"": false}"
R003366,PH083,PH199,COMMUNICATED_WITH,0.97,2025-06-19T04:35:39,"{""contact_count"": 44, ""source_type"": ""telecom_record""}"
R003367,P333,P344,CALLED,0.53,2025-07-31T12:34:54,"{""duration_seconds"": 3042, ""source_type"": ""call_record"", ""verified"": false}"
R003368,P426,LOC014,LOCATED_AT,0.9,2025-11-23T23:29:01,"{""observation_note"": ""Presence recorded at location"", ""source_type"": ""location_record""}"
R003369,PH010,PH032,COMMUNICATED_WITH,0.84,2026-07-03T21:15:14,"{""contact_count"": 51, ""source_type"": ""telecom_record""}"
R003370,P051,P100,FAMILY,0.66,2026-04-10T15:53:33,"{""relationship_note"": ""Family relation recorded"", ""source_type"": ""public_record""}"
R003371,P004,P017,MET,0.76,2025-06-19T00:52:51,"{""details"": ""Extended meeting recorded"", ""source_type"": ""surveillance"", ""verified"": false}"
R003372,P311,V110,OWNS_VEHICLE,0.84,2026-04-28T22:29:27,"{""registration_status"": ""active"", ""source_type"": ""vehicle_registry""}"
R003373,P302,P014,TRAVELED_WITH,0.8,2026-03-26T22:50:19,"{""context"": ""Joint travel recorded"", ""source_type"": ""travel_record""}"
R003374,P228,ORG082,WORKS_FOR,0.88,2026-06-30T17:45:09,"{""role"": ""Manager"", ""source_type"": ""employment_record""}"
R003375,P253,P258,CALLED,0.8,2026-08-14T15:31:47,"{""duration_seconds"": 801, ""source_type"": ""call_record"", ""verified"": false}"
R003376,P029,P070,MESSAGED,0.64,2026-01-07T10:38:57,"{""message_count"": 3, ""source_type"": ""communication_record""}"
R003377,P077,V044,USED_VEHICLE,0.82,2025-05-21T00:17:03,"{""observation"": ""Vehicle observed in use"", ""source_type"": ""CCTV""}"
R003378,P328,V135,OWNS_VEHICLE,0.93,2025-07-30T00:06:53,"{""registration_status"": ""active"", ""source_type"": ""vehicle_registry""}"
R003379,P215,LOC032,VISITED,0.59,2025-06-28T06:49:34,"{""duration_minutes"": 65, ""source_type"": ""location_record""}"
R003380,P070,P054,MET,0.64,2025-08-28T15:37:25,"{""details"": ""Meeting recorded at location"", ""source_type"": ""surveillance"", ""verified"": false}"
R003381,P088,V008,USED_VEHICLE,0.58,2026-03-06T07:56:56,"{""observation"": ""Vehicle observed in use"", ""source_type"": ""CCTV""}"
R003382,P369,P259,PARTNER,0.7,2026-08-09T14:25:03,"{""relationship_note"": ""Family relation recorded"", ""source_type"": ""public_record""}"
R003383,P004,P017,TRAVELED_WITH,0.8,2025-01-15T20:28:46,"{""context"": ""Joint travel recorded"", ""source_type"": ""travel_record""}"
R003384,P229,PH082,USED_PHONE,0.65,2025-02-20T10:49:24,"{""observation"": ""Device usage recorded"", ""source_type"": ""telecom_record""}"
R003385,P490,PH176,CALLED,0.81,2025-08-22T01:55:57,"{""duration_seconds"": 243, ""source_type"": ""call_record"", ""verified"": true}"
R003386,P369,P382,SUSPECTED_ASSOCIATE,0.66,2025-03-01T02:28:54,"{""context"": ""Indirect association noted as an analytical lead, not confirmed activity"", ""source_type"": ""informant_tip"", ""verified"": false}"
R003387,P099,P081,LOCATED_WITH,0.69,2026-08-06T00:52:35,"{""observation_note"": ""Presence recorded at location"", ""source_type"": ""location_record""}"
R003388,P215,P206,SUSPECTED_ASSOCIATE,0.61,2026-03-29T21:30:40,"{""context"": ""Indirect association noted as an analytical lead, not confirmed activity"", ""source_type"": ""informant_tip"", ""verified"": false}"
R003389,P402,P419,LOCATED_WITH,0.59,2025-03-14T10:41:19,"{""observation_note"": ""Presence recorded at location"", ""source_type"": ""location_record""}"
R003390,P369,PH079,USED_PHONE,0.56,2026-04-28T10:21:22,"{""observation"": ""Device usage recorded"", ""source_type"": ""telecom_record""}"
R003391,P003,PH109,CALLED,0.83,2025-04-26T13:45:49,"{""duration_seconds"": 2113, ""source_type"": ""call_record"", ""verified"": true}"
R003392,P324,P308,ASSOCIATED,0.68,2026-06-02T09:03:39,"{""context"": ""Indirect association noted as an analytical lead, not confirmed activity"", ""source_type"": ""informant_tip"", ""verified"": false}"
R003393,P217,ACC157,TRANSACTION_WITH,0.62,2026-07-27T21:26:37,"{""amount"": 20046, ""currency"": ""INR"", ""transaction_type"": ""upi_transfer""}"
R003394,P099,V064,USED_VEHICLE,0.86,2025-10-09T03:38:04,"{""observation"": ""Vehicle observed in use"", ""source_type"": ""CCTV""}"
R003395,P169,P157,MESSAGED,0.91,2026-04-27T17:46:44,"{""message_count"": 148, ""source_type"": ""communication_record""}"
R003396,P299,ORG062,ASSOCIATED_WITH,0.91,2025-05-07T16:12:11,"{""context"": ""Indirect association noted as an analytical lead, not confirmed activity"", ""source_type"": ""informant_tip"", ""verified"": false}"
R003397,P385,ORG078,VISITED_ORG,0.93,2025-07-13T04:49:29,"{""duration_minutes"": 113, ""source_type"": ""location_record""}"
R003398,P259,P269,PARTNER,0.5,2025-01-06T19:34:30,"{""relationship_note"": ""Partner relation recorded"", ""source_type"": ""public_record""}"
R003399,P109,P135,TRAVELED_WITH,0.83,2026-05-19T15:41:35,"{""context"": ""Joint travel recorded"", ""source_type"": ""travel_record""}"
R003400,P309,P322,EMPLOYED_WITH,0.92,2025-12-12T21:39:05,"{""context"": ""Shared employment recorded"", ""source_type"": ""employment_record""}"
R003401,P038,LOC034,VISITED,0.8,2026-03-30T19:03:41,"{""duration_minutes"": 237, ""source_type"": ""location_record""}"
R003402,P120,P341,ASSOCIATED,0.55,2025-01-21T10:34:55,"{""context"": ""Indirect association noted as an analytical lead, not confirmed activity"", ""source_type"": ""informant_tip"", ""verified"": false}"
R003403,P158,P153,EMPLOYED_WITH,0.75,2025-10-06T10:51:38,"{""context"": ""Shared employment recorded"", ""source_type"": ""employment_record""}"
R003404,P186,ACC170,OWNS_ACCOUNT,0.64,2026-06-18T00:09:38,"{""account_status"": ""active"", ""source_type"": ""financial_registry""}"
R003405,P133,P162,SUSPECTED_ASSOCIATE,0.81,2026-07-16T17:30:32,"{""context"": ""Indirect association noted as an analytical lead, not confirmed activity"", ""source_type"": ""informant_tip"", ""verified"": false}"
R003406,P413,P410,PARTNER,0.87,2026-02-06T15:52:11,"{""relationship_note"": ""Family relation recorded"", ""source_type"": ""public_record""}"
R003407,P213,PH182,MESSAGED,0.78,2026-08-31T00:57:30,"{""message_count"": 59, ""source_type"": ""communication_record""}"
R003408,P182,P186,MET,0.63,2025-08-30T10:58:29,"{""details"": ""Meeting recorded at location"", ""source_type"": ""surveillance"", ""verified"": false}"
R003409,P426,P430,TRAVELED_WITH,0.52,2026-07-01T01:01:02,"{""context"": ""Joint travel recorded"", ""source_type"": ""travel_record""}"
R003410,P272,P499,SUSPECTED_ASSOCIATE,0.58,2025-02-13T06:16:04,"{""context"": ""Indirect association noted as an analytical lead, not confirmed activity"", ""source_type"": ""informant_tip"", ""verified"": false}"
R003411,P029,P075,TRAVELED_WITH,0.82,2025-08-22T16:20:03,"{""context"": ""Joint travel recorded"", ""source_type"": ""travel_record""}"
R003412,P413,P407,EMPLOYED_WITH,0.67,2026-08-13T07:57:21,"{""context"": ""Shared employment recorded"", ""source_type"": ""employment_record""}"
R003413,P405,P419,MET,0.79,2025-03-07T16:41:16,"{""details"": ""Meeting recorded at location"", ""source_type"": ""surveillance"", ""verified"": true}"
R003414,P413,P424,SUSPECTED_ASSOCIATE,0.67,2025-08-17T07:32:53,"{""context"": ""Indirect association noted as an analytical lead, not confirmed activity"", ""source_type"": ""informant_tip"", ""verified"": false}"
R003415,P189,P177,MET,0.61,2026-01-04T19:48:39,"{""details"": ""Brief meeting observed"", ""source_type"": ""surveillance"", ""verified"": false}"
R003416,P369,P399,FAMILY,0.61,2026-04-08T06:05:29,"{""relationship_note"": ""Family relation recorded"", ""source_type"": ""public_record""}"
R003417,P112,PH113,USED_PHONE,0.83,2025-04-27T22:15:15,"{""observation"": ""Device usage recorded"", ""source_type"": ""telecom_record""}"
R003418,P112,P116,MET,0.92,2026-07-09T15:07:31,"{""details"": ""Brief meeting observed"", ""source_type"": ""surveillance"", ""verified"": false}"
R003419,P421,ORG050,VISITED_ORG,0.62,2025-05-15T10:03:35,"{""duration_minutes"": 105, ""source_type"": ""location_record""}"
R003420,P426,P446,MET,0.74,2025-09-01T05:45:27,"{""details"": ""Brief meeting observed"", ""source_type"": ""surveillance"", ""verified"": false}"
R003421,P311,PH074,CALLED,0.91,2026-06-16T09:15:46,"{""duration_seconds"": 2934, ""source_type"": ""call_record"", ""verified"": false}"
R003422,P227,P226,ASSOCIATED,0.88,2025-10-03T01:40:40,"{""context"": ""Indirect association noted as an analytical lead, not confirmed activity"", ""source_type"": ""informant_tip"", ""verified"": false}"
R003423,P259,P263,EMPLOYED_WITH,0.79,2025-01-02T09:22:15,"{""context"": ""Shared employment recorded"", ""source_type"": ""employment_record""}"
R003424,P312,P325,CALLED,0.6,2025-08-20T12:00:34,"{""duration_seconds"": 3197, ""source_type"": ""call_record"", ""verified"": true}"
R003425,P309,P310,MET,0.89,2026-04-02T23:50:08,"{""details"": ""Brief meeting observed"", ""source_type"": ""surveillance"", ""verified"": false}"
R003426,P139,P133,MESSAGED,0.97,2026-01-29T05:00:34,"{""message_count"": 86, ""source_type"": ""communication_record""}"
R003427,P118,PH047,CALLED,0.95,2025-11-25T07:04:24,"{""duration_seconds"": 3557, ""source_type"": ""call_record"", ""verified"": true}"
R003428,P304,ACC172,OWNS_ACCOUNT,0.87,2025-11-30T20:44:52,"{""account_status"": ""active"", ""source_type"": ""financial_registry""}"
R003429,P229,ORG074,ASSOCIATED_WITH,0.86,2025-01-29T14:21:32,"{""context"": ""Indirect association noted as an analytical lead, not confirmed activity"", ""source_type"": ""informant_tip"", ""verified"": false}"
R003430,P288,P287,ASSOCIATED,0.54,2026-07-26T08:48:24,"{""context"": ""Indirect association noted as an analytical lead, not confirmed activity"", ""source_type"": ""informant_tip"", ""verified"": false}"
R003431,P401,PH021,MESSAGED,0.54,2026-08-18T11:46:40,"{""message_count"": 27, ""source_type"": ""communication_record""}"
R003432,P360,PH115,USED_PHONE,0.89,2025-09-05T05:11:54,"{""observation"": ""Device usage recorded"", ""source_type"": ""telecom_record""}"
R003433,P143,P128,CALLED,0.7,2025-11-28T04:23:48,"{""duration_seconds"": 2009, ""source_type"": ""call_record"", ""verified"": true}"
R003434,P320,P401,LOCATED_WITH,0.57,2025-12-25T12:04:11,"{""observation_note"": ""Presence recorded at location"", ""source_type"": ""location_record""}"
R003435,P337,PH095,CALLED,0.7,2026-07-30T01:34:23,"{""duration_seconds"": 2474, ""source_type"": ""call_record"", ""verified"": false}"
R003436,P182,P186,LOCATED_WITH,0.61,2026-05-14T13:57:19,"{""observation_note"": ""Presence recorded at location"", ""source_type"": ""location_record""}"
R003437,P102,P111,MESSAGED,0.65,2026-07-22T00:05:35,"{""message_count"": 124, ""source_type"": ""communication_record""}"
R003438,P099,PH040,MESSAGED,0.53,2026-04-30T00:12:13,"{""message_count"": 15, ""source_type"": ""communication_record""}"
R003439,P180,P210,CALLED,0.79,2026-06-17T17:48:10,"{""duration_seconds"": 384, ""source_type"": ""call_record"", ""verified"": false}"
R003440,P120,P110,TRAVELED_WITH,0.5,2026-07-30T06:42:28,"{""context"": ""Joint travel recorded"", ""source_type"": ""travel_record""}"
R003441,P413,P410,FAMILY,0.93,2025-07-23T20:31:38,"{""relationship_note"": ""Family relation recorded"", ""source_type"": ""public_record""}"
R003442,P309,ORG046,VISITED_ORG,0.99,2025-06-25T11:38:35,"{""duration_minutes"": 142, ""source_type"": ""location_record""}"
R003443,P215,ORG064,VISITED_ORG,0.73,2026-06-14T16:37:46,"{""duration_minutes"": 29, ""source_type"": ""location_record""}"
R003444,P082,P096,PARTNER,0.57,2025-06-08T02:33:16,"{""relationship_note"": ""Partner relation recorded"", ""source_type"": ""public_record""}"
R003445,P031,P046,PARTNER,0.88,2025-11-21T23:41:32,"{""relationship_note"": ""Partner relation recorded"", ""source_type"": ""public_record""}"
R003446,P231,PH155,OWNS_PHONE,0.66,2026-06-23T20:44:39,"{""registration_status"": ""active"", ""source_type"": ""telecom_registry""}"
R003447,P388,ORG067,WORKS_FOR,0.65,2026-04-27T11:20:22,"{""role"": ""Consultant"", ""source_type"": ""employment_record""}"
R003448,P158,ORG067,VISITED_ORG,0.91,2026-03-07T07:19:08,"{""duration_minutes"": 226, ""source_type"": ""location_record""}"
R003449,P099,P079,PARTNER,0.65,2025-12-24T20:21:36,"{""relationship_note"": ""Family relation recorded"", ""source_type"": ""public_record""}"
R003450,P493,P029,MET,0.69,2026-07-11T12:05:42,"{""details"": ""Brief meeting observed"", ""source_type"": ""surveillance"", ""verified"": true}"
R003451,P435,V027,USED_VEHICLE,0.84,2025-05-15T09:52:28,"{""observation"": ""Vehicle observed in use"", ""source_type"": ""CCTV""}"
R003452,P359,ORG031,VISITED_ORG,0.98,2026-03-23T00:29:03,"{""duration_minutes"": 221, ""source_type"": ""location_record""}"
R003453,P259,P257,CALLED,0.99,2026-04-02T10:12:00,"{""duration_seconds"": 1226, ""source_type"": ""call_record"", ""verified"": false}"
R003454,P309,P302,CALLED,0.66,2025-07-13T18:14:42,"{""duration_seconds"": 174, ""source_type"": ""call_record"", ""verified"": true}"
R003455,P158,P195,FAMILY,0.83,2025-08-27T16:42:28,"{""relationship_note"": ""Family relation recorded"", ""source_type"": ""public_record""}"
R003456,P175,ORG071,VISITED_ORG,0.65,2026-04-24T22:58:56,"{""duration_minutes"": 201, ""source_type"": ""location_record""}"
R003457,P333,P336,EMPLOYED_WITH,0.93,2025-12-21T15:59:09,"{""context"": ""Shared employment recorded"", ""source_type"": ""employment_record""}"
R003458,P051,P095,MESSAGED,0.79,2026-03-10T16:37:03,"{""message_count"": 88, ""source_type"": ""communication_record""}"
R003459,P309,P360,FAMILY,0.69,2025-12-22T12:02:24,"{""relationship_note"": ""Family relation recorded"", ""source_type"": ""public_record""}"
R003460,P093,P100,TRAVELED_WITH,0.76,2026-08-09T11:01:08,"{""context"": ""Joint travel recorded"", ""source_type"": ""travel_record""}"
R003461,P037,P038,MESSAGED,0.7,2026-01-27T01:08:01,"{""message_count"": 98, ""source_type"": ""communication_record""}"
R003462,P453,LOC004,RESIDES_AT,0.76,2026-03-18T13:14:57,"{""since"": ""2026-05-06"", ""source_type"": ""registration_record""}"
R003463,P004,P006,CALLED,0.81,2026-03-22T00:17:11,"{""duration_seconds"": 2610, ""source_type"": ""call_record"", ""verified"": false}"
R003464,P224,P206,MESSAGED,0.52,2026-08-14T08:36:29,"{""message_count"": 119, ""source_type"": ""communication_record""}"
R003465,P301,ORG095,ASSOCIATED_WITH,0.56,2025-07-27T15:25:04,"{""context"": ""Indirect association noted as an analytical lead, not confirmed activity"", ""source_type"": ""informant_tip"", ""verified"": false}"
R003466,P448,LOC019,RESIDES_AT,0.8,2026-03-09T05:55:56,"{""since"": ""2025-03-10"", ""source_type"": ""registration_record""}"
R003467,P367,P453,MET,0.89,2025-07-11T13:09:34,"{""details"": ""Meeting recorded at location"", ""source_type"": ""surveillance"", ""verified"": false}"
R003468,P215,P210,MESSAGED,0.63,2025-05-15T18:19:16,"{""message_count"": 103, ""source_type"": ""communication_record""}"
R003469,P018,PH149,CALLED,0.51,2026-04-17T11:03:39,"{""duration_seconds"": 3581, ""source_type"": ""call_record"", ""verified"": true}"
R003470,P217,PH177,CALLED,0.63,2026-07-20T23:31:29,"{""duration_seconds"": 159, ""source_type"": ""call_record"", ""verified"": true}"
R003471,P217,ORG018,ASSOCIATED_WITH,0.61,2025-09-13T17:16:17,"{""context"": ""Indirect association noted as an analytical lead, not confirmed activity"", ""source_type"": ""informant_tip"", ""verified"": false}"
R003472,P222,P174,TRAVELED_WITH,0.95,2026-02-17T07:37:59,"{""context"": ""Joint travel recorded"", ""source_type"": ""travel_record""}"
R003473,P109,PH169,OWNS_PHONE,0.97,2025-07-04T14:12:36,"{""registration_status"": ""active"", ""source_type"": ""telecom_registry""}"
R003474,P012,P004,MESSAGED,0.93,2025-04-10T09:39:47,"{""message_count"": 143, ""source_type"": ""communication_record""}"
R003475,P133,P128,MEMBER_OF,0.8,2025-08-06T01:10:48,"{""context"": ""Shared membership recorded"", ""source_type"": ""field_report""}"
R003476,P362,P368,ASSOCIATED,0.99,2025-01-13T22:52:09,"{""context"": ""Indirect association noted as an analytical lead, not confirmed activity"", ""source_type"": ""informant_tip"", ""verified"": false}"
R003477,P344,P328,TRAVELED_WITH,0.87,2025-07-10T23:45:24,"{""context"": ""Joint travel recorded"", ""source_type"": ""travel_record""}"
R003478,P113,P119,MET,0.68,2026-03-14T13:45:00,"{""details"": ""Meeting recorded at location"", ""source_type"": ""surveillance"", ""verified"": false}"
R003479,P158,P197,MET,0.74,2026-05-12T19:05:46,"{""details"": ""Extended meeting recorded"", ""source_type"": ""surveillance"", ""verified"": false}"
R003480,P389,ORG068,VISITED_ORG,0.87,2026-08-13T15:22:48,"{""duration_minutes"": 110, ""source_type"": ""location_record""}"
R003481,P328,LOC020,RESIDES_AT,0.79,2025-09-15T15:52:14,"{""since"": ""2025-05-10"", ""source_type"": ""registration_record""}"
R003482,P102,P259,SUSPECTED_ASSOCIATE,0.76,2026-05-31T09:08:52,"{""context"": ""Indirect association noted as an analytical lead, not confirmed activity"", ""source_type"": ""informant_tip"", ""verified"": false}"
R003483,P086,P077,CALLED,0.75,2026-08-17T08:54:21,"{""duration_seconds"": 1419, ""source_type"": ""call_record"", ""verified"": false}"
R003484,P215,P309,SUSPECTED_ASSOCIATE,0.8,2025-08-20T11:36:29,"{""context"": ""Indirect association noted as an analytical lead, not confirmed activity"", ""source_type"": ""informant_tip"", ""verified"": false}"
R003485,P471,P469,TRAVELED_WITH,0.78,2025-09-09T14:49:26,"{""context"": ""Joint travel recorded"", ""source_type"": ""travel_record""}"
R003486,P109,P158,ASSOCIATED,0.66,2025-03-03T15:10:49,"{""context"": ""Indirect association noted as an analytical lead, not confirmed activity"", ""source_type"": ""informant_tip"", ""verified"": false}"
R003487,P133,PH182,MESSAGED,0.72,2026-01-26T15:35:59,"{""message_count"": 71, ""source_type"": ""communication_record""}"
R003488,P139,P148,CALLED,0.95,2026-06-17T16:49:14,"{""duration_seconds"": 1770, ""source_type"": ""call_record"", ""verified"": false}"
R003489,P225,P026,SUSPECTED_ASSOCIATE,0.71,2025-04-04T10:33:38,"{""context"": ""Indirect association noted as an analytical lead, not confirmed activity"", ""source_type"": ""informant_tip"", ""verified"": false}"
R003490,P369,P387,LOCATED_WITH,0.71,2025-07-28T07:59:54,"{""observation_note"": ""Presence recorded at location"", ""source_type"": ""location_record""}"
R003491,P220,ORG077,VISITED_ORG,0.71,2026-04-20T20:53:58,"{""duration_minutes"": 189, ""source_type"": ""location_record""}"
R003492,P175,P156,LOCATED_WITH,0.55,2025-02-08T16:43:08,"{""observation_note"": ""Presence recorded at location"", ""source_type"": ""location_record""}"
R003493,P360,LOC042,VISITED,0.78,2025-01-30T05:38:40,"{""duration_minutes"": 171, ""source_type"": ""location_record""}"
R003494,P082,PH135,CALLED,0.64,2025-05-15T00:36:05,"{""duration_seconds"": 2232, ""source_type"": ""call_record"", ""verified"": true}"
R003495,P183,P195,LOCATED_WITH,0.88,2026-05-30T19:49:57,"{""observation_note"": ""Presence recorded at location"", ""source_type"": ""location_record""}"
R003496,P383,P468,MET,0.89,2026-06-24T04:02:24,"{""details"": ""Meeting recorded at location"", ""source_type"": ""surveillance"", ""verified"": false}"
R003497,P218,P217,PARTNER,0.98,2025-02-25T21:58:51,"{""relationship_note"": ""Partner relation recorded"", ""source_type"": ""public_record""}"
R003498,P215,P208,PARTNER,0.94,2025-09-26T16:25:35,"{""relationship_note"": ""Family relation recorded"", ""source_type"": ""public_record""}"
R003499,P412,PH192,MESSAGED,0.9,2025-12-06T18:04:14,"{""message_count"": 104, ""source_type"": ""communication_record""}"
R003500,P080,PH162,MESSAGED,0.66,2025-04-18T00:31:10,"{""message_count"": 53, ""source_type"": ""communication_record""}"
R003501,P028,P031,FAMILY,0.9,2026-06-26T04:37:16,"{""relationship_note"": ""Partner relation recorded"", ""source_type"": ""public_record""}"
R003502,P309,P453,SUSPECTED_ASSOCIATE,0.85,2025-12-22T09:04:32,"{""context"": ""Indirect association noted as an analytical lead, not confirmed activity"", ""source_type"": ""informant_tip"", ""verified"": false}"
R003503,P278,LOC003,LOCATED_AT,0.83,2026-05-20T02:23:07,"{""observation_note"": ""Presence recorded at location"", ""source_type"": ""location_record""}"
R003504,P175,P164,TRAVELED_WITH,0.59,2025-09-06T13:42:34,"{""context"": ""Joint travel recorded"", ""source_type"": ""travel_record""}"
R003505,P309,P325,PARTNER,0.72,2026-04-17T17:38:12,"{""relationship_note"": ""Family relation recorded"", ""source_type"": ""public_record""}"
R003506,P318,LOC073,VISITED,0.84,2025-09-24T17:19:33,"{""duration_minutes"": 30, ""source_type"": ""location_record""}"
R003507,P230,PH095,MESSAGED,0.53,2025-02-20T05:36:44,"{""message_count"": 147, ""source_type"": ""communication_record""}"
R003508,P050,PH079,CALLED,0.8,2025-08-04T09:55:56,"{""duration_seconds"": 691, ""source_type"": ""call_record"", ""verified"": false}"
R003509,P302,P323,EMPLOYED_WITH,0.75,2025-03-19T21:55:07,"{""context"": ""Shared employment recorded"", ""source_type"": ""employment_record""}"
R003510,P132,PH114,MESSAGED,0.71,2026-05-30T22:32:13,"{""message_count"": 98, ""source_type"": ""communication_record""}"
R003511,P230,LOC047,VISITED,0.66,2026-03-29T07:46:14,"{""duration_minutes"": 190, ""source_type"": ""location_record""}"
R003512,P309,PH079,USED_PHONE,0.61,2026-05-19T19:33:59,"{""observation"": ""Device usage recorded"", ""source_type"": ""telecom_record""}"
R003513,P318,V027,USED_VEHICLE,0.66,2026-02-22T03:12:56,"{""observation"": ""Vehicle observed in use"", ""source_type"": ""CCTV""}"
R003514,P352,P360,MESSAGED,0.92,2026-03-14T19:42:23,"{""message_count"": 14, ""source_type"": ""communication_record""}"
R003515,P055,P070,ASSOCIATED,0.56,2026-06-23T23:51:35,"{""context"": ""Indirect association noted as an analytical lead, not confirmed activity"", ""source_type"": ""informant_tip"", ""verified"": false}"
R003516,P175,P157,CALLED,0.73,2025-02-07T01:54:48,"{""duration_seconds"": 3532, ""source_type"": ""call_record"", ""verified"": true}"
R003517,P113,V019,USED_VEHICLE,0.9,2026-04-23T08:15:27,"{""observation"": ""Vehicle observed in use"", ""source_type"": ""CCTV""}"
R003518,P078,PH091,MESSAGED,0.96,2026-06-24T05:28:01,"{""message_count"": 120, ""source_type"": ""communication_record""}"
R003519,P120,ACC058,TRANSACTION_WITH,0.67,2025-09-19T13:46:55,"{""amount"": 340321, ""currency"": ""INR"", ""transaction_type"": ""upi_transfer""}"
R003520,P309,P321,TRAVELED_WITH,0.57,2025-11-02T15:31:08,"{""context"": ""Joint travel recorded"", ""source_type"": ""travel_record""}"
R003521,P464,ORG045,ASSOCIATED_WITH,0.77,2026-02-21T15:20:42,"{""context"": ""Indirect association noted as an analytical lead, not confirmed activity"", ""source_type"": ""informant_tip"", ""verified"": false}"
R003522,P369,LOC045,WORKS_AT,0.74,2026-06-08T15:05:12,"{""role"": ""Advisor"", ""source_type"": ""employment_record""}"
R003523,P051,P077,PARTNER,0.94,2026-01-14T21:14:05,"{""relationship_note"": ""Partner relation recorded"", ""source_type"": ""public_record""}"
R003524,P215,PH062,USED_PHONE,0.6,2025-04-02T07:26:09,"{""observation"": ""Device usage recorded"", ""source_type"": ""telecom_record""}"
R003525,P224,V077,USED_VEHICLE,0.51,2026-05-11T14:44:28,"{""observation"": ""Vehicle observed in use"", ""source_type"": ""CCTV""}"
R003526,P224,P209,LOCATED_WITH,0.74,2025-11-08T00:52:34,"{""observation_note"": ""Presence recorded at location"", ""source_type"": ""location_record""}"
R003527,P068,P061,ASSOCIATED,0.99,2026-07-14T12:33:47,"{""context"": ""Indirect association noted as an analytical lead, not confirmed activity"", ""source_type"": ""informant_tip"", ""verified"": false}"
R003528,P180,P177,MEMBER_OF,0.9,2026-06-28T18:08:11,"{""context"": ""Shared membership recorded"", ""source_type"": ""field_report""}"
R003529,P327,P328,MEMBER_OF,0.71,2025-03-02T10:54:49,"{""context"": ""Shared membership recorded"", ""source_type"": ""field_report""}"
R003530,P309,P317,MEMBER_OF,0.84,2025-10-25T15:41:38,"{""context"": ""Shared membership recorded"", ""source_type"": ""field_report""}"
R003531,P051,P089,PARTNER,0.68,2026-02-15T21:18:48,"{""relationship_note"": ""Family relation recorded"", ""source_type"": ""public_record""}"
R003532,P224,PH174,MESSAGED,0.62,2026-08-22T13:57:55,"{""message_count"": 51, ""source_type"": ""communication_record""}"
R003533,P180,LOC087,LOCATED_AT,0.89,2026-01-14T02:44:27,"{""observation_note"": ""Presence recorded at location"", ""source_type"": ""location_record""}"
R003534,P021,V015,USED_VEHICLE,0.72,2026-04-07T15:25:08,"{""observation"": ""Vehicle observed in use"", ""source_type"": ""CCTV""}"
R003535,P039,P037,ASSOCIATED,0.87,2026-02-23T03:12:53,"{""context"": ""Indirect association noted as an analytical lead, not confirmed activity"", ""source_type"": ""informant_tip"", ""verified"": false}"
R003536,P102,PH155,CALLED,0.73,2025-02-27T19:06:54,"{""duration_seconds"": 3526, ""source_type"": ""call_record"", ""verified"": false}"
R003537,P112,P123,FAMILY,0.65,2026-05-09T09:58:20,"{""relationship_note"": ""Partner relation recorded"", ""source_type"": ""public_record""}"
R003538,P415,P323,FAMILY,0.68,2025-12-04T13:34:32,"{""relationship_note"": ""Partner relation recorded"", ""source_type"": ""public_record""}"
R003539,P192,LOC004,LOCATED_AT,0.75,2026-03-12T12:34:31,"{""observation_note"": ""Presence recorded at location"", ""source_type"": ""location_record""}"
R003540,P453,ACC172,TRANSFERRED_TO,0.7,2025-09-24T04:29:12,"{""amount"": 470747, ""currency"": ""INR"", ""transaction_type"": ""upi_transfer""}"
R003541,P082,LOC065,VISITED,0.92,2025-07-25T09:04:53,"{""duration_minutes"": 138, ""source_type"": ""location_record""}"
R003542,P158,P172,CALLED,0.97,2026-03-30T01:00:53,"{""duration_seconds"": 3278, ""source_type"": ""call_record"", ""verified"": true}"
R003543,P413,P403,SUSPECTED_ASSOCIATE,0.79,2026-05-02T17:05:56,"{""context"": ""Indirect association noted as an analytical lead, not confirmed activity"", ""source_type"": ""informant_tip"", ""verified"": false}"
R003544,P385,LOC019,WORKS_AT,0.91,2026-03-01T12:30:33,"{""role"": ""Advisor"", ""source_type"": ""employment_record""}"
R003545,P224,ORG034,ASSOCIATED_WITH,0.81,2025-11-03T06:33:13,"{""context"": ""Indirect association noted as an analytical lead, not confirmed activity"", ""source_type"": ""informant_tip"", ""verified"": false}"
R003546,P328,P360,ASSOCIATED,0.55,2025-10-17T04:12:12,"{""context"": ""Indirect association noted as an analytical lead, not confirmed activity"", ""source_type"": ""informant_tip"", ""verified"": false}"
R003547,P367,P353,TRAVELED_WITH,0.95,2026-08-23T23:47:55,"{""context"": ""Joint travel recorded"", ""source_type"": ""travel_record""}"
R003548,P022,P021,SUSPECTED_ASSOCIATE,0.55,2025-01-15T04:57:21,"{""context"": ""Indirect association noted as an analytical lead, not confirmed activity"", ""source_type"": ""informant_tip"", ""verified"": false}"
R003549,P369,P359,EMPLOYED_WITH,0.96,2025-12-12T07:11:00,"{""context"": ""Shared employment recorded"", ""source_type"": ""employment_record""}"
R003550,P453,P492,MESSAGED,0.62,2026-06-05T23:53:08,"{""message_count"": 69, ""source_type"": ""communication_record""}"
R003551,P102,ACC044,OWNS_ACCOUNT,0.77,2025-03-17T16:31:25,"{""account_status"": ""active"", ""source_type"": ""financial_registry""}"
R003552,P002,ORG062,MEMBER_OF,0.93,2025-01-09T20:50:43,"{""context"": ""Shared membership recorded"", ""source_type"": ""field_report""}"
R003553,P021,P014,MEMBER_OF,0.74,2025-08-15T02:07:19,"{""context"": ""Shared membership recorded"", ""source_type"": ""field_report""}"
R003554,P367,P374,ASSOCIATED,0.81,2026-04-06T10:31:10,"{""context"": ""Indirect association noted as an analytical lead, not confirmed activity"", ""source_type"": ""informant_tip"", ""verified"": false}"
R003555,P328,P365,MEMBER_OF,0.91,2025-03-14T20:43:44,"{""context"": ""Shared membership recorded"", ""source_type"": ""field_report""}"
R003556,P367,P360,SUSPECTED_ASSOCIATE,0.89,2025-07-14T02:20:14,"{""context"": ""Indirect association noted as an analytical lead, not confirmed activity"", ""source_type"": ""informant_tip"", ""verified"": false}"
R003557,P288,P277,MEMBER_OF,0.94,2025-11-30T12:35:27,"{""context"": ""Shared membership recorded"", ""source_type"": ""field_report""}"
R003558,P009,V065,TRAVELED_IN,0.89,2026-04-19T04:47:51,"{""trip_note"": ""Travel recorded together"", ""source_type"": ""field_report""}"
R003559,P113,P123,MEMBER_OF,0.85,2026-03-15T12:09:23,"{""context"": ""Shared membership recorded"", ""source_type"": ""field_report""}"
R003560,P270,P273,MET,0.68,2026-06-15T06:01:21,"{""details"": ""Extended meeting recorded"", ""source_type"": ""surveillance"", ""verified"": true}"
R003561,P229,P259,MESSAGED,0.97,2026-02-28T04:21:07,"{""message_count"": 64, ""source_type"": ""communication_record""}"
R003562,P355,P362,SUSPECTED_ASSOCIATE,0.7,2025-07-13T09:06:14,"{""context"": ""Indirect association noted as an analytical lead, not confirmed activity"", ""source_type"": ""informant_tip"", ""verified"": false}"
R003563,P358,P369,CALLED,0.72,2025-05-16T07:55:26,"{""duration_seconds"": 3261, ""source_type"": ""call_record"", ""verified"": false}"
R003564,P367,P358,LOCATED_WITH,0.91,2025-04-20T22:57:16,"{""observation_note"": ""Presence recorded at location"", ""source_type"": ""location_record""}"
R003565,P109,P119,SUSPECTED_ASSOCIATE,0.66,2026-08-05T14:41:18,"{""context"": ""Indirect association noted as an analytical lead, not confirmed activity"", ""source_type"": ""informant_tip"", ""verified"": false}"
R003566,P180,P223,PARTNER,0.58,2026-08-19T17:14:12,"{""relationship_note"": ""Family relation recorded"", ""source_type"": ""public_record""}"
R003567,P272,P294,CALLED,0.75,2026-08-18T07:33:55,"{""duration_seconds"": 2615, ""source_type"": ""call_record"", ""verified"": false}"
R003568,P360,P354,ASSOCIATED,0.74,2025-01-10T06:28:26,"{""context"": ""Indirect association noted as an analytical lead, not confirmed activity"", ""source_type"": ""informant_tip"", ""verified"": false}"
R003569,P102,LOC045,VISITED,0.7,2026-06-28T03:07:48,"{""duration_minutes"": 120, ""source_type"": ""location_record""}"
R003570,P029,ORG033,ASSOCIATED_WITH,0.95,2026-03-22T03:54:24,"{""context"": ""Indirect association noted as an analytical lead, not confirmed activity"", ""source_type"": ""informant_tip"", ""verified"": false}"
R003571,P047,PH101,CALLED,0.62,2025-01-04T17:42:55,"{""duration_seconds"": 3329, ""source_type"": ""call_record"", ""verified"": true}"
R003572,P288,V054,TRAVELED_IN,0.62,2026-05-06T06:21:37,"{""trip_note"": ""Travel recorded together"", ""source_type"": ""field_report""}"
R003573,P224,P215,CALLED,0.83,2025-07-21T01:38:32,"{""duration_seconds"": 3528, ""source_type"": ""call_record"", ""verified"": true}"
R003574,P450,P448,ASSOCIATED,0.89,2025-08-06T08:08:08,"{""context"": ""Indirect association noted as an analytical lead, not confirmed activity"", ""source_type"": ""informant_tip"", ""verified"": false}"
R003575,P402,P417,SUSPECTED_ASSOCIATE,0.52,2026-05-09T05:40:30,"{""context"": ""Indirect association noted as an analytical lead, not confirmed activity"", ""source_type"": ""informant_tip"", ""verified"": false}"
R003576,P360,P366,LOCATED_WITH,0.87,2025-07-25T04:58:57,"{""observation_note"": ""Presence recorded at location"", ""source_type"": ""location_record""}"
R003577,P460,P458,PARTNER,0.64,2025-07-25T01:49:26,"{""relationship_note"": ""Family relation recorded"", ""source_type"": ""public_record""}"
R003578,P112,P103,MEMBER_OF,0.69,2026-06-29T09:54:01,"{""context"": ""Shared membership recorded"", ""source_type"": ""field_report""}"
R003579,P230,LOC059,LOCATED_AT,0.79,2025-08-13T20:51:32,"{""observation_note"": ""Presence recorded at location"", ""source_type"": ""location_record""}"
R003580,P344,LOC039,WORKS_AT,0.89,2025-10-07T12:37:26,"{""role"": ""Contractor"", ""source_type"": ""employment_record""}"
R003581,P021,LOC074,VISITED,0.73,2025-03-23T16:48:44,"{""duration_minutes"": 83, ""source_type"": ""location_record""}"
R003582,P323,ORG045,ASSOCIATED_WITH,0.7,2025-10-09T05:14:16,"{""context"": ""Indirect association noted as an analytical lead, not confirmed activity"", ""source_type"": ""informant_tip"", ""verified"": false}"
R003583,P084,P095,LOCATED_WITH,0.75,2026-02-02T11:27:06,"{""observation_note"": ""Presence recorded at location"", ""source_type"": ""location_record""}"
R003584,P288,P284,MET,0.69,2026-06-13T09:42:56,"{""details"": ""Brief meeting observed"", ""source_type"": ""surveillance"", ""verified"": false}"
R003585,P356,P372,EMPLOYED_WITH,0.7,2025-12-03T23:59:01,"{""context"": ""Shared employment recorded"", ""source_type"": ""employment_record""}"
R003586,P230,P241,EMPLOYED_WITH,0.94,2025-04-13T16:41:57,"{""context"": ""Shared employment recorded"", ""source_type"": ""employment_record""}"
R003587,P051,P066,MEMBER_OF,0.78,2025-10-18T22:46:29,"{""context"": ""Shared membership recorded"", ""source_type"": ""field_report""}"
R003588,P112,LOC060,RESIDES_AT,0.79,2025-04-23T02:13:41,"{""since"": ""2026-08-02"", ""source_type"": ""registration_record""}"
R003589,P319,LOC011,VISITED,0.53,2025-12-11T21:29:29,"{""duration_minutes"": 117, ""source_type"": ""location_record""}"
R003590,P074,V108,OWNS_VEHICLE,0.58,2025-10-05T17:58:05,"{""registration_status"": ""active"", ""source_type"": ""vehicle_registry""}"
R003591,P272,PH168,MESSAGED,0.95,2025-01-26T05:30:31,"{""message_count"": 74, ""source_type"": ""communication_record""}"
R003592,P367,P355,ASSOCIATED,0.79,2025-06-30T01:35:32,"{""context"": ""Indirect association noted as an analytical lead, not confirmed activity"", ""source_type"": ""informant_tip"", ""verified"": false}"
R003593,P115,P120,EMPLOYED_WITH,0.91,2025-08-06T10:08:33,"{""context"": ""Shared employment recorded"", ""source_type"": ""employment_record""}"
R003594,P333,ACC175,RECEIVED_FROM,0.95,2025-10-21T11:33:27,"{""amount"": 209600, ""currency"": ""INR"", ""transaction_type"": ""wire_transfer""}"
R003595,P217,PH101,CALLED,0.66,2025-05-29T03:26:59,"{""duration_seconds"": 590, ""source_type"": ""call_record"", ""verified"": false}"
R003596,P341,P338,PARTNER,0.63,2026-01-28T21:41:45,"{""relationship_note"": ""Partner relation recorded"", ""source_type"": ""public_record""}"
R003597,P059,P068,PARTNER,0.67,2026-05-11T21:57:16,"{""relationship_note"": ""Partner relation recorded"", ""source_type"": ""public_record""}"
R003598,P158,ORG057,WORKS_FOR,0.7,2026-02-16T04:52:01,"{""role"": ""Staff"", ""source_type"": ""employment_record""}"
R003599,P379,ACC123,RECEIVED_FROM,0.77,2025-10-11T15:08:29,"{""amount"": 499200, ""currency"": ""INR"", ""transaction_type"": ""upi_transfer""}"
R003600,P014,P008,MEMBER_OF,0.97,2026-05-11T04:38:14,"{""context"": ""Shared membership recorded"", ""source_type"": ""field_report""}"
R003601,P014,P302,CALLED,0.66,2025-07-13T11:40:49,"{""duration_seconds"": 1658, ""source_type"": ""call_record"", ""verified"": false}"
R003602,P272,ACC121,TRANSFERRED_TO,0.78,2026-04-05T17:11:29,"{""amount"": 407733, ""currency"": ""INR"", ""transaction_type"": ""upi_transfer""}"
R003603,P375,P356,MEMBER_OF,0.78,2026-02-08T10:13:00,"{""context"": ""Shared membership recorded"", ""source_type"": ""field_report""}"
R003604,P389,LOC061,WORKS_AT,0.95,2025-05-15T21:39:04,"{""role"": ""Advisor"", ""source_type"": ""employment_record""}"
R003605,P113,P119,CALLED,0.5,2025-08-22T08:10:47,"{""duration_seconds"": 33, ""source_type"": ""call_record"", ""verified"": true}"
R003606,P230,P228,MET,0.51,2026-06-29T22:28:13,"{""details"": ""Extended meeting recorded"", ""source_type"": ""surveillance"", ""verified"": true}"
R003607,P035,V126,OWNS_VEHICLE,0.68,2026-05-25T14:17:03,"{""registration_status"": ""active"", ""source_type"": ""vehicle_registry""}"
R003608,P262,P273,CALLED,0.53,2025-07-30T22:49:23,"{""duration_seconds"": 3572, ""source_type"": ""call_record"", ""verified"": false}"
R003609,P358,P363,MEMBER_OF,0.83,2025-04-13T05:21:05,"{""context"": ""Shared membership recorded"", ""source_type"": ""field_report""}"
R003610,P021,P201,FAMILY,0.95,2025-07-16T09:41:45,"{""relationship_note"": ""Partner relation recorded"", ""source_type"": ""public_record""}"
R003611,P282,P292,ASSOCIATED,0.62,2026-02-26T15:30:42,"{""context"": ""Indirect association noted as an analytical lead, not confirmed activity"", ""source_type"": ""informant_tip"", ""verified"": false}"
R003612,P004,P003,TRAVELED_WITH,0.66,2025-11-06T01:19:37,"{""context"": ""Joint travel recorded"", ""source_type"": ""travel_record""}"
R003613,P079,ACC125,TRANSFERRED_TO,0.54,2025-04-30T05:59:27,"{""amount"": 389273, ""currency"": ""INR"", ""transaction_type"": ""wire_transfer""}"
R003614,P004,P025,LOCATED_WITH,0.71,2025-03-19T10:58:18,"{""observation_note"": ""Presence recorded at location"", ""source_type"": ""location_record""}"
R003615,P014,PH034,USED_PHONE,0.67,2026-01-11T10:59:33,"{""observation"": ""Device usage recorded"", ""source_type"": ""telecom_record""}"
R003616,P087,P088,CALLED,0.61,2025-02-05T21:36:23,"{""duration_seconds"": 626, ""source_type"": ""call_record"", ""verified"": false}"
R003617,P309,LOC026,WORKS_AT,0.87,2025-07-28T16:02:44,"{""role"": ""Advisor"", ""source_type"": ""employment_record""}"
R003618,P169,P305,LOCATED_WITH,0.66,2025-05-06T11:03:01,"{""observation_note"": ""Presence recorded at location"", ""source_type"": ""location_record""}"
R003619,P309,P321,ASSOCIATED,0.51,2025-11-30T11:46:54,"{""context"": ""Indirect association noted as an analytical lead, not confirmed activity"", ""source_type"": ""informant_tip"", ""verified"": false}"
R003620,P143,LOC015,RESIDES_AT,0.99,2025-09-17T14:48:46,"{""since"": ""2025-08-29"", ""source_type"": ""registration_record""}"
R003621,P394,ORG075,VISITED_ORG,0.7,2025-08-21T06:15:43,"{""duration_minutes"": 103, ""source_type"": ""location_record""}"
R003622,P272,P256,CALLED,0.78,2026-04-13T00:51:37,"{""duration_seconds"": 3257, ""source_type"": ""call_record"", ""verified"": false}"
R003623,P217,V119,TRAVELED_IN,0.74,2025-07-03T00:32:39,"{""trip_note"": ""Travel recorded together"", ""source_type"": ""field_report""}"
R003624,P102,ORG040,ASSOCIATED_WITH,0.6,2025-07-20T07:17:13,"{""context"": ""Indirect association noted as an analytical lead, not confirmed activity"", ""source_type"": ""informant_tip"", ""verified"": false}"
R003625,P259,ORG022,VISITED_ORG,0.8,2025-08-25T08:34:31,"{""duration_minutes"": 226, ""source_type"": ""location_record""}"
R003626,P210,P211,CALLED,0.75,2026-01-06T03:35:25,"{""duration_seconds"": 2785, ""source_type"": ""call_record"", ""verified"": true}"
R003627,P021,LOC029,WORKS_AT,0.63,2026-04-22T10:17:38,"{""role"": ""Advisor"", ""source_type"": ""employment_record""}"
R003628,P069,PH121,CALLED,0.78,2026-05-13T15:39:06,"{""duration_seconds"": 1730, ""source_type"": ""call_record"", ""verified"": true}"
R003629,P280,PH003,OWNS_PHONE,0.79,2026-07-15T00:19:14,"{""registration_status"": ""active"", ""source_type"": ""telecom_registry""}"
R003630,P215,P206,MEMBER_OF,0.84,2025-10-03T05:18:50,"{""context"": ""Shared membership recorded"", ""source_type"": ""field_report""}"
R003631,P180,ACC153,TRANSFERRED_TO,0.58,2025-04-18T12:21:18,"{""amount"": 17829, ""currency"": ""INR"", ""transaction_type"": ""cash_deposit""}"
R003632,P312,P325,ASSOCIATED,0.97,2026-04-11T17:16:03,"{""context"": ""Indirect association noted as an analytical lead, not confirmed activity"", ""source_type"": ""informant_tip"", ""verified"": false}"
R003633,P432,ACC174,OWNS_ACCOUNT,0.66,2026-05-04T23:16:19,"{""account_status"": ""active"", ""source_type"": ""financial_registry""}"
R003634,P102,P111,CALLED,0.63,2025-03-26T10:56:00,"{""duration_seconds"": 3563, ""source_type"": ""call_record"", ""verified"": false}"
R003635,P259,P271,MET,0.61,2025-01-10T21:38:39,"{""details"": ""Brief meeting observed"", ""source_type"": ""surveillance"", ""verified"": false}"
R003636,P272,P300,MESSAGED,0.66,2025-08-26T19:30:45,"{""message_count"": 107, ""source_type"": ""communication_record""}"
R003637,P369,PH022,MESSAGED,0.98,2026-06-23T16:30:52,"{""message_count"": 64, ""source_type"": ""communication_record""}"
R003638,P099,ORG099,MEMBER_OF,0.95,2025-01-16T10:34:22,"{""context"": ""Shared membership recorded"", ""source_type"": ""field_report""}"
R003639,P369,V104,TRAVELED_IN,0.66,2025-12-28T03:43:50,"{""trip_note"": ""Travel recorded together"", ""source_type"": ""field_report""}"
R003640,P004,P022,MESSAGED,0.65,2025-06-07T12:19:25,"{""message_count"": 117, ""source_type"": ""communication_record""}"
R003641,P224,P249,FAMILY,0.66,2026-05-16T22:12:09,"{""relationship_note"": ""Family relation recorded"", ""source_type"": ""public_record""}"
R003642,P309,V032,OWNS_VEHICLE,0.7,2025-08-09T16:45:25,"{""registration_status"": ""active"", ""source_type"": ""vehicle_registry""}"
R003643,P223,P209,MET,0.61,2025-04-22T13:03:06,"{""details"": ""Meeting recorded at location"", ""source_type"": ""surveillance"", ""verified"": false}"
R003644,P288,ACC071,TRANSACTION_WITH,0.66,2026-06-16T05:00:16,"{""amount"": 111655, ""currency"": ""INR"", ""transaction_type"": ""cash_deposit""}"
R003645,P099,LOC061,TRAVELED_TO,0.77,2026-06-20T01:50:00,"{""mode"": ""road"", ""source_type"": ""travel_record""}"
R003646,P393,P383,ASSOCIATED,0.96,2025-06-03T21:22:26,"{""context"": ""Indirect association noted as an analytical lead, not confirmed activity"", ""source_type"": ""informant_tip"", ""verified"": false}"
R003647,P402,P431,ASSOCIATED,0.71,2025-09-22T09:16:19,"{""context"": ""Indirect association noted as an analytical lead, not confirmed activity"", ""source_type"": ""informant_tip"", ""verified"": false}"
R003648,P230,P247,MESSAGED,0.9,2026-07-19T08:34:51,"{""message_count"": 41, ""source_type"": ""communication_record""}"
R003649,P175,P164,PARTNER,0.52,2025-06-28T18:20:05,"{""relationship_note"": ""Family relation recorded"", ""source_type"": ""public_record""}"
R003650,P389,LOC063,VISITED,0.85,2025-09-11T17:15:49,"{""duration_minutes"": 98, ""source_type"": ""location_record""}"
R003651,P021,ACC151,TRANSACTION_WITH,0.97,2025-09-09T20:45:35,"{""amount"": 140365, ""currency"": ""INR"", ""transaction_type"": ""bank_transfer""}"
R003652,P324,P196,SUSPECTED_ASSOCIATE,0.79,2025-04-29T07:18:46,"{""context"": ""Indirect association noted as an analytical lead, not confirmed activity"", ""source_type"": ""informant_tip"", ""verified"": false}"
R003653,P453,P469,CALLED,0.9,2025-10-17T03:27:28,"{""duration_seconds"": 2006, ""source_type"": ""call_record"", ""verified"": true}"
R003654,P175,P174,PARTNER,0.8,2025-07-13T18:23:13,"{""relationship_note"": ""Partner relation recorded"", ""source_type"": ""public_record""}"
R003655,P052,ACC178,TRANSACTION_WITH,0.74,2025-02-23T02:43:34,"{""amount"": 397097, ""currency"": ""INR"", ""transaction_type"": ""wire_transfer""}"
R003656,P113,P305,EMPLOYED_WITH,0.64,2025-04-05T04:45:26,"{""context"": ""Shared employment recorded"", ""source_type"": ""employment_record""}"
R003657,P078,P320,CALLED,0.82,2025-12-01T10:39:14,"{""duration_seconds"": 2948, ""source_type"": ""call_record"", ""verified"": false}"
R003658,P001,P004,MET,0.64,2025-04-13T01:54:28,"{""details"": ""Meeting recorded at location"", ""source_type"": ""surveillance"", ""verified"": false}"
R003659,P245,PH092,MESSAGED,0.83,2026-05-28T06:32:20,"{""message_count"": 108, ""source_type"": ""communication_record""}"
R003660,P415,P420,CALLED,0.52,2025-12-02T15:52:59,"{""duration_seconds"": 1180, ""source_type"": ""call_record"", ""verified"": false}"
R003661,P112,V039,TRAVELED_IN,0.74,2025-02-08T21:05:44,"{""trip_note"": ""Travel recorded together"", ""source_type"": ""field_report""}"
R003662,P369,P259,TRAVELED_WITH,0.64,2026-01-25T00:16:15,"{""context"": ""Joint travel recorded"", ""source_type"": ""travel_record""}"
R003663,P188,ACC063,OWNS_ACCOUNT,0.77,2025-10-31T11:54:21,"{""account_status"": ""active"", ""source_type"": ""financial_registry""}"
R003664,P358,P373,MEMBER_OF,0.71,2026-01-30T18:34:54,"{""context"": ""Shared membership recorded"", ""source_type"": ""field_report""}"
R003665,P112,P125,SUSPECTED_ASSOCIATE,0.99,2025-09-30T06:07:01,"{""context"": ""Indirect association noted as an analytical lead, not confirmed activity"", ""source_type"": ""informant_tip"", ""verified"": false}"
R003666,P181,V046,OWNS_VEHICLE,0.76,2026-02-21T13:24:33,"{""registration_status"": ""active"", ""source_type"": ""vehicle_registry""}"
R003667,P002,P019,MEMBER_OF,0.83,2025-05-02T05:35:12,"{""context"": ""Shared membership recorded"", ""source_type"": ""field_report""}"
R003668,P305,ORG059,MEMBER_OF,0.6,2025-12-14T12:40:24,"{""context"": ""Shared membership recorded"", ""source_type"": ""field_report""}"
R003669,P354,P351,MEMBER_OF,0.61,2025-01-14T18:44:46,"{""context"": ""Shared membership recorded"", ""source_type"": ""field_report""}"
R003670,P453,V134,USED_VEHICLE,0.87,2026-04-14T21:02:46,"{""observation"": ""Vehicle observed in use"", ""source_type"": ""CCTV""}"
R003671,P416,P417,PARTNER,0.64,2026-03-19T11:50:48,"{""relationship_note"": ""Family relation recorded"", ""source_type"": ""public_record""}"
R003672,P123,P114,FAMILY,0.75,2025-03-03T16:41:50,"{""relationship_note"": ""Partner relation recorded"", ""source_type"": ""public_record""}"
R003673,P234,P240,TRAVELED_WITH,0.71,2025-02-23T02:39:37,"{""context"": ""Joint travel recorded"", ""source_type"": ""travel_record""}"
R003674,P109,P150,PARTNER,0.82,2026-07-02T02:55:02,"{""relationship_note"": ""Family relation recorded"", ""source_type"": ""public_record""}"
R003675,P079,P088,MET,0.87,2025-04-24T19:53:00,"{""details"": ""Meeting recorded at location"", ""source_type"": ""surveillance"", ""verified"": true}"
R003676,P230,V062,USED_VEHICLE,0.51,2026-07-01T10:17:58,"{""observation"": ""Vehicle observed in use"", ""source_type"": ""CCTV""}"
R003677,P230,P232,MEMBER_OF,0.55,2025-10-22T00:16:33,"{""context"": ""Shared membership recorded"", ""source_type"": ""field_report""}"
R003678,P408,P423,SUSPECTED_ASSOCIATE,0.97,2026-01-09T04:55:04,"{""context"": ""Indirect association noted as an analytical lead, not confirmed activity"", ""source_type"": ""informant_tip"", ""verified"": false}"
R003679,P158,ACC169,RECEIVED_FROM,0.53,2025-08-14T07:20:26,"{""amount"": 179859, ""currency"": ""INR"", ""transaction_type"": ""wire_transfer""}"
R003680,P346,P344,TRAVELED_WITH,0.91,2025-01-25T08:25:10,"{""context"": ""Joint travel recorded"", ""source_type"": ""travel_record""}"
R003681,P113,P105,EMPLOYED_WITH,0.55,2026-01-21T05:39:10,"{""context"": ""Shared employment recorded"", ""source_type"": ""employment_record""}"
R003682,P309,P312,FAMILY,0.65,2025-12-14T06:05:05,"{""relationship_note"": ""Family relation recorded"", ""source_type"": ""public_record""}"
R003683,V113,LOC073,SEEN_AT,0.78,2026-01-17T22:17:56,"{""observation"": ""Vehicle observed in use"", ""source_type"": ""CCTV""}"
R003684,P215,PH100,CALLED,0.57,2025-09-01T23:05:50,"{""duration_seconds"": 2551, ""source_type"": ""call_record"", ""verified"": false}"
R003685,P259,PH097,OWNS_PHONE,0.58,2025-10-07T00:27:48,"{""registration_status"": ""active"", ""source_type"": ""telecom_registry""}"
R003686,P280,P135,PARTNER,0.86,2025-02-18T10:52:35,"{""relationship_note"": ""Partner relation recorded"", ""source_type"": ""public_record""}"
R003687,P175,LOC085,LOCATED_AT,0.68,2025-03-21T06:59:36,"{""observation_note"": ""Presence recorded at location"", ""source_type"": ""location_record""}"
R003688,P158,P177,FAMILY,0.58,2025-02-03T18:31:26,"{""relationship_note"": ""Family relation recorded"", ""source_type"": ""public_record""}"
R003689,P335,P331,EMPLOYED_WITH,0.56,2025-11-17T15:28:49,"{""context"": ""Shared employment recorded"", ""source_type"": ""employment_record""}"
R003690,P299,P288,FAMILY,0.7,2025-08-17T06:55:59,"{""relationship_note"": ""Partner relation recorded"", ""source_type"": ""public_record""}"
R003691,P272,P260,LOCATED_WITH,0.58,2026-03-30T16:58:21,"{""observation_note"": ""Presence recorded at location"", ""source_type"": ""location_record""}"
R003692,P120,ACC140,TRANSFERRED_TO,0.91,2026-06-24T02:35:00,"{""amount"": 100844, ""currency"": ""INR"", ""transaction_type"": ""bank_transfer""}"
R003693,P143,P128,ASSOCIATED,0.95,2025-12-25T10:47:13,"{""context"": ""Indirect association noted as an analytical lead, not confirmed activity"", ""source_type"": ""informant_tip"", ""verified"": false}"
R003694,P304,P310,EMPLOYED_WITH,0.8,2025-04-29T10:47:53,"{""context"": ""Shared employment recorded"", ""source_type"": ""employment_record""}"
R003695,P259,P369,EMPLOYED_WITH,0.78,2025-01-10T07:39:09,"{""context"": ""Shared employment recorded"", ""source_type"": ""employment_record""}"
R003696,P383,V033,TRAVELED_IN,0.86,2025-03-21T04:13:08,"{""trip_note"": ""Travel recorded together"", ""source_type"": ""field_report""}"
R003697,P082,LOC039,WORKS_AT,0.86,2025-10-21T21:14:10,"{""role"": ""Contractor"", ""source_type"": ""employment_record""}"
R003698,P466,P453,ASSOCIATED,0.6,2026-06-04T16:34:04,"{""context"": ""Indirect association noted as an analytical lead, not confirmed activity"", ""source_type"": ""informant_tip"", ""verified"": false}"
R003699,P500,P479,CALLED,0.96,2025-03-22T12:04:31,"{""duration_seconds"": 1415, ""source_type"": ""call_record"", ""verified"": true}"
R003700,P151,PH030,USED_PHONE,0.72,2025-06-29T18:39:00,"{""observation"": ""Device usage recorded"", ""source_type"": ""telecom_record""}"
R003701,P015,P001,FAMILY,0.63,2025-01-02T17:30:14,"{""relationship_note"": ""Family relation recorded"", ""source_type"": ""public_record""}"
R003702,P051,LOC085,RESIDES_AT,0.9,2025-10-28T02:52:04,"{""since"": ""2025-12-23"", ""source_type"": ""registration_record""}"
R003703,P122,P113,MET,0.73,2025-02-23T18:08:55,"{""details"": ""Meeting recorded at location"", ""source_type"": ""surveillance"", ""verified"": false}"
R003704,P021,P001,LOCATED_WITH,0.92,2026-01-02T22:06:33,"{""observation_note"": ""Presence recorded at location"", ""source_type"": ""location_record""}"
R003705,P302,ACC149,RECEIVED_FROM,0.8,2025-07-26T05:44:17,"{""amount"": 275888, ""currency"": ""INR"", ""transaction_type"": ""upi_transfer""}"
R003706,P333,P346,ASSOCIATED,0.59,2025-06-28T09:22:05,"{""context"": ""Indirect association noted as an analytical lead, not confirmed activity"", ""source_type"": ""informant_tip"", ""verified"": false}"
R003707,P004,PH099,OWNS_PHONE,0.51,2025-08-22T08:58:15,"{""registration_status"": ""active"", ""source_type"": ""telecom_registry""}"
R003708,P259,P200,MEMBER_OF,0.91,2025-01-02T11:04:05,"{""context"": ""Shared membership recorded"", ""source_type"": ""field_report""}"
R003709,P158,P179,LOCATED_WITH,0.61,2026-02-19T15:02:26,"{""observation_note"": ""Presence recorded at location"", ""source_type"": ""location_record""}"
R003710,P158,P195,MET,0.76,2025-08-13T04:16:28,"{""details"": ""Brief meeting observed"", ""source_type"": ""surveillance"", ""verified"": false}"
R003711,P253,ORG067,ASSOCIATED_WITH,0.53,2025-10-22T01:04:31,"{""context"": ""Indirect association noted as an analytical lead, not confirmed activity"", ""source_type"": ""informant_tip"", ""verified"": false}"
R003712,P051,P442,ASSOCIATED,0.73,2026-05-20T14:00:26,"{""context"": ""Indirect association noted as an analytical lead, not confirmed activity"", ""source_type"": ""informant_tip"", ""verified"": false}"
R003713,P453,V057,USED_VEHICLE,0.82,2025-12-12T06:22:29,"{""observation"": ""Vehicle observed in use"", ""source_type"": ""CCTV""}"
R003714,P109,P014,LOCATED_WITH,0.54,2026-08-21T10:38:44,"{""observation_note"": ""Presence recorded at location"", ""source_type"": ""location_record""}"
R003715,P492,P476,EMPLOYED_WITH,0.55,2026-07-01T09:53:51,"{""context"": ""Shared employment recorded"", ""source_type"": ""employment_record""}"
R003716,P289,P283,PARTNER,0.83,2025-03-08T21:35:53,"{""relationship_note"": ""Partner relation recorded"", ""source_type"": ""public_record""}"
R003717,P484,PH088,MESSAGED,0.68,2026-07-22T07:51:09,"{""message_count"": 42, ""source_type"": ""communication_record""}"
R003718,P014,P008,MEMBER_OF,0.94,2025-03-26T14:00:19,"{""context"": ""Shared membership recorded"", ""source_type"": ""field_report""}"
R003719,P147,ORG089,WORKS_FOR,0.89,2026-08-12T01:57:00,"{""role"": ""Advisor"", ""source_type"": ""employment_record""}"
R003720,P111,P104,EMPLOYED_WITH,0.8,2026-05-02T14:57:02,"{""context"": ""Shared employment recorded"", ""source_type"": ""employment_record""}"
R003721,P051,PH117,USED_PHONE,0.61,2025-12-21T11:12:16,"{""observation"": ""Device usage recorded"", ""source_type"": ""telecom_record""}"
R003722,P087,P099,EMPLOYED_WITH,0.96,2025-08-24T16:30:18,"{""context"": ""Shared employment recorded"", ""source_type"": ""employment_record""}"
R003723,P402,P436,TRAVELED_WITH,0.62,2026-08-03T15:04:33,"{""context"": ""Joint travel recorded"", ""source_type"": ""travel_record""}"
R003724,P274,PH170,MESSAGED,0.55,2026-01-08T04:14:04,"{""message_count"": 21, ""source_type"": ""communication_record""}"
R003725,V032,LOC098,SEEN_AT,0.74,2025-07-07T12:30:26,"{""observation"": ""Vehicle observed in use"", ""source_type"": ""CCTV""}"
R003726,P217,PH094,OWNS_PHONE,0.68,2025-12-09T00:07:48,"{""registration_status"": ""active"", ""source_type"": ""telecom_registry""}"
R003727,P391,PH119,USED_PHONE,0.8,2026-01-07T00:48:16,"{""observation"": ""Device usage recorded"", ""source_type"": ""telecom_record""}"
R003728,P164,P170,CALLED,0.59,2026-07-11T23:41:13,"{""duration_seconds"": 1534, ""source_type"": ""call_record"", ""verified"": false}"
R003729,P268,P251,ASSOCIATED,0.65,2025-11-08T04:32:51,"{""context"": ""Indirect association noted as an analytical lead, not confirmed activity"", ""source_type"": ""informant_tip"", ""verified"": false}"
R003730,P175,ACC002,RECEIVED_FROM,0.92,2026-05-17T16:13:42,"{""amount"": 121493, ""currency"": ""INR"", ""transaction_type"": ""cash_deposit""}"
R003731,P481,P489,MEMBER_OF,0.87,2025-04-13T18:37:43,"{""context"": ""Shared membership recorded"", ""source_type"": ""field_report""}"
R003732,P070,ACC167,RECEIVED_FROM,0.53,2025-10-09T06:19:44,"{""amount"": 13006, ""currency"": ""INR"", ""transaction_type"": ""cash_deposit""}"
R003733,P360,P364,MET,0.89,2025-02-11T15:06:04,"{""details"": ""Meeting recorded at location"", ""source_type"": ""surveillance"", ""verified"": true}"
R003734,P270,P273,EMPLOYED_WITH,0.73,2025-09-11T18:11:03,"{""context"": ""Shared employment recorded"", ""source_type"": ""employment_record""}"
R003735,P367,P357,LOCATED_WITH,0.65,2025-07-12T20:42:03,"{""observation_note"": ""Presence recorded at location"", ""source_type"": ""location_record""}"
R003736,P367,ACC176,OWNS_ACCOUNT,0.97,2026-03-22T00:45:43,"{""account_status"": ""active"", ""source_type"": ""financial_registry""}"
R003737,P230,ORG026,VISITED_ORG,0.83,2026-03-12T11:52:30,"{""duration_minutes"": 60, ""source_type"": ""location_record""}"
R003738,P068,P065,SUSPECTED_ASSOCIATE,0.62,2025-07-24T19:39:03,"{""context"": ""Indirect association noted as an analytical lead, not confirmed activity"", ""source_type"": ""informant_tip"", ""verified"": false}"
R003739,V018,LOC078,SEEN_AT,0.57,2025-10-09T19:05:36,"{""observation"": ""Vehicle observed in use"", ""source_type"": ""CCTV""}"
R003740,PH006,PH106,COMMUNICATED_WITH,0.6,2026-08-23T16:59:19,"{""contact_count"": 11, ""source_type"": ""telecom_record""}"
R003741,P295,P286,FAMILY,0.81,2025-11-05T20:27:29,"{""relationship_note"": ""Family relation recorded"", ""source_type"": ""public_record""}"
R003742,P215,LOC098,LOCATED_AT,0.56,2025-05-01T19:29:17,"{""observation_note"": ""Presence recorded at location"", ""source_type"": ""location_record""}"
R003743,P215,PH049,USED_PHONE,0.66,2026-04-17T21:33:57,"{""observation"": ""Device usage recorded"", ""source_type"": ""telecom_record""}"
R003744,P215,PH119,OWNS_PHONE,0.71,2026-04-05T02:03:44,"{""registration_status"": ""active"", ""source_type"": ""telecom_registry""}"
R003745,P287,P295,MESSAGED,0.82,2025-07-09T09:06:03,"{""message_count"": 88, ""source_type"": ""communication_record""}"
R003746,P308,P316,MESSAGED,0.8,2026-08-22T01:04:31,"{""message_count"": 119, ""source_type"": ""communication_record""}"
R003747,P402,P431,LOCATED_WITH,0.94,2026-04-15T22:16:01,"{""observation_note"": ""Presence recorded at location"", ""source_type"": ""location_record""}"
R003748,P259,P258,FAMILY,0.87,2025-07-19T19:43:48,"{""relationship_note"": ""Partner relation recorded"", ""source_type"": ""public_record""}"
R003749,P217,V029,TRAVELED_IN,0.93,2026-07-21T17:35:15,"{""trip_note"": ""Travel recorded together"", ""source_type"": ""field_report""}"
R003750,P369,ORG029,ASSOCIATED_WITH,0.61,2025-02-27T18:38:47,"{""context"": ""Indirect association noted as an analytical lead, not confirmed activity"", ""source_type"": ""informant_tip"", ""verified"": false}"
R003751,P014,P017,LOCATED_WITH,0.66,2025-01-19T21:08:14,"{""observation_note"": ""Presence recorded at location"", ""source_type"": ""location_record""}"
R003752,P318,V015,TRAVELED_IN,0.88,2026-04-07T05:50:02,"{""trip_note"": ""Travel recorded together"", ""source_type"": ""field_report""}"
R003753,P369,ORG068,MEMBER_OF,0.73,2026-06-27T14:51:21,"{""context"": ""Shared membership recorded"", ""source_type"": ""field_report""}"
R003754,P286,PH177,CALLED,0.57,2025-05-14T09:17:14,"{""duration_seconds"": 2936, ""source_type"": ""call_record"", ""verified"": false}"
R003755,P099,ACC106,TRANSACTION_WITH,0.59,2025-07-02T19:48:42,"{""amount"": 380335, ""currency"": ""INR"", ""transaction_type"": ""upi_transfer""}"
R003756,P328,P347,ASSOCIATED,0.54,2025-01-18T11:11:39,"{""context"": ""Indirect association noted as an analytical lead, not confirmed activity"", ""source_type"": ""informant_tip"", ""verified"": false}"
R003757,P157,LOC085,WORKS_AT,0.8,2025-05-17T02:08:03,"{""role"": ""Advisor"", ""source_type"": ""employment_record""}"
R003758,P348,ACC147,TRANSFERRED_TO,0.6,2025-12-30T19:44:28,"{""amount"": 435962, ""currency"": ""INR"", ""transaction_type"": ""wire_transfer""}"
R003759,P366,ACC018,RECEIVED_FROM,0.78,2026-03-26T14:54:02,"{""amount"": 337878, ""currency"": ""INR"", ""transaction_type"": ""cash_deposit""}"
R003760,P029,P057,FAMILY,0.97,2025-12-17T15:25:58,"{""relationship_note"": ""Partner relation recorded"", ""source_type"": ""public_record""}"
R003761,P458,P472,TRAVELED_WITH,0.71,2026-07-06T20:22:54,"{""context"": ""Joint travel recorded"", ""source_type"": ""travel_record""}"
R003762,P405,P401,TRAVELED_WITH,0.77,2025-10-11T07:45:57,"{""context"": ""Joint travel recorded"", ""source_type"": ""travel_record""}"
R003763,P252,P257,MET,0.99,2025-07-13T14:15:29,"{""details"": ""Extended meeting recorded"", ""source_type"": ""surveillance"", ""verified"": true}"
R003764,P016,P024,MESSAGED,0.6,2025-06-23T08:13:14,"{""message_count"": 44, ""source_type"": ""communication_record""}"
R003765,P480,PH196,MESSAGED,0.95,2025-06-28T06:42:25,"{""message_count"": 140, ""source_type"": ""communication_record""}"
R003766,P004,P001,MET,0.57,2025-05-23T19:59:43,"{""details"": ""Brief meeting observed"", ""source_type"": ""surveillance"", ""verified"": false}"
R003767,P328,LOC021,RESIDES_AT,0.74,2025-02-23T20:51:58,"{""since"": ""2026-06-27"", ""source_type"": ""registration_record""}"
R003768,P029,P050,SUSPECTED_ASSOCIATE,0.66,2025-06-12T14:23:30,"{""context"": ""Indirect association noted as an analytical lead, not confirmed activity"", ""source_type"": ""informant_tip"", ""verified"": false}"
R003769,P453,PH021,OWNS_PHONE,0.52,2025-01-16T03:12:41,"{""registration_status"": ""active"", ""source_type"": ""telecom_registry""}"
R003770,P335,P331,TRAVELED_WITH,0.52,2025-08-24T19:02:25,"{""context"": ""Joint travel recorded"", ""source_type"": ""travel_record""}"
R003771,P215,P205,MEMBER_OF,0.58,2025-01-09T08:07:16,"{""context"": ""Shared membership recorded"", ""source_type"": ""field_report""}"
R003772,P333,PH049,OWNS_PHONE,0.83,2025-06-29T08:32:42,"{""registration_status"": ""active"", ""source_type"": ""telecom_registry""}"
R003773,P106,PH117,CALLED,0.66,2026-05-12T21:42:36,"{""duration_seconds"": 853, ""source_type"": ""call_record"", ""verified"": true}"
R003774,PH156,PH029,COMMUNICATED_WITH,0.93,2026-08-20T03:36:39,"{""contact_count"": 51, ""source_type"": ""telecom_record""}"
R003775,P402,P447,EMPLOYED_WITH,0.62,2025-11-24T19:09:03,"{""context"": ""Shared employment recorded"", ""source_type"": ""employment_record""}"
R003776,P133,LOC033,TRAVELED_TO,0.53,2025-07-17T11:21:40,"{""mode"": ""road"", ""source_type"": ""travel_record""}"
R003777,P229,P268,EMPLOYED_WITH,0.89,2025-12-05T13:39:18,"{""context"": ""Shared employment recorded"", ""source_type"": ""employment_record""}"
R003778,P317,P310,CALLED,0.96,2025-01-22T08:03:54,"{""duration_seconds"": 3415, ""source_type"": ""call_record"", ""verified"": true}"
R003779,P062,P051,MESSAGED,0.97,2026-04-01T10:19:44,"{""message_count"": 105, ""source_type"": ""communication_record""}"
R003780,P051,PH185,MESSAGED,0.88,2026-07-02T15:37:41,"{""message_count"": 32, ""source_type"": ""communication_record""}"
R003781,P333,P330,PARTNER,0.98,2025-05-07T03:53:20,"{""relationship_note"": ""Family relation recorded"", ""source_type"": ""public_record""}"
R003782,P309,P308,ASSOCIATED,0.97,2026-03-13T17:16:42,"{""context"": ""Indirect association noted as an analytical lead, not confirmed activity"", ""source_type"": ""informant_tip"", ""verified"": false}"
R003783,P495,LOC023,RESIDES_AT,0.96,2025-08-26T17:25:07,"{""since"": ""2026-08-03"", ""source_type"": ""registration_record""}"
R003784,P021,ORG014,ASSOCIATED_WITH,0.54,2025-06-04T03:53:05,"{""context"": ""Indirect association noted as an analytical lead, not confirmed activity"", ""source_type"": ""informant_tip"", ""verified"": false}"
R003785,P389,ORG041,MEMBER_OF,0.75,2026-08-26T23:09:34,"{""context"": ""Shared membership recorded"", ""source_type"": ""field_report""}"
R003786,P309,P133,MEMBER_OF,0.97,2025-12-18T13:19:34,"{""context"": ""Shared membership recorded"", ""source_type"": ""field_report""}"
R003787,P252,P270,TRAVELED_WITH,0.91,2025-10-06T15:28:48,"{""context"": ""Joint travel recorded"", ""source_type"": ""travel_record""}"
R003788,P491,P499,MESSAGED,0.84,2025-08-29T09:27:57,"{""message_count"": 76, ""source_type"": ""communication_record""}"
R003789,P021,PH189,USED_PHONE,0.89,2025-10-11T02:07:37,"{""observation"": ""Device usage recorded"", ""source_type"": ""telecom_record""}"
R003790,P297,P042,PARTNER,0.88,2025-12-11T01:16:24,"{""relationship_note"": ""Family relation recorded"", ""source_type"": ""public_record""}"
R003791,P469,P459,PARTNER,0.93,2025-08-26T06:00:13,"{""relationship_note"": ""Family relation recorded"", ""source_type"": ""public_record""}"
R003792,P477,P493,MET,0.95,2025-10-30T04:30:13,"{""details"": ""Meeting recorded at location"", ""source_type"": ""surveillance"", ""verified"": true}"
R003793,P102,ORG100,MEMBER_OF,0.6,2026-05-28T02:11:49,"{""context"": ""Shared membership recorded"", ""source_type"": ""field_report""}"
R003794,P025,P104,LOCATED_WITH,0.83,2026-02-10T04:58:02,"{""observation_note"": ""Presence recorded at location"", ""source_type"": ""location_record""}"
R003795,P419,P425,TRAVELED_WITH,0.84,2026-06-06T15:53:09,"{""context"": ""Joint travel recorded"", ""source_type"": ""travel_record""}"
R003796,P426,ACC190,TRANSACTION_WITH,0.56,2025-08-07T01:48:24,"{""amount"": 129693, ""currency"": ""INR"", ""transaction_type"": ""upi_transfer""}"
R003797,P307,P333,MESSAGED,0.95,2026-04-07T16:18:29,"{""message_count"": 57, ""source_type"": ""communication_record""}"
R003798,P415,P405,MEMBER_OF,0.86,2026-06-10T15:42:05,"{""context"": ""Shared membership recorded"", ""source_type"": ""field_report""}"
R003799,P257,ACC027,TRANSACTION_WITH,0.77,2026-03-12T14:28:12,"{""amount"": 402623, ""currency"": ""INR"", ""transaction_type"": ""wire_transfer""}"
R003800,P199,V063,USED_VEHICLE,0.53,2026-03-23T21:52:04,"{""observation"": ""Vehicle observed in use"", ""source_type"": ""CCTV""}"
R003801,P309,ORG061,WORKS_FOR,0.62,2026-03-18T13:06:09,"{""role"": ""Advisor"", ""source_type"": ""employment_record""}"
R003802,P451,P461,LOCATED_WITH,0.65,2026-03-29T08:34:54,"{""observation_note"": ""Presence recorded at location"", ""source_type"": ""location_record""}"
R003803,P413,PH080,CALLED,0.64,2026-05-15T02:22:37,"{""duration_seconds"": 3496, ""source_type"": ""call_record"", ""verified"": true}"
R003804,P080,P087,MESSAGED,0.72,2026-07-29T20:17:57,"{""message_count"": 91, ""source_type"": ""communication_record""}"
R003805,ACC188,ACC067,TRANSFERRED_TO,0.62,2025-03-26T18:14:26,"{""amount"": 304450, ""currency"": ""INR"", ""transaction_type"": ""cash_deposit""}"
R003806,P453,ACC164,RECEIVED_FROM,0.85,2026-02-05T13:48:18,"{""amount"": 298133, ""currency"": ""INR"", ""transaction_type"": ""bank_transfer""}"
R003807,P177,P224,LOCATED_WITH,0.95,2026-04-16T16:06:03,"{""observation_note"": ""Presence recorded at location"", ""source_type"": ""location_record""}"
R003808,P273,P267,SUSPECTED_ASSOCIATE,0.9,2025-11-20T14:43:38,"{""context"": ""Indirect association noted as an analytical lead, not confirmed activity"", ""source_type"": ""informant_tip"", ""verified"": false}"
R003809,ORG089,ORG027,PARTNERED_WITH,0.53,2026-06-10T23:44:45,"{""relationship_note"": ""Organizational link recorded"", ""source_type"": ""corporate_record""}"
R003810,P402,P438,CALLED,0.95,2026-06-05T08:17:16,"{""duration_seconds"": 2623, ""source_type"": ""call_record"", ""verified"": true}"
R003811,P235,P239,SUSPECTED_ASSOCIATE,0.57,2025-01-20T20:06:41,"{""context"": ""Indirect association noted as an analytical lead, not confirmed activity"", ""source_type"": ""informant_tip"", ""verified"": false}"
R003812,P004,P213,TRAVELED_WITH,0.67,2026-07-07T17:10:24,"{""context"": ""Joint travel recorded"", ""source_type"": ""travel_record""}"
R003813,P355,ACC058,OWNS_ACCOUNT,0.54,2025-09-16T16:08:29,"{""account_status"": ""active"", ""source_type"": ""financial_registry""}"
R003814,ACC051,ACC041,TRANSACTION_WITH,0.72,2025-04-18T09:03:59,"{""amount"": 164896, ""currency"": ""INR"", ""transaction_type"": ""wire_transfer""}"
R003815,P224,LOC034,WORKS_AT,0.79,2025-08-10T04:00:11,"{""role"": ""Consultant"", ""source_type"": ""employment_record""}"
R003816,P230,P246,ASSOCIATED,0.52,2025-04-10T09:19:37,"{""context"": ""Indirect association noted as an analytical lead, not confirmed activity"", ""source_type"": ""informant_tip"", ""verified"": false}"
R003817,P332,P019,PARTNER,0.52,2025-10-05T05:44:55,"{""relationship_note"": ""Partner relation recorded"", ""source_type"": ""public_record""}"
R003818,P472,P462,CALLED,0.89,2025-07-15T07:51:39,"{""duration_seconds"": 3288, ""source_type"": ""call_record"", ""verified"": false}"
R003819,P120,P103,CALLED,0.57,2025-05-05T08:48:19,"{""duration_seconds"": 2787, ""source_type"": ""call_record"", ""verified"": true}"
R003820,P217,LOC052,VISITED,0.55,2025-09-10T09:05:31,"{""duration_minutes"": 44, ""source_type"": ""location_record""}"
R003821,P318,P312,TRAVELED_WITH,0.64,2025-04-27T01:31:26,"{""context"": ""Joint travel recorded"", ""source_type"": ""travel_record""}"
R003822,P446,P436,ASSOCIATED,0.67,2025-10-01T22:49:33,"{""context"": ""Indirect association noted as an analytical lead, not confirmed activity"", ""source_type"": ""informant_tip"", ""verified"": false}"
R003823,P158,P191,EMPLOYED_WITH,0.76,2025-04-08T22:06:03,"{""context"": ""Shared employment recorded"", ""source_type"": ""employment_record""}"
R003824,P113,LOC018,LOCATED_AT,0.74,2025-08-31T00:53:43,"{""observation_note"": ""Presence recorded at location"", ""source_type"": ""location_record""}"
R003825,P349,LOC008,WORKS_AT,0.63,2025-05-29T21:17:21,"{""role"": ""Contractor"", ""source_type"": ""employment_record""}"
R003826,P391,P388,MESSAGED,0.91,2026-02-08T13:05:15,"{""message_count"": 109, ""source_type"": ""communication_record""}"
R003827,P102,ORG088,WORKS_FOR,0.59,2026-03-14T03:27:41,"{""role"": ""Consultant"", ""source_type"": ""employment_record""}"
R003828,P259,P275,PARTNER,0.67,2025-01-02T06:09:33,"{""relationship_note"": ""Family relation recorded"", ""source_type"": ""public_record""}"
R003829,P109,P127,ASSOCIATED,0.58,2026-08-23T04:57:35,"{""context"": ""Indirect association noted as an analytical lead, not confirmed activity"", ""source_type"": ""informant_tip"", ""verified"": false}"
R003830,P102,P123,CALLED,0.79,2025-05-22T14:43:10,"{""duration_seconds"": 2616, ""source_type"": ""call_record"", ""verified"": true}"
R003831,P440,V038,TRAVELED_IN,0.56,2025-05-03T08:58:08,"{""trip_note"": ""Travel recorded together"", ""source_type"": ""field_report""}"
R003832,P230,LOC021,VISITED,0.58,2025-06-24T05:50:20,"{""duration_minutes"": 111, ""source_type"": ""location_record""}"
R003833,P028,P049,TRAVELED_WITH,0.82,2025-02-13T05:27:09,"{""context"": ""Joint travel recorded"", ""source_type"": ""travel_record""}"
R003834,P021,P043,MESSAGED,0.86,2025-08-06T06:30:46,"{""message_count"": 138, ""source_type"": ""communication_record""}"
R003835,P027,ORG025,MEMBER_OF,0.57,2025-05-10T08:03:49,"{""context"": ""Shared membership recorded"", ""source_type"": ""field_report""}"
R003836,P456,PH043,OWNS_PHONE,0.71,2026-02-07T18:31:50,"{""registration_status"": ""active"", ""source_type"": ""telecom_registry""}"
R003837,P333,P345,FAMILY,0.86,2025-02-11T04:17:17,"{""relationship_note"": ""Partner relation recorded"", ""source_type"": ""public_record""}"
R003838,P330,P340,LOCATED_WITH,0.97,2025-01-11T04:57:53,"{""observation_note"": ""Presence recorded at location"", ""source_type"": ""location_record""}"
R003839,P389,P412,SUSPECTED_ASSOCIATE,0.72,2026-06-24T15:32:06,"{""context"": ""Indirect association noted as an analytical lead, not confirmed activity"", ""source_type"": ""informant_tip"", ""verified"": false}"
R003840,P004,P017,MEMBER_OF,0.88,2025-01-17T00:27:05,"{""context"": ""Shared membership recorded"", ""source_type"": ""field_report""}"
R003841,P225,P026,CALLED,0.8,2025-12-04T01:54:18,"{""duration_seconds"": 642, ""source_type"": ""call_record"", ""verified"": false}"
R003842,P081,P080,MET,0.85,2026-03-16T10:13:10,"{""details"": ""Brief meeting observed"", ""source_type"": ""surveillance"", ""verified"": false}"
R003843,P413,P418,MET,0.52,2025-01-21T20:26:30,"{""details"": ""Brief meeting observed"", ""source_type"": ""surveillance"", ""verified"": false}"
R003844,P328,P353,ASSOCIATED,0.7,2025-01-09T05:07:20,"{""context"": ""Indirect association noted as an analytical lead, not confirmed activity"", ""source_type"": ""informant_tip"", ""verified"": false}"
R003845,P309,P320,LOCATED_WITH,0.94,2026-01-02T13:47:11,"{""observation_note"": ""Presence recorded at location"", ""source_type"": ""location_record""}"
R003846,P078,ORG088,ASSOCIATED_WITH,0.68,2026-08-15T01:29:57,"{""context"": ""Indirect association noted as an analytical lead, not confirmed activity"", ""source_type"": ""informant_tip"", ""verified"": false}"
R003847,V103,LOC003,SEEN_AT,0.54,2026-06-07T03:40:23,"{""observation"": ""Vehicle observed in use"", ""source_type"": ""CCTV""}"
R003848,P277,PH134,CALLED,0.72,2026-04-25T02:04:33,"{""duration_seconds"": 2892, ""source_type"": ""call_record"", ""verified"": true}"
R003849,P328,P354,TRAVELED_WITH,0.52,2026-06-22T14:24:34,"{""context"": ""Joint travel recorded"", ""source_type"": ""travel_record""}"
R003850,P133,P158,MET,0.77,2025-03-22T08:38:41,"{""details"": ""Brief meeting observed"", ""source_type"": ""surveillance"", ""verified"": false}"
R003851,P142,P127,MESSAGED,0.53,2025-12-18T20:45:00,"{""message_count"": 9, ""source_type"": ""communication_record""}"
R003852,P021,ACC121,OWNS_ACCOUNT,0.52,2026-03-20T05:41:07,"{""account_status"": ""active"", ""source_type"": ""financial_registry""}"
R003853,P415,P423,PARTNER,0.73,2025-12-05T04:09:05,"{""relationship_note"": ""Family relation recorded"", ""source_type"": ""public_record""}"
R003854,P014,V004,OWNS_VEHICLE,0.98,2026-04-25T20:08:05,"{""registration_status"": ""active"", ""source_type"": ""vehicle_registry""}"
R003855,P369,P396,PARTNER,0.84,2026-01-01T13:53:12,"{""relationship_note"": ""Partner relation recorded"", ""source_type"": ""public_record""}"
R003856,P158,PH192,MESSAGED,0.98,2026-04-11T08:53:34,"{""message_count"": 80, ""source_type"": ""communication_record""}"
R003857,P185,P196,MESSAGED,0.63,2026-08-14T08:59:32,"{""message_count"": 43, ""source_type"": ""communication_record""}"
R003858,P175,P165,EMPLOYED_WITH,0.96,2025-03-06T18:19:37,"{""context"": ""Shared employment recorded"", ""source_type"": ""employment_record""}"
R003859,P426,LOC025,VISITED,0.62,2025-10-12T13:58:00,"{""duration_minutes"": 204, ""source_type"": ""location_record""}"
R003860,PH109,PH193,COMMUNICATED_WITH,0.69,2026-08-20T00:26:51,"{""contact_count"": 74, ""source_type"": ""telecom_record""}"
R003861,P224,V137,TRAVELED_IN,0.56,2026-06-18T09:31:11,"{""trip_note"": ""Travel recorded together"", ""source_type"": ""field_report""}"
R003862,P402,PH082,OWNS_PHONE,0.67,2025-10-20T14:38:44,"{""registration_status"": ""active"", ""source_type"": ""telecom_registry""}"
R003863,P296,V012,USED_VEHICLE,0.89,2025-12-22T14:06:19,"{""observation"": ""Vehicle observed in use"", ""source_type"": ""CCTV""}"
R003864,P415,P411,EMPLOYED_WITH,0.58,2025-12-07T07:34:22,"{""context"": ""Shared employment recorded"", ""source_type"": ""employment_record""}"
R003865,P224,V068,USED_VEHICLE,0.66,2026-06-08T09:17:47,"{""observation"": ""Vehicle observed in use"", ""source_type"": ""CCTV""}"
R003866,P102,P109,TRAVELED_WITH,0.86,2026-03-25T14:28:35,"{""context"": ""Joint travel recorded"", ""source_type"": ""travel_record""}"
R003867,P021,P012,CALLED,0.92,2025-04-01T12:50:09,"{""duration_seconds"": 2203, ""source_type"": ""call_record"", ""verified"": false}"
R003868,P318,P321,TRAVELED_WITH,0.58,2025-11-26T13:21:19,"{""context"": ""Joint travel recorded"", ""source_type"": ""travel_record""}"
R003869,P029,P070,EMPLOYED_WITH,0.9,2026-03-25T01:43:45,"{""context"": ""Shared employment recorded"", ""source_type"": ""employment_record""}"
R003870,P330,P004,ASSOCIATED,0.93,2026-06-24T09:25:27,"{""context"": ""Indirect association noted as an analytical lead, not confirmed activity"", ""source_type"": ""informant_tip"", ""verified"": false}"
R003871,P302,P318,FAMILY,0.66,2025-11-22T03:06:13,"{""relationship_note"": ""Partner relation recorded"", ""source_type"": ""public_record""}"
R003872,P415,P419,LOCATED_WITH,0.85,2025-05-08T08:32:10,"{""observation_note"": ""Presence recorded at location"", ""source_type"": ""location_record""}"
R003873,P328,P344,FAMILY,0.65,2025-02-19T21:28:40,"{""relationship_note"": ""Family relation recorded"", ""source_type"": ""public_record""}"
R003874,P455,P469,ASSOCIATED,0.83,2026-03-30T12:12:41,"{""context"": ""Indirect association noted as an analytical lead, not confirmed activity"", ""source_type"": ""informant_tip"", ""verified"": false}"
R003875,ORG056,ORG011,PARTNERED_WITH,0.72,2025-05-20T23:52:30,"{""relationship_note"": ""Organizational link recorded"", ""source_type"": ""corporate_record""}"
R003876,P170,P156,MET,0.92,2026-02-20T19:22:27,"{""details"": ""Brief meeting observed"", ""source_type"": ""surveillance"", ""verified"": false}"
R003877,P229,P261,TRAVELED_WITH,0.93,2026-02-25T19:06:15,"{""context"": ""Joint travel recorded"", ""source_type"": ""travel_record""}"
R003878,P133,V030,OWNS_VEHICLE,0.95,2025-02-23T19:18:32,"{""registration_status"": ""active"", ""source_type"": ""vehicle_registry""}"
R003879,P215,ACC001,TRANSFERRED_TO,0.84,2025-04-16T18:48:49,"{""amount"": 316156, ""currency"": ""INR"", ""transaction_type"": ""upi_transfer""}"
R003880,P029,P033,PARTNER,0.94,2025-12-19T09:10:44,"{""relationship_note"": ""Family relation recorded"", ""source_type"": ""public_record""}"
R003881,P143,P139,TRAVELED_WITH,0.56,2026-05-20T15:43:58,"{""context"": ""Joint travel recorded"", ""source_type"": ""travel_record""}"
R003882,P275,ORG052,VISITED_ORG,0.57,2025-10-07T17:31:17,"{""duration_minutes"": 38, ""source_type"": ""location_record""}"
R003883,P463,V120,OWNS_VEHICLE,0.51,2025-07-06T09:46:56,"{""registration_status"": ""active"", ""source_type"": ""vehicle_registry""}"
R003884,P367,P360,FAMILY,0.53,2025-07-09T23:12:03,"{""relationship_note"": ""Partner relation recorded"", ""source_type"": ""public_record""}"
R003885,P029,ACC106,TRANSACTION_WITH,0.81,2025-05-17T21:44:27,"{""amount"": 85409, ""currency"": ""INR"", ""transaction_type"": ""wire_transfer""}"
R003886,P028,P031,EMPLOYED_WITH,0.6,2025-10-01T12:26:18,"{""context"": ""Shared employment recorded"", ""source_type"": ""employment_record""}"
R003887,P279,PH125,USED_PHONE,0.76,2026-01-17T19:01:14,"{""observation"": ""Device usage recorded"", ""source_type"": ""telecom_record""}"
R003888,P030,LOC090,RESIDES_AT,0.93,2025-11-03T21:03:50,"{""since"": ""2025-09-27"", ""source_type"": ""registration_record""}"
R003889,P258,PH097,CALLED,0.61,2026-02-01T15:20:15,"{""duration_seconds"": 1788, ""source_type"": ""call_record"", ""verified"": false}"
R003890,P259,V008,OWNS_VEHICLE,0.58,2025-08-19T06:15:42,"{""registration_status"": ""active"", ""source_type"": ""vehicle_registry""}"
R003891,P099,LOC018,WORKS_AT,0.54,2026-06-13T16:27:33,"{""role"": ""Manager"", ""source_type"": ""employment_record""}"
R003892,P217,ORG006,VISITED_ORG,0.95,2026-02-11T11:14:05,"{""duration_minutes"": 85, ""source_type"": ""location_record""}"
R003893,P192,LOC092,TRAVELED_TO,0.8,2026-04-22T11:35:17,"{""mode"": ""rail"", ""source_type"": ""travel_record""}"
R003894,P367,P353,MESSAGED,0.91,2025-07-14T06:03:33,"{""message_count"": 43, ""source_type"": ""communication_record""}"
R003895,P413,LOC059,WORKS_AT,0.54,2026-02-24T17:40:29,"{""role"": ""Manager"", ""source_type"": ""employment_record""}"
R003896,P217,P214,MET,0.56,2025-05-04T18:21:05,"{""details"": ""Brief meeting observed"", ""source_type"": ""surveillance"", ""verified"": false}"
R003897,P333,P331,EMPLOYED_WITH,0.76,2025-04-16T18:39:15,"{""context"": ""Shared employment recorded"", ""source_type"": ""employment_record""}"
R003898,P115,V002,TRAVELED_IN,0.75,2025-01-23T13:43:20,"{""trip_note"": ""Travel recorded together"", ""source_type"": ""field_report""}"
R003899,P398,ORG057,MEMBER_OF,0.98,2025-12-15T14:54:21,"{""context"": ""Shared membership recorded"", ""source_type"": ""field_report""}"
R003900,P102,ACC138,TRANSACTION_WITH,0.61,2025-01-06T15:12:31,"{""amount"": 116820, ""currency"": ""INR"", ""transaction_type"": ""wire_transfer""}"
R003901,P230,PH088,CALLED,0.94,2025-09-27T11:46:46,"{""duration_seconds"": 725, ""source_type"": ""call_record"", ""verified"": true}"
R003902,P243,ACC183,TRANSACTION_WITH,0.88,2025-04-11T05:57:05,"{""amount"": 29825, ""currency"": ""INR"", ""transaction_type"": ""wire_transfer""}"
R003903,P288,P280,TRAVELED_WITH,0.61,2025-09-21T19:39:47,"{""context"": ""Joint travel recorded"", ""source_type"": ""travel_record""}"
R003904,P272,PH115,USED_PHONE,0.95,2025-04-09T07:19:12,"{""observation"": ""Device usage recorded"", ""source_type"": ""telecom_record""}"
R003905,P019,P005,MESSAGED,0.67,2026-07-05T20:10:52,"{""message_count"": 106, ""source_type"": ""communication_record""}"
R003906,P288,P291,SUSPECTED_ASSOCIATE,0.64,2026-07-19T05:55:16,"{""context"": ""Indirect association noted as an analytical lead, not confirmed activity"", ""source_type"": ""informant_tip"", ""verified"": false}"
R003907,P453,P494,TRAVELED_WITH,0.88,2026-01-06T05:53:12,"{""context"": ""Joint travel recorded"", ""source_type"": ""travel_record""}"
R003908,P193,P186,MEMBER_OF,0.5,2026-05-16T22:14:41,"{""context"": ""Shared membership recorded"", ""source_type"": ""field_report""}"
R003909,P360,ACC111,RECEIVED_FROM,0.74,2025-08-05T08:18:53,"{""amount"": 120176, ""currency"": ""INR"", ""transaction_type"": ""cash_deposit""}"
R003910,P462,P469,LOCATED_WITH,0.67,2025-05-19T12:02:51,"{""observation_note"": ""Presence recorded at location"", ""source_type"": ""location_record""}"
R003911,P029,P070,MEMBER_OF,0.94,2026-06-20T12:41:08,"{""context"": ""Shared membership recorded"", ""source_type"": ""field_report""}"
R003912,P288,P284,FAMILY,0.71,2026-04-23T15:41:15,"{""relationship_note"": ""Family relation recorded"", ""source_type"": ""public_record""}"
R003913,P158,P180,SUSPECTED_ASSOCIATE,0.97,2026-08-16T11:44:54,"{""context"": ""Indirect association noted as an analytical lead, not confirmed activity"", ""source_type"": ""informant_tip"", ""verified"": false}"
R003914,P453,P500,CALLED,0.77,2025-01-23T11:24:12,"{""duration_seconds"": 1029, ""source_type"": ""call_record"", ""verified"": false}"
R003915,P415,P180,MET,0.9,2026-08-12T06:23:19,"{""details"": ""Brief meeting observed"", ""source_type"": ""surveillance"", ""verified"": false}"
R003916,P234,P241,SUSPECTED_ASSOCIATE,0.66,2025-04-11T10:20:03,"{""context"": ""Indirect association noted as an analytical lead, not confirmed activity"", ""source_type"": ""informant_tip"", ""verified"": false}"
R003917,P180,P195,EMPLOYED_WITH,0.67,2026-06-06T15:34:37,"{""context"": ""Shared employment recorded"", ""source_type"": ""employment_record""}"
R003918,P014,P022,PARTNER,0.81,2026-03-19T18:21:35,"{""relationship_note"": ""Family relation recorded"", ""source_type"": ""public_record""}"
R003919,P143,P135,CALLED,0.67,2026-07-01T19:41:18,"{""duration_seconds"": 672, ""source_type"": ""call_record"", ""verified"": false}"
R003920,P413,P410,PARTNER,0.72,2026-05-30T19:33:54,"{""relationship_note"": ""Family relation recorded"", ""source_type"": ""public_record""}"
R003921,P311,V025,USED_VEHICLE,0.93,2025-02-27T17:09:45,"{""observation"": ""Vehicle observed in use"", ""source_type"": ""CCTV""}"
R003922,P046,PH096,USED_PHONE,0.74,2026-07-06T06:59:31,"{""observation"": ""Device usage recorded"", ""source_type"": ""telecom_record""}"
R003923,P025,V053,OWNS_VEHICLE,0.52,2025-09-06T07:04:13,"{""registration_status"": ""active"", ""source_type"": ""vehicle_registry""}"
R003924,P304,LOC098,RESIDES_AT,0.81,2025-04-16T06:01:11,"{""since"": ""2025-07-23"", ""source_type"": ""registration_record""}"
R003925,P272,P277,TRAVELED_WITH,0.86,2025-01-20T23:28:02,"{""context"": ""Joint travel recorded"", ""source_type"": ""travel_record""}"
R003926,P350,PH024,USED_PHONE,0.89,2025-07-07T22:41:32,"{""observation"": ""Device usage recorded"", ""source_type"": ""telecom_record""}"
R003927,P004,V045,USED_VEHICLE,0.79,2025-08-09T23:42:48,"{""observation"": ""Vehicle observed in use"", ""source_type"": ""CCTV""}"
R003928,PH165,PH006,COMMUNICATED_WITH,0.78,2025-12-06T01:05:56,"{""contact_count"": 12, ""source_type"": ""telecom_record""}"
R003929,P426,P472,CALLED,0.73,2026-07-11T13:27:02,"{""duration_seconds"": 1313, ""source_type"": ""call_record"", ""verified"": true}"
R003930,P299,V065,USED_VEHICLE,0.54,2025-08-08T06:41:52,"{""observation"": ""Vehicle observed in use"", ""source_type"": ""CCTV""}"
R003931,P426,LOC042,LOCATED_AT,0.65,2026-05-25T01:41:12,"{""observation_note"": ""Presence recorded at location"", ""source_type"": ""location_record""}"
R003932,P215,P213,LOCATED_WITH,0.89,2026-03-07T01:29:43,"{""observation_note"": ""Presence recorded at location"", ""source_type"": ""location_record""}"
R003933,P121,V129,OWNS_VEHICLE,0.85,2026-07-21T21:35:35,"{""registration_status"": ""active"", ""source_type"": ""vehicle_registry""}"
R003934,P328,P356,ASSOCIATED,0.71,2025-06-06T23:57:01,"{""context"": ""Indirect association noted as an analytical lead, not confirmed activity"", ""source_type"": ""informant_tip"", ""verified"": false}"
R003935,P389,P404,MEMBER_OF,0.88,2025-05-25T04:34:15,"{""context"": ""Shared membership recorded"", ""source_type"": ""field_report""}"
R003936,P246,PH058,USED_PHONE,0.52,2026-06-25T10:45:16,"{""observation"": ""Device usage recorded"", ""source_type"": ""telecom_record""}"
R003937,P225,P026,TRAVELED_WITH,0.8,2025-08-26T03:29:28,"{""context"": ""Joint travel recorded"", ""source_type"": ""travel_record""}"
R003938,P288,P285,TRAVELED_WITH,0.9,2026-03-25T07:44:22,"{""context"": ""Joint travel recorded"", ""source_type"": ""travel_record""}"
R003939,P028,P049,LOCATED_WITH,0.61,2026-03-24T04:05:57,"{""observation_note"": ""Presence recorded at location"", ""source_type"": ""location_record""}"
R003940,P028,P049,ASSOCIATED,0.71,2026-03-13T04:45:24,"{""context"": ""Indirect association noted as an analytical lead, not confirmed activity"", ""source_type"": ""informant_tip"", ""verified"": false}"
R003941,P021,ORG039,VISITED_ORG,0.98,2025-11-06T16:09:52,"{""duration_minutes"": 187, ""source_type"": ""location_record""}"
R003942,P038,ORG084,VISITED_ORG,0.61,2025-02-23T18:04:09,"{""duration_minutes"": 145, ""source_type"": ""location_record""}"
R003943,P419,ORG098,WORKS_FOR,0.73,2025-03-13T15:30:36,"{""role"": ""Consultant"", ""source_type"": ""employment_record""}"
R003944,P109,P150,CALLED,0.63,2026-08-04T18:04:12,"{""duration_seconds"": 1521, ""source_type"": ""call_record"", ""verified"": false}"
R003945,P259,P263,CALLED,0.85,2026-01-18T23:54:53,"{""duration_seconds"": 1873, ""source_type"": ""call_record"", ""verified"": false}"
R003946,P333,V118,USED_VEHICLE,0.57,2025-04-30T05:22:28,"{""observation"": ""Vehicle observed in use"", ""source_type"": ""CCTV""}"
R003947,P413,P414,ASSOCIATED,0.82,2025-10-21T01:50:06,"{""context"": ""Indirect association noted as an analytical lead, not confirmed activity"", ""source_type"": ""informant_tip"", ""verified"": false}"
R003948,P047,ACC172,OWNS_ACCOUNT,0.86,2026-01-27T08:02:38,"{""account_status"": ""active"", ""source_type"": ""financial_registry""}"
R003949,P360,V008,TRAVELED_IN,0.97,2025-09-03T00:32:57,"{""trip_note"": ""Travel recorded together"", ""source_type"": ""field_report""}"
R003950,P180,V053,TRAVELED_IN,0.53,2026-03-22T07:39:59,"{""trip_note"": ""Travel recorded together"", ""source_type"": ""field_report""}"
R003951,P369,P259,MET,0.7,2025-12-25T13:54:10,"{""details"": ""Extended meeting recorded"", ""source_type"": ""surveillance"", ""verified"": false}"
R003952,P081,P083,ASSOCIATED,0.53,2026-04-15T14:29:14,"{""context"": ""Indirect association noted as an analytical lead, not confirmed activity"", ""source_type"": ""informant_tip"", ""verified"": false}"
R003953,P389,P395,SUSPECTED_ASSOCIATE,0.95,2026-07-31T11:24:51,"{""context"": ""Indirect association noted as an analytical lead, not confirmed activity"", ""source_type"": ""informant_tip"", ""verified"": false}"
R003954,P120,P107,TRAVELED_WITH,0.89,2025-02-07T17:09:09,"{""context"": ""Joint travel recorded"", ""source_type"": ""travel_record""}"
R003955,P415,P418,MEMBER_OF,0.81,2026-02-20T04:06:51,"{""context"": ""Shared membership recorded"", ""source_type"": ""field_report""}"
R003956,P160,PH188,MESSAGED,0.5,2025-07-09T01:24:48,"{""message_count"": 148, ""source_type"": ""communication_record""}"
R003957,P158,P174,TRAVELED_WITH,0.68,2025-04-21T09:41:36,"{""context"": ""Joint travel recorded"", ""source_type"": ""travel_record""}"
R003958,P175,ACC029,RECEIVED_FROM,0.6,2026-07-31T20:49:45,"{""amount"": 403832, ""currency"": ""INR"", ""transaction_type"": ""bank_transfer""}"
R003959,P461,ORG040,WORKS_FOR,0.75,2025-11-23T20:51:00,"{""role"": ""Manager"", ""source_type"": ""employment_record""}"
R003960,P239,V144,USED_VEHICLE,0.95,2025-07-02T16:35:26,"{""observation"": ""Vehicle observed in use"", ""source_type"": ""CCTV""}"
R003961,P280,P281,ASSOCIATED,0.76,2026-01-15T20:20:56,"{""context"": ""Indirect association noted as an analytical lead, not confirmed activity"", ""source_type"": ""informant_tip"", ""verified"": false}"
R003962,P218,P214,ASSOCIATED,0.89,2026-06-24T17:04:21,"{""context"": ""Indirect association noted as an analytical lead, not confirmed activity"", ""source_type"": ""informant_tip"", ""verified"": false}"
R003963,P125,P116,MEMBER_OF,0.56,2026-07-28T06:19:43,"{""context"": ""Shared membership recorded"", ""source_type"": ""field_report""}"
R003964,P422,P416,MEMBER_OF,0.56,2025-03-24T01:26:35,"{""context"": ""Shared membership recorded"", ""source_type"": ""field_report""}"
R003965,P053,P060,MET,0.68,2025-08-23T12:00:14,"{""details"": ""Meeting recorded at location"", ""source_type"": ""surveillance"", ""verified"": true}"
R003966,P333,V018,OWNS_VEHICLE,0.54,2026-07-07T12:19:30,"{""registration_status"": ""active"", ""source_type"": ""vehicle_registry""}"
R003967,P438,P415,CALLED,0.75,2025-04-02T20:34:38,"{""duration_seconds"": 696, ""source_type"": ""call_record"", ""verified"": false}"
R003968,P167,V070,USED_VEHICLE,0.69,2025-01-18T04:37:53,"{""observation"": ""Vehicle observed in use"", ""source_type"": ""CCTV""}"
R003969,P244,P242,MESSAGED,0.95,2025-07-20T13:16:42,"{""message_count"": 60, ""source_type"": ""communication_record""}"
R003970,P107,P326,FAMILY,0.65,2025-03-11T12:29:28,"{""relationship_note"": ""Partner relation recorded"", ""source_type"": ""public_record""}"
R003971,P369,LOC004,RESIDES_AT,0.5,2025-10-03T02:15:01,"{""since"": ""2025-01-06"", ""source_type"": ""registration_record""}"
R003972,P453,LOC083,WORKS_AT,0.98,2025-03-14T00:20:54,"{""role"": ""Manager"", ""source_type"": ""employment_record""}"
R003973,P180,P185,ASSOCIATED,0.92,2026-07-07T03:13:47,"{""context"": ""Indirect association noted as an analytical lead, not confirmed activity"", ""source_type"": ""informant_tip"", ""verified"": false}"
R003974,P193,ACC136,TRANSFERRED_TO,0.61,2025-12-12T15:47:16,"{""amount"": 193254, ""currency"": ""INR"", ""transaction_type"": ""bank_transfer""}"
R003975,P010,ACC150,TRANSACTION_WITH,0.59,2025-09-10T07:31:58,"{""amount"": 15901, ""currency"": ""INR"", ""transaction_type"": ""bank_transfer""}"
R003976,P029,P073,MET,0.92,2025-10-08T04:08:48,"{""details"": ""Meeting recorded at location"", ""source_type"": ""surveillance"", ""verified"": true}"
R003977,P132,P458,SUSPECTED_ASSOCIATE,0.52,2026-02-14T20:51:27,"{""context"": ""Indirect association noted as an analytical lead, not confirmed activity"", ""source_type"": ""informant_tip"", ""verified"": false}"
R003978,P446,PH085,MESSAGED,0.85,2025-05-15T03:44:38,"{""message_count"": 148, ""source_type"": ""communication_record""}"
R003979,P102,P120,CALLED,0.69,2026-07-06T08:04:50,"{""duration_seconds"": 2374, ""source_type"": ""call_record"", ""verified"": false}"
R003980,P333,P340,MEMBER_OF,0.67,2025-03-07T16:00:19,"{""context"": ""Shared membership recorded"", ""source_type"": ""field_report""}"
R003981,P446,P419,CALLED,0.53,2025-01-10T07:20:20,"{""duration_seconds"": 1845, ""source_type"": ""call_record"", ""verified"": true}"
R003982,P133,P145,LOCATED_WITH,0.65,2025-12-25T00:51:59,"{""observation_note"": ""Presence recorded at location"", ""source_type"": ""location_record""}"
R003983,P390,P400,ASSOCIATED,0.74,2025-11-14T21:53:31,"{""context"": ""Indirect association noted as an analytical lead, not confirmed activity"", ""source_type"": ""informant_tip"", ""verified"": false}"
R003984,P309,P324,MET,0.81,2025-12-18T21:49:21,"{""details"": ""Brief meeting observed"", ""source_type"": ""surveillance"", ""verified"": false}"
R003985,P301,P133,ASSOCIATED,0.88,2025-02-28T04:05:31,"{""context"": ""Indirect association noted as an analytical lead, not confirmed activity"", ""source_type"": ""informant_tip"", ""verified"": false}"
R003986,P044,ACC074,RECEIVED_FROM,0.59,2025-08-23T08:45:31,"{""amount"": 370444, ""currency"": ""INR"", ""transaction_type"": ""cash_deposit""}"
R003987,P418,P109,MESSAGED,0.9,2026-06-14T11:05:55,"{""message_count"": 92, ""source_type"": ""communication_record""}"
R003988,P283,LOC072,RESIDES_AT,0.56,2026-05-27T10:07:00,"{""since"": ""2025-06-11"", ""source_type"": ""registration_record""}"
R003989,P180,P199,EMPLOYED_WITH,0.67,2025-04-18T14:13:14,"{""context"": ""Shared employment recorded"", ""source_type"": ""employment_record""}"
R003990,P413,P456,CALLED,0.76,2026-07-21T01:04:06,"{""duration_seconds"": 2450, ""source_type"": ""call_record"", ""verified"": false}"
R003991,P286,P290,MET,0.65,2026-07-15T10:20:52,"{""details"": ""Brief meeting observed"", ""source_type"": ""surveillance"", ""verified"": false}"
R003992,P389,P051,SUSPECTED_ASSOCIATE,0.92,2026-07-08T11:09:19,"{""context"": ""Indirect association noted as an analytical lead, not confirmed activity"", ""source_type"": ""informant_tip"", ""verified"": false}"
R003993,P378,P386,LOCATED_WITH,0.74,2026-08-12T22:46:36,"{""observation_note"": ""Presence recorded at location"", ""source_type"": ""location_record""}"
R003994,P468,ACC048,RECEIVED_FROM,0.62,2026-08-21T18:42:56,"{""amount"": 378832, ""currency"": ""INR"", ""transaction_type"": ""upi_transfer""}"
R003995,P226,ACC015,TRANSACTION_WITH,0.73,2026-03-11T15:06:03,"{""amount"": 294368, ""currency"": ""INR"", ""transaction_type"": ""bank_transfer""}"
R003996,P099,PH025,USED_PHONE,0.58,2025-09-22T13:55:58,"{""observation"": ""Device usage recorded"", ""source_type"": ""telecom_record""}"
R003997,P395,V141,TRAVELED_IN,0.97,2026-07-19T17:38:15,"{""trip_note"": ""Travel recorded together"", ""source_type"": ""field_report""}"
R003998,P281,V150,USED_VEHICLE,0.53,2025-11-12T11:43:26,"{""observation"": ""Vehicle observed in use"", ""source_type"": ""CCTV""}"
R003999,P082,P100,EMPLOYED_WITH,0.77,2025-11-12T05:53:44,"{""context"": ""Shared employment recorded"", ""source_type"": ""employment_record""}"
R004000,P227,P239,SUSPECTED_ASSOCIATE,0.83,2026-03-20T13:54:19,"{""context"": ""Indirect association noted as an analytical lead, not confirmed activity"", ""source_type"": ""informant_tip"", ""verified"": false}"
R004001,P102,P229,MET,0.87,2025-03-26T05:02:45,"{""details"": ""Meeting recorded at location"", ""source_type"": ""surveillance"", ""verified"": false}"
R004002,P025,P024,MEMBER_OF,0.85,2025-07-11T01:09:48,"{""context"": ""Shared membership recorded"", ""source_type"": ""field_report""}"
R004003,P112,V010,TRAVELED_IN,0.74,2026-08-07T16:13:55,"{""trip_note"": ""Travel recorded together"", ""source_type"": ""field_report""}"
R004004,P280,LOC066,VISITED,0.61,2026-08-08T10:53:08,"{""duration_minutes"": 134, ""source_type"": ""location_record""}"
R004005,P217,P219,SUSPECTED_ASSOCIATE,0.7,2025-05-01T01:01:52,"{""context"": ""Indirect association noted as an analytical lead, not confirmed activity"", ""source_type"": ""informant_tip"", ""verified"": false}"
R004006,P174,PH122,MESSAGED,0.89,2026-04-24T05:18:24,"{""message_count"": 69, ""source_type"": ""communication_record""}"
R004007,P221,LOC055,TRAVELED_TO,0.73,2025-11-03T18:43:46,"{""mode"": ""rail"", ""source_type"": ""travel_record""}"
R004008,P246,PH115,USED_PHONE,0.99,2025-03-11T18:13:18,"{""observation"": ""Device usage recorded"", ""source_type"": ""telecom_record""}"
R004009,P413,P407,LOCATED_WITH,0.87,2026-01-06T05:00:33,"{""observation_note"": ""Presence recorded at location"", ""source_type"": ""location_record""}"
R004010,P217,V046,OWNS_VEHICLE,0.69,2025-02-17T09:18:40,"{""registration_status"": ""active"", ""source_type"": ""vehicle_registry""}"
R004011,ORG017,ORG096,CONNECTED_TO,0.69,2025-06-25T08:37:20,"{""relationship_note"": ""Organizational link recorded"", ""source_type"": ""corporate_record""}"
R004012,P099,ACC096,RECEIVED_FROM,0.97,2025-07-18T14:23:27,"{""amount"": 117248, ""currency"": ""INR"", ""transaction_type"": ""cash_deposit""}"
R004013,P229,P235,MET,0.52,2026-07-10T22:29:43,"{""details"": ""Brief meeting observed"", ""source_type"": ""surveillance"", ""verified"": true}"
R004014,P309,P314,TRAVELED_WITH,0.68,2025-12-03T01:44:59,"{""context"": ""Joint travel recorded"", ""source_type"": ""travel_record""}"
R004015,P362,P351,TRAVELED_WITH,0.89,2026-07-04T23:45:29,"{""context"": ""Joint travel recorded"", ""source_type"": ""travel_record""}"
R004016,P350,LOC099,RESIDES_AT,0.7,2025-06-13T01:35:33,"{""since"": ""2025-06-12"", ""source_type"": ""registration_record""}"
R004017,P493,P494,EMPLOYED_WITH,0.84,2026-01-18T14:06:47,"{""context"": ""Shared employment recorded"", ""source_type"": ""employment_record""}"
R004018,P082,P084,TRAVELED_WITH,0.59,2026-08-22T16:20:44,"{""context"": ""Joint travel recorded"", ""source_type"": ""travel_record""}"
R004019,P453,P469,ASSOCIATED,0.85,2026-03-27T06:57:06,"{""context"": ""Indirect association noted as an analytical lead, not confirmed activity"", ""source_type"": ""informant_tip"", ""verified"": false}"
R004020,P004,LOC089,VISITED,0.79,2026-07-24T14:37:03,"{""duration_minutes"": 41, ""source_type"": ""location_record""}"
R004021,P109,PH115,OWNS_PHONE,0.51,2025-07-14T22:40:04,"{""registration_status"": ""active"", ""source_type"": ""telecom_registry""}"
R004022,P305,P318,ASSOCIATED,0.64,2025-07-01T03:33:54,"{""context"": ""Indirect association noted as an analytical lead, not confirmed activity"", ""source_type"": ""informant_tip"", ""verified"": false}"
R004023,P051,P066,CALLED,0.77,2026-08-19T00:05:13,"{""duration_seconds"": 66, ""source_type"": ""call_record"", ""verified"": false}"
R004024,P379,P388,CALLED,0.84,2025-12-08T16:06:35,"{""duration_seconds"": 480, ""source_type"": ""call_record"", ""verified"": false}"
R004025,P272,ACC168,TRANSACTION_WITH,0.81,2026-03-20T19:02:59,"{""amount"": 155580, ""currency"": ""INR"", ""transaction_type"": ""wire_transfer""}"
R004026,P143,LOC089,TRAVELED_TO,0.57,2025-10-04T22:25:44,"{""mode"": ""rail"", ""source_type"": ""travel_record""}"
R004027,P229,P240,TRAVELED_WITH,0.66,2026-06-26T03:57:23,"{""context"": ""Joint travel recorded"", ""source_type"": ""travel_record""}"
R004028,P107,V110,USED_VEHICLE,0.76,2026-05-04T17:51:53,"{""observation"": ""Vehicle observed in use"", ""source_type"": ""CCTV""}"
R004029,P077,P110,FAMILY,0.52,2025-06-08T14:09:28,"{""relationship_note"": ""Partner relation recorded"", ""source_type"": ""public_record""}"
R004030,P433,PH174,MESSAGED,0.83,2026-04-17T14:49:10,"{""message_count"": 56, ""source_type"": ""communication_record""}"
R004031,P012,PH043,CALLED,0.55,2025-03-04T08:57:00,"{""duration_seconds"": 2103, ""source_type"": ""call_record"", ""verified"": false}"
R004032,P461,V093,USED_VEHICLE,0.88,2026-06-08T15:51:43,"{""observation"": ""Vehicle observed in use"", ""source_type"": ""CCTV""}"
R004033,P071,PH003,OWNS_PHONE,0.69,2026-07-20T01:17:20,"{""registration_status"": ""active"", ""source_type"": ""telecom_registry""}"
R004034,P309,P314,SUSPECTED_ASSOCIATE,0.61,2026-07-27T00:15:27,"{""context"": ""Indirect association noted as an analytical lead, not confirmed activity"", ""source_type"": ""informant_tip"", ""verified"": false}"
R004035,P453,P051,MEMBER_OF,0.78,2025-11-21T07:43:01,"{""context"": ""Shared membership recorded"", ""source_type"": ""field_report""}"
R004036,P367,P355,MESSAGED,0.69,2026-03-10T19:24:34,"{""message_count"": 40, ""source_type"": ""communication_record""}"
R004037,P113,P110,LOCATED_WITH,0.83,2025-10-01T18:30:38,"{""observation_note"": ""Presence recorded at location"", ""source_type"": ""location_record""}"
R004038,P162,P151,LOCATED_WITH,0.78,2026-04-09T08:53:10,"{""observation_note"": ""Presence recorded at location"", ""source_type"": ""location_record""}"
R004039,P217,P212,FAMILY,0.73,2026-08-01T23:00:32,"{""relationship_note"": ""Partner relation recorded"", ""source_type"": ""public_record""}"
R004040,P045,P050,MESSAGED,0.73,2025-02-11T14:43:02,"{""message_count"": 53, ""source_type"": ""communication_record""}"
R004041,P471,P463,ASSOCIATED,0.73,2025-10-20T01:57:06,"{""context"": ""Indirect association noted as an analytical lead, not confirmed activity"", ""source_type"": ""informant_tip"", ""verified"": false}"
R004042,P453,V053,OWNS_VEHICLE,0.64,2025-05-25T09:11:40,"{""registration_status"": ""active"", ""source_type"": ""vehicle_registry""}"
R004043,P309,P302,LOCATED_WITH,0.65,2025-12-18T17:04:53,"{""observation_note"": ""Presence recorded at location"", ""source_type"": ""location_record""}"
R004044,P109,P086,MET,0.72,2025-11-04T20:08:02,"{""details"": ""Extended meeting recorded"", ""source_type"": ""surveillance"", ""verified"": true}"
R004045,P299,PH162,CALLED,0.96,2026-02-04T07:28:55,"{""duration_seconds"": 389, ""source_type"": ""call_record"", ""verified"": false}"
R004046,ORG026,ORG064,TRANSACTION_WITH,0.55,2025-02-15T06:24:38,"{""amount"": 217992, ""currency"": ""INR"", ""transaction_type"": ""wire_transfer""}"
R004047,P309,ORG072,ASSOCIATED_WITH,0.55,2026-08-22T23:31:53,"{""context"": ""Indirect association noted as an analytical lead, not confirmed activity"", ""source_type"": ""informant_tip"", ""verified"": false}"
R004048,P341,P345,MEMBER_OF,0.62,2026-08-07T11:53:20,"{""context"": ""Shared membership recorded"", ""source_type"": ""field_report""}"
R004049,P367,P359,ASSOCIATED,0.96,2025-06-15T18:12:51,"{""context"": ""Indirect association noted as an analytical lead, not confirmed activity"", ""source_type"": ""informant_tip"", ""verified"": false}"
R004050,P175,P157,LOCATED_WITH,0.67,2026-01-25T06:33:00,"{""observation_note"": ""Presence recorded at location"", ""source_type"": ""location_record""}"
R004051,PH139,PH078,COMMUNICATED_WITH,0.86,2026-03-06T15:00:44,"{""contact_count"": 57, ""source_type"": ""telecom_record""}"
R004052,P475,P459,TRAVELED_WITH,0.8,2026-02-15T15:01:57,"{""context"": ""Joint travel recorded"", ""source_type"": ""travel_record""}"
R004053,P017,P011,LOCATED_WITH,0.62,2025-09-05T16:56:19,"{""observation_note"": ""Presence recorded at location"", ""source_type"": ""location_record""}"
R004054,P322,P320,SUSPECTED_ASSOCIATE,0.58,2026-03-20T05:39:27,"{""context"": ""Indirect association noted as an analytical lead, not confirmed activity"", ""source_type"": ""informant_tip"", ""verified"": false}"
R004055,P175,ACC136,TRANSFERRED_TO,0.7,2025-08-20T14:17:47,"{""amount"": 173502, ""currency"": ""INR"", ""transaction_type"": ""cash_deposit""}"
R004056,ORG046,ORG050,TRANSACTION_WITH,0.52,2025-05-25T23:40:55,"{""amount"": 123778, ""currency"": ""INR"", ""transaction_type"": ""upi_transfer""}"
R004057,P175,P157,TRAVELED_WITH,0.71,2026-02-09T18:15:01,"{""context"": ""Joint travel recorded"", ""source_type"": ""travel_record""}"
R004058,P288,P292,MET,0.72,2025-11-28T18:57:43,"{""details"": ""Brief meeting observed"", ""source_type"": ""surveillance"", ""verified"": false}"
R004059,P318,V021,OWNS_VEHICLE,0.71,2026-03-29T16:54:17,"{""registration_status"": ""active"", ""source_type"": ""vehicle_registry""}"
R004060,P312,P325,PARTNER,0.78,2025-03-31T22:31:33,"{""relationship_note"": ""Partner relation recorded"", ""source_type"": ""public_record""}"
R004061,P335,PH183,MESSAGED,0.95,2025-09-30T17:52:12,"{""message_count"": 18, ""source_type"": ""communication_record""}"
R004062,P019,PH078,OWNS_PHONE,0.56,2026-05-12T04:39:49,"{""registration_status"": ""active"", ""source_type"": ""telecom_registry""}"
R004063,P075,P073,ASSOCIATED,0.7,2025-06-22T03:07:35,"{""context"": ""Indirect association noted as an analytical lead, not confirmed activity"", ""source_type"": ""informant_tip"", ""verified"": false}"
R004064,P360,P351,TRAVELED_WITH,0.67,2025-06-23T12:56:06,"{""context"": ""Joint travel recorded"", ""source_type"": ""travel_record""}"
R004065,P004,LOC004,WORKS_AT,0.53,2025-05-30T22:12:25,"{""role"": ""Staff"", ""source_type"": ""employment_record""}"
R004066,P460,LOC012,VISITED,0.95,2025-12-28T17:14:06,"{""duration_minutes"": 148, ""source_type"": ""location_record""}"
R004067,P295,P294,SUSPECTED_ASSOCIATE,0.95,2026-08-04T17:38:46,"{""context"": ""Indirect association noted as an analytical lead, not confirmed activity"", ""source_type"": ""informant_tip"", ""verified"": false}"
R004068,P014,PH092,CALLED,0.66,2026-07-17T08:46:25,"{""duration_seconds"": 2372, ""source_type"": ""call_record"", ""verified"": true}"
R004069,P401,PH148,USED_PHONE,0.7,2026-07-29T12:54:51,"{""observation"": ""Device usage recorded"", ""source_type"": ""telecom_record""}"
R004070,P004,P006,EMPLOYED_WITH,0.6,2025-01-18T07:29:38,"{""context"": ""Shared employment recorded"", ""source_type"": ""employment_record""}"
R004071,P175,P164,PARTNER,0.55,2026-03-10T19:11:15,"{""relationship_note"": ""Partner relation recorded"", ""source_type"": ""public_record""}"
R004072,P082,P085,ASSOCIATED,0.58,2026-04-05T00:52:52,"{""context"": ""Indirect association noted as an analytical lead, not confirmed activity"", ""source_type"": ""informant_tip"", ""verified"": false}"
R004073,P044,P034,FAMILY,0.91,2026-03-13T22:27:38,"{""relationship_note"": ""Partner relation recorded"", ""source_type"": ""public_record""}"
R004074,P239,ORG067,VISITED_ORG,0.77,2025-02-26T17:35:49,"{""duration_minutes"": 103, ""source_type"": ""location_record""}"
R004075,P191,P199,FAMILY,0.96,2025-12-15T17:19:47,"{""relationship_note"": ""Family relation recorded"", ""source_type"": ""public_record""}"
R004076,P347,ORG084,MEMBER_OF,0.61,2026-07-30T06:50:13,"{""context"": ""Shared membership recorded"", ""source_type"": ""field_report""}"
R004077,P180,P211,LOCATED_WITH,0.56,2026-03-23T23:49:01,"{""observation_note"": ""Presence recorded at location"", ""source_type"": ""location_record""}"
R004078,P426,P431,CALLED,0.85,2026-05-15T14:29:32,"{""duration_seconds"": 3209, ""source_type"": ""call_record"", ""verified"": true}"
R004079,P104,ORG024,MEMBER_OF,0.66,2026-04-23T08:37:22,"{""context"": ""Shared membership recorded"", ""source_type"": ""field_report""}"
R004080,P288,P024,TRAVELED_WITH,0.61,2026-08-03T01:52:20,"{""context"": ""Joint travel recorded"", ""source_type"": ""travel_record""}"
R004081,P298,LOC072,TRAVELED_TO,0.82,2026-05-30T18:33:16,"{""mode"": ""air"", ""source_type"": ""travel_record""}"
R004082,P415,V100,OWNS_VEHICLE,0.81,2025-03-23T21:49:57,"{""registration_status"": ""active"", ""source_type"": ""vehicle_registry""}"
R004083,P328,P365,TRAVELED_WITH,0.67,2025-11-11T05:34:12,"{""context"": ""Joint travel recorded"", ""source_type"": ""travel_record""}"
R004084,P370,P354,MET,0.63,2025-04-20T12:05:25,"{""details"": ""Meeting recorded at location"", ""source_type"": ""surveillance"", ""verified"": true}"
R004085,P415,P424,EMPLOYED_WITH,0.94,2026-08-04T07:54:30,"{""context"": ""Shared employment recorded"", ""source_type"": ""employment_record""}"
R004086,P133,P135,TRAVELED_WITH,0.93,2026-08-25T12:14:37,"{""context"": ""Joint travel recorded"", ""source_type"": ""travel_record""}"
R004087,P367,P365,MET,0.7,2025-07-10T04:14:30,"{""details"": ""Extended meeting recorded"", ""source_type"": ""surveillance"", ""verified"": true}"
R004088,P280,PH011,CALLED,0.74,2026-05-11T07:10:55,"{""duration_seconds"": 595, ""source_type"": ""call_record"", ""verified"": false}"
R004089,P004,P016,SUSPECTED_ASSOCIATE,0.99,2025-04-22T03:06:52,"{""context"": ""Indirect association noted as an analytical lead, not confirmed activity"", ""source_type"": ""informant_tip"", ""verified"": false}"
R004090,P102,P119,MESSAGED,0.7,2025-12-01T19:53:05,"{""message_count"": 100, ""source_type"": ""communication_record""}"
R004091,P104,PH025,CALLED,0.69,2026-04-12T11:26:25,"{""duration_seconds"": 3523, ""source_type"": ""call_record"", ""verified"": false}"
R004092,P229,P273,SUSPECTED_ASSOCIATE,0.75,2026-02-12T08:12:10,"{""context"": ""Indirect association noted as an analytical lead, not confirmed activity"", ""source_type"": ""informant_tip"", ""verified"": false}"
R004093,P459,P471,MESSAGED,0.97,2025-01-12T03:01:18,"{""message_count"": 22, ""source_type"": ""communication_record""}"
R004094,P224,P204,EMPLOYED_WITH,0.71,2025-10-31T02:24:30,"{""context"": ""Shared employment recorded"", ""source_type"": ""employment_record""}"
R004095,P259,V070,TRAVELED_IN,0.9,2025-08-28T13:45:59,"{""trip_note"": ""Travel recorded together"", ""source_type"": ""field_report""}"
R004096,P498,P491,LOCATED_WITH,0.56,2026-03-02T22:45:39,"{""observation_note"": ""Presence recorded at location"", ""source_type"": ""location_record""}"
R004097,P389,P406,MEMBER_OF,0.68,2025-05-03T06:10:23,"{""context"": ""Shared membership recorded"", ""source_type"": ""field_report""}"
R004098,P040,ACC038,TRANSFERRED_TO,0.66,2025-04-13T15:12:35,"{""amount"": 143901, ""currency"": ""INR"", ""transaction_type"": ""cash_deposit""}"
R004099,P167,ACC191,TRANSFERRED_TO,0.69,2025-09-22T05:50:21,"{""amount"": 18245, ""currency"": ""INR"", ""transaction_type"": ""bank_transfer""}"
R004100,P145,P128,TRAVELED_WITH,0.55,2026-08-02T18:08:01,"{""context"": ""Joint travel recorded"", ""source_type"": ""travel_record""}"
R004101,P367,ACC003,RECEIVED_FROM,0.81,2025-02-13T22:27:15,"{""amount"": 476654, ""currency"": ""INR"", ""transaction_type"": ""cash_deposit""}"
R004102,P280,P281,CALLED,0.56,2025-02-17T03:39:26,"{""duration_seconds"": 2955, ""source_type"": ""call_record"", ""verified"": true}"
R004103,P288,P420,MESSAGED,0.55,2025-03-08T04:11:40,"{""message_count"": 71, ""source_type"": ""communication_record""}"
R004104,P133,ORG004,WORKS_FOR,0.9,2026-05-13T15:03:07,"{""role"": ""Advisor"", ""source_type"": ""employment_record""}"
R004105,P125,ACC051,TRANSFERRED_TO,0.83,2026-01-13T01:57:24,"{""amount"": 333514, ""currency"": ""INR"", ""transaction_type"": ""upi_transfer""}"
R004106,P328,ORG039,MEMBER_OF,0.52,2026-01-10T03:47:21,"{""context"": ""Shared membership recorded"", ""source_type"": ""field_report""}"
R004107,P082,P092,EMPLOYED_WITH,0.78,2025-03-31T03:13:48,"{""context"": ""Shared employment recorded"", ""source_type"": ""employment_record""}"
R004108,P246,PH168,OWNS_PHONE,0.51,2026-08-03T07:28:48,"{""registration_status"": ""active"", ""source_type"": ""telecom_registry""}"
R004109,P413,P415,LOCATED_WITH,0.73,2026-06-13T23:59:48,"{""observation_note"": ""Presence recorded at location"", ""source_type"": ""location_record""}"
R004110,P389,V086,USED_VEHICLE,0.68,2026-08-10T06:52:29,"{""observation"": ""Vehicle observed in use"", ""source_type"": ""CCTV""}"
R004111,P215,P210,PARTNER,0.97,2025-08-08T05:20:57,"{""relationship_note"": ""Family relation recorded"", ""source_type"": ""public_record""}"
R004112,P082,P100,MEMBER_OF,0.81,2026-08-12T03:08:43,"{""context"": ""Shared membership recorded"", ""source_type"": ""field_report""}"
R004113,P467,P456,CALLED,0.66,2025-04-01T16:28:22,"{""duration_seconds"": 1037, ""source_type"": ""call_record"", ""verified"": false}"
R004114,P102,P092,TRAVELED_WITH,0.72,2025-06-28T22:59:28,"{""context"": ""Joint travel recorded"", ""source_type"": ""travel_record""}"
R004115,P265,P267,EMPLOYED_WITH,0.85,2025-10-22T21:57:05,"{""context"": ""Shared employment recorded"", ""source_type"": ""employment_record""}"
R004116,P349,LOC017,VISITED,0.53,2025-12-13T23:57:03,"{""duration_minutes"": 125, ""source_type"": ""location_record""}"
R004117,P112,P277,SUSPECTED_ASSOCIATE,0.55,2025-02-26T02:56:04,"{""context"": ""Indirect association noted as an analytical lead, not confirmed activity"", ""source_type"": ""informant_tip"", ""verified"": false}"
R004118,P199,V025,OWNS_VEHICLE,0.82,2026-07-05T23:12:13,"{""registration_status"": ""active"", ""source_type"": ""vehicle_registry""}"
R004119,P453,P496,CALLED,0.51,2025-08-18T13:09:28,"{""duration_seconds"": 1602, ""source_type"": ""call_record"", ""verified"": true}"
R004120,P215,P213,PARTNER,0.69,2025-08-11T06:19:56,"{""relationship_note"": ""Partner relation recorded"", ""source_type"": ""public_record""}"
R004121,P109,P145,FAMILY,0.83,2026-03-26T09:12:23,"{""relationship_note"": ""Partner relation recorded"", ""source_type"": ""public_record""}"
R004122,P446,P439,FAMILY,0.73,2025-07-08T18:34:26,"{""relationship_note"": ""Family relation recorded"", ""source_type"": ""public_record""}"
R004123,P143,P146,ASSOCIATED,0.77,2026-07-18T17:56:50,"{""context"": ""Indirect association noted as an analytical lead, not confirmed activity"", ""source_type"": ""informant_tip"", ""verified"": false}"
R004124,P358,P353,EMPLOYED_WITH,0.73,2026-03-05T09:36:30,"{""context"": ""Shared employment recorded"", ""source_type"": ""employment_record""}"
R004125,P258,P268,MESSAGED,0.74,2026-07-06T21:41:58,"{""message_count"": 66, ""source_type"": ""communication_record""}"
R004126,P234,P227,ASSOCIATED,0.6,2025-12-06T12:13:35,"{""context"": ""Indirect association noted as an analytical lead, not confirmed activity"", ""source_type"": ""informant_tip"", ""verified"": false}"
R004127,P299,P302,MESSAGED,0.72,2025-05-11T00:10:23,"{""message_count"": 75, ""source_type"": ""communication_record""}"
R004128,P358,P415,CALLED,0.89,2026-06-17T15:32:10,"{""duration_seconds"": 2290, ""source_type"": ""call_record"", ""verified"": false}"
R004129,P226,P239,MEMBER_OF,0.99,2026-01-02T07:14:09,"{""context"": ""Shared membership recorded"", ""source_type"": ""field_report""}"
R004130,P004,V116,OWNS_VEHICLE,0.69,2025-11-09T09:51:46,"{""registration_status"": ""active"", ""source_type"": ""vehicle_registry""}"
R004131,P408,V031,TRAVELED_IN,0.92,2025-05-06T20:54:35,"{""trip_note"": ""Travel recorded together"", ""source_type"": ""field_report""}"
R004132,P064,P057,SUSPECTED_ASSOCIATE,0.75,2026-06-18T22:48:48,"{""context"": ""Indirect association noted as an analytical lead, not confirmed activity"", ""source_type"": ""informant_tip"", ""verified"": false}"
R004133,P230,ORG034,MEMBER_OF,0.87,2026-02-22T05:51:12,"{""context"": ""Shared membership recorded"", ""source_type"": ""field_report""}"
R004134,P106,P111,ASSOCIATED,0.68,2025-07-23T01:22:16,"{""context"": ""Indirect association noted as an analytical lead, not confirmed activity"", ""source_type"": ""informant_tip"", ""verified"": false}"
R004135,P363,P204,LOCATED_WITH,0.52,2025-12-01T16:20:49,"{""observation_note"": ""Presence recorded at location"", ""source_type"": ""location_record""}"
R004136,P058,P069,ASSOCIATED,0.95,2025-10-01T15:37:05,"{""context"": ""Indirect association noted as an analytical lead, not confirmed activity"", ""source_type"": ""informant_tip"", ""verified"": false}"
R004137,P133,P280,TRAVELED_WITH,0.76,2025-09-22T03:01:24,"{""context"": ""Joint travel recorded"", ""source_type"": ""travel_record""}"
R004138,P416,P417,PARTNER,0.51,2025-12-03T07:38:57,"{""relationship_note"": ""Partner relation recorded"", ""source_type"": ""public_record""}"
R004139,P328,V122,TRAVELED_IN,0.87,2025-12-30T06:14:04,"{""trip_note"": ""Travel recorded together"", ""source_type"": ""field_report""}"
R004140,P120,P049,ASSOCIATED,0.86,2026-03-11T06:35:15,"{""context"": ""Indirect association noted as an analytical lead, not confirmed activity"", ""source_type"": ""informant_tip"", ""verified"": false}"
R004141,P335,P334,TRAVELED_WITH,0.81,2025-10-08T17:32:12,"{""context"": ""Joint travel recorded"", ""source_type"": ""travel_record""}"
R004142,P109,P102,ASSOCIATED,0.59,2026-06-07T00:27:57,"{""context"": ""Indirect association noted as an analytical lead, not confirmed activity"", ""source_type"": ""informant_tip"", ""verified"": false}"
R004143,P230,P238,TRAVELED_WITH,0.71,2025-11-29T04:20:29,"{""context"": ""Joint travel recorded"", ""source_type"": ""travel_record""}"
R004144,P416,P417,FAMILY,0.54,2026-08-26T09:26:47,"{""relationship_note"": ""Partner relation recorded"", ""source_type"": ""public_record""}"
R004145,P313,P306,MET,0.74,2026-03-08T09:21:59,"{""details"": ""Meeting recorded at location"", ""source_type"": ""surveillance"", ""verified"": true}"
R004146,P232,P238,MET,0.52,2026-04-17T10:02:04,"{""details"": ""Meeting recorded at location"", ""source_type"": ""surveillance"", ""verified"": true}"
R004147,P464,P456,PARTNER,0.7,2025-03-24T12:52:18,"{""relationship_note"": ""Partner relation recorded"", ""source_type"": ""public_record""}"
R004148,P288,P276,CALLED,0.76,2025-05-02T09:20:32,"{""duration_seconds"": 1627, ""source_type"": ""call_record"", ""verified"": true}"
R004149,P392,LOC091,TRAVELED_TO,0.8,2025-10-26T15:06:13,"{""mode"": ""rail"", ""source_type"": ""travel_record""}"
R004150,P280,LOC012,WORKS_AT,0.67,2026-05-27T14:34:04,"{""role"": ""Contractor"", ""source_type"": ""employment_record""}"
R004151,P299,P290,MET,0.69,2026-05-29T18:53:28,"{""details"": ""Meeting recorded at location"", ""source_type"": ""surveillance"", ""verified"": true}"
R004152,P021,P041,CALLED,0.72,2025-11-03T08:12:48,"{""duration_seconds"": 1785, ""source_type"": ""call_record"", ""verified"": false}"
R004153,P376,P391,MET,0.95,2025-05-15T17:21:41,"{""details"": ""Extended meeting recorded"", ""source_type"": ""surveillance"", ""verified"": false}"
R004154,P435,P432,SUSPECTED_ASSOCIATE,0.93,2026-08-08T19:28:25,"{""context"": ""Indirect association noted as an analytical lead, not confirmed activity"", ""source_type"": ""informant_tip"", ""verified"": false}"
R004155,P144,P140,CALLED,0.6,2025-04-03T01:50:19,"{""duration_seconds"": 3326, ""source_type"": ""call_record"", ""verified"": true}"
R004156,P389,V109,OWNS_VEHICLE,0.75,2025-11-18T08:05:27,"{""registration_status"": ""active"", ""source_type"": ""vehicle_registry""}"
R004157,P367,P366,TRAVELED_WITH,0.67,2026-03-04T05:57:27,"{""context"": ""Joint travel recorded"", ""source_type"": ""travel_record""}"
R004158,P109,P107,LOCATED_WITH,0.93,2026-04-24T07:52:36,"{""observation_note"": ""Presence recorded at location"", ""source_type"": ""location_record""}"
R004159,P198,P189,ASSOCIATED,0.67,2025-10-25T05:39:00,"{""context"": ""Indirect association noted as an analytical lead, not confirmed activity"", ""source_type"": ""informant_tip"", ""verified"": false}"
R004160,P317,P321,PARTNER,0.79,2025-07-24T22:17:33,"{""relationship_note"": ""Partner relation recorded"", ""source_type"": ""public_record""}"
R004161,P175,ACC161,OWNS_ACCOUNT,0.9,2026-08-02T08:00:22,"{""account_status"": ""active"", ""source_type"": ""financial_registry""}"
R004162,P309,P305,FAMILY,0.88,2025-12-11T08:41:17,"{""relationship_note"": ""Family relation recorded"", ""source_type"": ""public_record""}"
R004163,P280,P300,LOCATED_WITH,0.7,2025-05-12T18:33:44,"{""observation_note"": ""Presence recorded at location"", ""source_type"": ""location_record""}"
R004164,P158,ORG004,ASSOCIATED_WITH,0.62,2026-05-14T09:50:01,"{""context"": ""Indirect association noted as an analytical lead, not confirmed activity"", ""source_type"": ""informant_tip"", ""verified"": false}"
R004165,P275,LOC005,TRAVELED_TO,0.88,2025-09-29T09:14:38,"{""mode"": ""rail"", ""source_type"": ""travel_record""}"
R004166,P107,P114,ASSOCIATED,0.59,2025-10-18T23:00:12,"{""context"": ""Indirect association noted as an analytical lead, not confirmed activity"", ""source_type"": ""informant_tip"", ""verified"": false}"
R004167,P299,PH078,MESSAGED,0.98,2025-07-12T08:59:24,"{""message_count"": 135, ""source_type"": ""communication_record""}"
R004168,P226,P235,MET,0.5,2025-08-03T21:59:32,"{""details"": ""Brief meeting observed"", ""source_type"": ""surveillance"", ""verified"": true}"
R004169,P151,P175,FAMILY,0.7,2026-07-03T18:33:34,"{""relationship_note"": ""Family relation recorded"", ""source_type"": ""public_record""}"
R004170,P109,ORG038,VISITED_ORG,0.95,2025-12-18T01:03:49,"{""duration_minutes"": 124, ""source_type"": ""location_record""}"
R004171,P498,P197,FAMILY,0.52,2025-11-28T16:37:29,"{""relationship_note"": ""Family relation recorded"", ""source_type"": ""public_record""}"
R004172,P105,LOC074,RESIDES_AT,0.8,2025-04-17T00:22:07,"{""since"": ""2025-07-25"", ""source_type"": ""registration_record""}"
R004173,P334,P336,MESSAGED,0.53,2026-04-07T20:48:18,"{""message_count"": 23, ""source_type"": ""communication_record""}"
R004174,P230,P248,MEMBER_OF,0.66,2026-05-04T00:05:13,"{""context"": ""Shared membership recorded"", ""source_type"": ""field_report""}"
R004175,P229,P242,FAMILY,0.6,2026-02-07T03:31:40,"{""relationship_note"": ""Family relation recorded"", ""source_type"": ""public_record""}"
R004176,P041,ORG033,VISITED_ORG,0.61,2025-01-17T21:02:17,"{""duration_minutes"": 87, ""source_type"": ""location_record""}"
R004177,P453,P458,PARTNER,0.51,2026-05-24T23:41:29,"{""relationship_note"": ""Partner relation recorded"", ""source_type"": ""public_record""}"
R004178,P214,PH048,USED_PHONE,0.87,2026-08-20T22:30:44,"{""observation"": ""Device usage recorded"", ""source_type"": ""telecom_record""}"
R004179,P217,P216,TRAVELED_WITH,0.91,2025-11-10T09:33:19,"{""context"": ""Joint travel recorded"", ""source_type"": ""travel_record""}"
R004180,P450,PH154,OWNS_PHONE,0.59,2026-06-13T07:50:53,"{""registration_status"": ""active"", ""source_type"": ""telecom_registry""}"
R004181,P413,ORG073,WORKS_FOR,0.55,2025-11-07T00:15:47,"{""role"": ""Manager"", ""source_type"": ""employment_record""}"
R004182,P288,P456,PARTNER,0.86,2025-07-16T22:34:54,"{""relationship_note"": ""Family relation recorded"", ""source_type"": ""public_record""}"
R004183,P215,ORG065,VISITED_ORG,0.72,2025-07-12T23:38:20,"{""duration_minutes"": 90, ""source_type"": ""location_record""}"
R004184,P232,ORG009,WORKS_FOR,0.87,2026-01-28T06:20:06,"{""role"": ""Contractor"", ""source_type"": ""employment_record""}"
R004185,P417,LOC055,VISITED,0.63,2025-10-10T05:37:05,"{""duration_minutes"": 131, ""source_type"": ""location_record""}"
R004186,P271,P265,TRAVELED_WITH,0.63,2025-12-20T11:05:43,"{""context"": ""Joint travel recorded"", ""source_type"": ""travel_record""}"
R004187,P120,ACC197,TRANSFERRED_TO,0.67,2025-01-09T06:09:30,"{""amount"": 112208, ""currency"": ""INR"", ""transaction_type"": ""upi_transfer""}"
R004188,P328,ACC002,RECEIVED_FROM,0.93,2025-09-13T04:51:46,"{""amount"": 460636, ""currency"": ""INR"", ""transaction_type"": ""wire_transfer""}"
R004189,P259,PH158,USED_PHONE,0.5,2026-01-08T05:06:02,"{""observation"": ""Device usage recorded"", ""source_type"": ""telecom_record""}"
R004190,P250,P238,TRAVELED_WITH,0.63,2025-12-17T20:02:30,"{""context"": ""Joint travel recorded"", ""source_type"": ""travel_record""}"
R004191,P235,V133,USED_VEHICLE,0.66,2025-03-06T05:46:18,"{""observation"": ""Vehicle observed in use"", ""source_type"": ""CCTV""}"
R004192,P494,PH011,CALLED,0.77,2025-07-27T08:52:03,"{""duration_seconds"": 2714, ""source_type"": ""call_record"", ""verified"": false}"
R004193,PH052,PH048,COMMUNICATED_WITH,0.98,2026-04-02T10:05:56,"{""contact_count"": 5, ""source_type"": ""telecom_record""}"
R004194,P182,P186,EMPLOYED_WITH,0.58,2025-10-16T17:47:01,"{""context"": ""Shared employment recorded"", ""source_type"": ""employment_record""}"
R004195,P067,PH093,OWNS_PHONE,0.58,2026-08-30T19:19:48,"{""registration_status"": ""active"", ""source_type"": ""telecom_registry""}"
R004196,P426,LOC078,VISITED,0.96,2026-05-20T01:44:41,"{""duration_minutes"": 173, ""source_type"": ""location_record""}"
R004197,P112,PH154,USED_PHONE,0.9,2025-10-24T00:10:13,"{""observation"": ""Device usage recorded"", ""source_type"": ""telecom_record""}"
R004198,P203,P201,PARTNER,0.51,2025-07-10T23:40:44,"{""relationship_note"": ""Family relation recorded"", ""source_type"": ""public_record""}"
R004199,P383,LOC088,VISITED,0.73,2025-08-02T17:41:56,"{""duration_minutes"": 46, ""source_type"": ""location_record""}"
R004200,P004,P003,SUSPECTED_ASSOCIATE,0.76,2025-01-18T23:32:21,"{""context"": ""Indirect association noted as an analytical lead, not confirmed activity"", ""source_type"": ""informant_tip"", ""verified"": false}"
R004201,P446,PH033,MESSAGED,0.9,2026-08-12T19:19:41,"{""message_count"": 15, ""source_type"": ""communication_record""}"
R004202,P429,P438,MET,0.64,2025-04-07T15:50:21,"{""details"": ""Brief meeting observed"", ""source_type"": ""surveillance"", ""verified"": true}"
R004203,P360,ORG063,VISITED_ORG,0.79,2025-10-06T18:40:17,"{""duration_minutes"": 231, ""source_type"": ""location_record""}"
R004204,P342,P336,MESSAGED,0.91,2026-02-13T02:49:20,"{""message_count"": 96, ""source_type"": ""communication_record""}"
R004205,P230,LOC087,LOCATED_AT,0.59,2026-02-21T03:44:23,"{""observation_note"": ""Presence recorded at location"", ""source_type"": ""location_record""}"
R004206,P407,P404,EMPLOYED_WITH,0.59,2025-04-18T06:03:27,"{""context"": ""Shared employment recorded"", ""source_type"": ""employment_record""}"
R004207,P367,P373,MEMBER_OF,0.66,2026-05-18T04:01:48,"{""context"": ""Shared membership recorded"", ""source_type"": ""field_report""}"
R004208,P175,P169,ASSOCIATED,0.71,2025-02-01T20:38:37,"{""context"": ""Indirect association noted as an analytical lead, not confirmed activity"", ""source_type"": ""informant_tip"", ""verified"": false}"
R004209,P402,V068,USED_VEHICLE,0.86,2026-04-28T00:22:04,"{""observation"": ""Vehicle observed in use"", ""source_type"": ""CCTV""}"
R004210,P004,P011,SUSPECTED_ASSOCIATE,0.64,2025-03-22T05:54:51,"{""context"": ""Indirect association noted as an analytical lead, not confirmed activity"", ""source_type"": ""informant_tip"", ""verified"": false}"
R004211,P358,V131,USED_VEHICLE,0.78,2026-07-08T19:13:57,"{""observation"": ""Vehicle observed in use"", ""source_type"": ""CCTV""}"
R004212,P337,PH011,MESSAGED,0.62,2025-08-12T18:42:02,"{""message_count"": 86, ""source_type"": ""communication_record""}"
R004213,P173,P174,LOCATED_WITH,0.96,2025-11-17T18:22:49,"{""observation_note"": ""Presence recorded at location"", ""source_type"": ""location_record""}"
R004214,P413,P424,TRAVELED_WITH,0.57,2025-09-16T08:52:57,"{""context"": ""Joint travel recorded"", ""source_type"": ""travel_record""}"
R004215,P402,P417,FAMILY,0.78,2025-09-14T02:42:47,"{""relationship_note"": ""Family relation recorded"", ""source_type"": ""public_record""}"
R004216,P175,P169,CALLED,0.92,2026-07-04T22:48:38,"{""duration_seconds"": 3032, ""source_type"": ""call_record"", ""verified"": true}"
R004217,P052,P076,LOCATED_WITH,0.64,2026-01-01T00:15:49,"{""observation_note"": ""Presence recorded at location"", ""source_type"": ""location_record""}"
R004218,P272,P298,LOCATED_WITH,0.73,2025-10-10T20:57:29,"{""observation_note"": ""Presence recorded at location"", ""source_type"": ""location_record""}"
R004219,P077,P087,CALLED,0.82,2026-07-13T22:50:04,"{""duration_seconds"": 2016, ""source_type"": ""call_record"", ""verified"": true}"
R004220,P426,P367,LOCATED_WITH,0.63,2025-10-10T17:42:25,"{""observation_note"": ""Presence recorded at location"", ""source_type"": ""location_record""}"
R004221,P143,V040,USED_VEHICLE,0.95,2025-01-17T04:08:32,"{""observation"": ""Vehicle observed in use"", ""source_type"": ""CCTV""}"
R004222,PH102,PH093,COMMUNICATED_WITH,0.6,2026-01-17T05:31:50,"{""contact_count"": 9, ""source_type"": ""telecom_record""}"
R004223,P331,ACC052,OWNS_ACCOUNT,0.64,2025-10-13T16:37:50,"{""account_status"": ""active"", ""source_type"": ""financial_registry""}"
R004224,P328,P365,MET,0.66,2026-05-10T17:58:19,"{""details"": ""Meeting recorded at location"", ""source_type"": ""surveillance"", ""verified"": false}"
R004225,P177,P182,PARTNER,0.71,2026-04-29T11:59:57,"{""relationship_note"": ""Family relation recorded"", ""source_type"": ""public_record""}"
R004226,P413,P418,MEMBER_OF,0.9,2026-05-27T02:30:53,"{""context"": ""Shared membership recorded"", ""source_type"": ""field_report""}"
R004227,P143,PH191,OWNS_PHONE,0.78,2026-08-13T05:50:35,"{""registration_status"": ""active"", ""source_type"": ""telecom_registry""}"
R004228,P032,P037,MET,0.77,2025-11-21T04:26:13,"{""details"": ""Meeting recorded at location"", ""source_type"": ""surveillance"", ""verified"": true}"
R004229,P288,PH058,MESSAGED,0.69,2026-03-26T18:55:45,"{""message_count"": 99, ""source_type"": ""communication_record""}"
R004230,P414,ORG086,MEMBER_OF,0.83,2026-08-28T15:06:21,"{""context"": ""Shared membership recorded"", ""source_type"": ""field_report""}"
R004231,P272,P251,TRAVELED_WITH,0.52,2026-03-24T04:49:38,"{""context"": ""Joint travel recorded"", ""source_type"": ""travel_record""}"
R004232,P031,P033,TRAVELED_WITH,0.58,2026-08-16T05:30:10,"{""context"": ""Joint travel recorded"", ""source_type"": ""travel_record""}"
R004233,P328,P349,LOCATED_WITH,0.78,2025-01-26T14:45:36,"{""observation_note"": ""Presence recorded at location"", ""source_type"": ""location_record""}"
R004234,P003,P009,MET,0.81,2026-04-02T06:35:30,"{""details"": ""Extended meeting recorded"", ""source_type"": ""surveillance"", ""verified"": true}"
R004235,P261,ACC073,TRANSFERRED_TO,0.97,2025-02-18T18:22:37,"{""amount"": 236321, ""currency"": ""INR"", ""transaction_type"": ""bank_transfer""}"
R004236,P217,V064,USED_VEHICLE,0.87,2025-11-17T04:13:41,"{""observation"": ""Vehicle observed in use"", ""source_type"": ""CCTV""}"
R004237,P143,P131,MET,0.7,2025-04-15T22:43:05,"{""details"": ""Brief meeting observed"", ""source_type"": ""surveillance"", ""verified"": false}"
R004238,P403,P422,EMPLOYED_WITH,0.88,2026-07-20T09:36:43,"{""context"": ""Shared employment recorded"", ""source_type"": ""employment_record""}"
R004239,P297,V112,USED_VEHICLE,0.7,2026-08-15T13:43:39,"{""observation"": ""Vehicle observed in use"", ""source_type"": ""CCTV""}"
R004240,P328,P341,PARTNER,0.65,2026-05-21T19:20:21,"{""relationship_note"": ""Family relation recorded"", ""source_type"": ""public_record""}"
R004241,P143,P186,MEMBER_OF,0.78,2026-02-13T22:11:47,"{""context"": ""Shared membership recorded"", ""source_type"": ""field_report""}"
R004242,P389,V085,OWNS_VEHICLE,0.9,2025-07-13T15:41:14,"{""registration_status"": ""active"", ""source_type"": ""vehicle_registry""}"
R004243,P133,P302,MESSAGED,0.79,2026-05-23T15:53:03,"{""message_count"": 3, ""source_type"": ""communication_record""}"
R004244,P128,LOC076,RESIDES_AT,0.69,2026-03-16T02:49:04,"{""since"": ""2025-11-21"", ""source_type"": ""registration_record""}"
R004245,P455,PH032,OWNS_PHONE,0.82,2026-02-08T09:35:05,"{""registration_status"": ""active"", ""source_type"": ""telecom_registry""}"
R004246,P082,P097,LOCATED_WITH,0.93,2025-04-19T01:06:31,"{""observation_note"": ""Presence recorded at location"", ""source_type"": ""location_record""}"
R004247,P102,P116,TRAVELED_WITH,0.74,2025-10-26T00:50:52,"{""context"": ""Joint travel recorded"", ""source_type"": ""travel_record""}"
R004248,P325,P317,MET,0.95,2025-07-29T14:12:31,"{""details"": ""Extended meeting recorded"", ""source_type"": ""surveillance"", ""verified"": false}"
R004249,P369,P388,MET,0.95,2025-07-09T23:48:54,"{""details"": ""Brief meeting observed"", ""source_type"": ""surveillance"", ""verified"": false}"
R004250,P392,PH118,CALLED,0.75,2026-05-22T05:03:20,"{""duration_seconds"": 2315, ""source_type"": ""call_record"", ""verified"": true}"
R004251,P370,P372,PARTNER,0.69,2025-10-01T20:13:37,"{""relationship_note"": ""Partner relation recorded"", ""source_type"": ""public_record""}"
R004252,P449,PH068,CALLED,0.61,2025-07-22T19:58:12,"{""duration_seconds"": 1711, ""source_type"": ""call_record"", ""verified"": true}"
R004253,P120,P107,PARTNER,0.89,2025-01-29T06:56:09,"{""relationship_note"": ""Family relation recorded"", ""source_type"": ""public_record""}"
R004254,P082,P096,MESSAGED,0.72,2025-08-15T16:16:46,"{""message_count"": 117, ""source_type"": ""communication_record""}"
R004255,P021,V084,OWNS_VEHICLE,0.54,2025-10-14T08:17:43,"{""registration_status"": ""active"", ""source_type"": ""vehicle_registry""}"
R004256,P453,P486,TRAVELED_WITH,0.81,2026-03-21T00:18:45,"{""context"": ""Joint travel recorded"", ""source_type"": ""travel_record""}"
R004257,P272,P257,TRAVELED_WITH,0.91,2025-09-03T21:49:48,"{""context"": ""Joint travel recorded"", ""source_type"": ""travel_record""}"
R004258,P426,V106,USED_VEHICLE,0.85,2026-01-24T21:48:14,"{""observation"": ""Vehicle observed in use"", ""source_type"": ""CCTV""}"
R004259,P342,P330,SUSPECTED_ASSOCIATE,0.77,2026-01-16T13:40:29,"{""context"": ""Indirect association noted as an analytical lead, not confirmed activity"", ""source_type"": ""informant_tip"", ""verified"": false}"
R004260,P367,P353,TRAVELED_WITH,0.67,2025-07-12T20:11:39,"{""context"": ""Joint travel recorded"", ""source_type"": ""travel_record""}"
R004261,P288,ORG099,ASSOCIATED_WITH,0.7,2026-05-24T05:17:39,"{""context"": ""Indirect association noted as an analytical lead, not confirmed activity"", ""source_type"": ""informant_tip"", ""verified"": false}"
R004262,P402,PH122,CALLED,0.51,2025-01-17T06:09:21,"{""duration_seconds"": 753, ""source_type"": ""call_record"", ""verified"": false}"
R004263,P454,PH075,OWNS_PHONE,0.61,2025-11-30T09:08:16,"{""registration_status"": ""active"", ""source_type"": ""telecom_registry""}"
R004264,P021,ORG001,MEMBER_OF,0.81,2026-01-27T07:30:58,"{""context"": ""Shared membership recorded"", ""source_type"": ""field_report""}"
R004265,P464,P462,PARTNER,0.51,2026-07-31T08:06:26,"{""relationship_note"": ""Family relation recorded"", ""source_type"": ""public_record""}"
R004266,P205,ORG076,WORKS_FOR,0.72,2025-04-19T16:33:09,"{""role"": ""Staff"", ""source_type"": ""employment_record""}"
R004267,P052,LOC058,RESIDES_AT,0.62,2025-06-06T06:00:40,"{""since"": ""2025-05-01"", ""source_type"": ""registration_record""}"
R004268,P223,P203,CALLED,0.71,2025-07-10T22:35:13,"{""duration_seconds"": 1454, ""source_type"": ""call_record"", ""verified"": false}"
R004269,P109,LOC012,LOCATED_AT,0.94,2025-05-17T08:11:14,"{""observation_note"": ""Presence recorded at location"", ""source_type"": ""location_record""}"
R004270,P215,ACC038,OWNS_ACCOUNT,0.62,2025-09-21T21:26:49,"{""account_status"": ""active"", ""source_type"": ""financial_registry""}"
R004271,P449,P324,MESSAGED,0.94,2025-09-20T19:42:47,"{""message_count"": 15, ""source_type"": ""communication_record""}"
R004272,P460,P458,PARTNER,0.67,2026-07-17T08:46:16,"{""relationship_note"": ""Partner relation recorded"", ""source_type"": ""public_record""}"
R004273,P156,P367,EMPLOYED_WITH,0.54,2025-02-02T08:46:18,"{""context"": ""Shared employment recorded"", ""source_type"": ""employment_record""}"
R004274,P296,P283,MEMBER_OF,0.78,2025-10-25T12:58:14,"{""context"": ""Shared membership recorded"", ""source_type"": ""field_report""}"
R004275,P359,P355,ASSOCIATED,0.76,2026-06-25T19:15:33,"{""context"": ""Indirect association noted as an analytical lead, not confirmed activity"", ""source_type"": ""informant_tip"", ""verified"": false}"
R004276,P466,V108,USED_VEHICLE,0.66,2026-06-29T09:01:52,"{""observation"": ""Vehicle observed in use"", ""source_type"": ""CCTV""}"
R004277,P143,LOC019,WORKS_AT,0.92,2025-12-10T14:12:31,"{""role"": ""Advisor"", ""source_type"": ""employment_record""}"
R004278,P328,P367,FAMILY,0.81,2025-04-25T21:09:40,"{""relationship_note"": ""Partner relation recorded"", ""source_type"": ""public_record""}"
R004279,P082,V009,OWNS_VEHICLE,0.65,2026-03-22T11:30:20,"{""registration_status"": ""active"", ""source_type"": ""vehicle_registry""}"
R004280,P158,LOC040,VISITED,0.77,2026-05-22T18:28:01,"{""duration_minutes"": 13, ""source_type"": ""location_record""}"
R004281,P299,V049,OWNS_VEHICLE,0.64,2025-03-18T12:39:45,"{""registration_status"": ""active"", ""source_type"": ""vehicle_registry""}"
R004282,P112,V107,OWNS_VEHICLE,0.6,2026-07-16T21:14:47,"{""registration_status"": ""active"", ""source_type"": ""vehicle_registry""}"
R004283,P180,P215,MEMBER_OF,0.9,2026-06-22T18:23:31,"{""context"": ""Shared membership recorded"", ""source_type"": ""field_report""}"
R004284,P367,ORG034,VISITED_ORG,0.61,2025-04-03T19:58:36,"{""duration_minutes"": 119, ""source_type"": ""location_record""}"
R004285,P004,P005,MESSAGED,0.67,2025-01-20T12:38:47,"{""message_count"": 44, ""source_type"": ""communication_record""}"
R004286,P441,P445,ASSOCIATED,0.55,2026-06-13T03:24:03,"{""context"": ""Indirect association noted as an analytical lead, not confirmed activity"", ""source_type"": ""informant_tip"", ""verified"": false}"
R004287,P182,PH028,CALLED,0.72,2026-02-23T17:07:15,"{""duration_seconds"": 2493, ""source_type"": ""call_record"", ""verified"": false}"
R004288,P370,P372,LOCATED_WITH,0.84,2025-10-03T10:20:03,"{""observation_note"": ""Presence recorded at location"", ""source_type"": ""location_record""}"
R004289,P328,P345,CALLED,0.69,2025-01-24T17:03:25,"{""duration_seconds"": 3165, ""source_type"": ""call_record"", ""verified"": true}"
R004290,P109,P135,CALLED,0.9,2026-07-19T03:01:39,"{""duration_seconds"": 2975, ""source_type"": ""call_record"", ""verified"": false}"
R004291,P493,P480,SUSPECTED_ASSOCIATE,0.66,2025-09-30T03:39:34,"{""context"": ""Indirect association noted as an analytical lead, not confirmed activity"", ""source_type"": ""informant_tip"", ""verified"": false}"
R004292,P052,P076,MEMBER_OF,0.99,2025-10-14T07:21:26,"{""context"": ""Shared membership recorded"", ""source_type"": ""field_report""}"
R004293,P194,ORG002,ASSOCIATED_WITH,0.73,2025-01-06T05:01:04,"{""context"": ""Indirect association noted as an analytical lead, not confirmed activity"", ""source_type"": ""informant_tip"", ""verified"": false}"
R004294,P082,ORG093,VISITED_ORG,0.59,2025-09-06T19:31:53,"{""duration_minutes"": 33, ""source_type"": ""location_record""}"
R004295,P158,P172,EMPLOYED_WITH,0.91,2025-05-05T08:45:48,"{""context"": ""Shared employment recorded"", ""source_type"": ""employment_record""}"
R004296,P064,PH112,OWNS_PHONE,0.75,2026-07-29T11:27:27,"{""registration_status"": ""active"", ""source_type"": ""telecom_registry""}"
R004297,P014,ORG078,WORKS_FOR,0.93,2026-07-29T09:21:02,"{""role"": ""Manager"", ""source_type"": ""employment_record""}"
R004298,P288,P276,LOCATED_WITH,0.53,2025-01-03T12:10:11,"{""observation_note"": ""Presence recorded at location"", ""source_type"": ""location_record""}"
R004299,P243,P231,ASSOCIATED,0.67,2025-02-08T01:13:26,"{""context"": ""Indirect association noted as an analytical lead, not confirmed activity"", ""source_type"": ""informant_tip"", ""verified"": false}"
R004300,P229,LOC063,WORKS_AT,0.92,2026-06-04T02:31:15,"{""role"": ""Consultant"", ""source_type"": ""employment_record""}"
R004301,P333,P329,LOCATED_WITH,0.66,2026-06-06T04:48:17,"{""observation_note"": ""Presence recorded at location"", ""source_type"": ""location_record""}"
R004302,P143,PH008,MESSAGED,0.97,2026-08-24T08:03:18,"{""message_count"": 116, ""source_type"": ""communication_record""}"
R004303,P333,P329,LOCATED_WITH,0.9,2025-09-04T22:44:07,"{""observation_note"": ""Presence recorded at location"", ""source_type"": ""location_record""}"
R004304,P180,P224,CALLED,0.82,2025-10-03T00:55:26,"{""duration_seconds"": 3279, ""source_type"": ""call_record"", ""verified"": false}"
R004305,P299,V091,TRAVELED_IN,0.52,2026-08-31T17:39:34,"{""trip_note"": ""Travel recorded together"", ""source_type"": ""field_report""}"
R004306,P125,P117,EMPLOYED_WITH,0.73,2025-03-24T05:00:45,"{""context"": ""Shared employment recorded"", ""source_type"": ""employment_record""}"
R004307,P113,P119,TRAVELED_WITH,0.74,2025-04-04T17:02:07,"{""context"": ""Joint travel recorded"", ""source_type"": ""travel_record""}"
R004308,P113,P299,MEMBER_OF,0.83,2025-08-08T03:42:45,"{""context"": ""Shared membership recorded"", ""source_type"": ""field_report""}"
R004309,P113,P120,FAMILY,0.87,2026-03-04T05:58:31,"{""relationship_note"": ""Family relation recorded"", ""source_type"": ""public_record""}"
R004310,P299,P313,MET,0.71,2026-08-24T10:09:39,"{""details"": ""Extended meeting recorded"", ""source_type"": ""surveillance"", ""verified"": true}"
R004311,P280,P284,CALLED,0.62,2026-01-17T07:05:09,"{""duration_seconds"": 168, ""source_type"": ""call_record"", ""verified"": true}"
R004312,P278,PH011,MESSAGED,0.66,2025-07-10T13:00:56,"{""message_count"": 101, ""source_type"": ""communication_record""}"
R004313,P113,P106,MEMBER_OF,0.58,2026-02-05T11:28:22,"{""context"": ""Shared membership recorded"", ""source_type"": ""field_report""}"
R004314,P453,P492,FAMILY,0.59,2026-06-09T16:55:06,"{""relationship_note"": ""Family relation recorded"", ""source_type"": ""public_record""}"
R004315,P360,P358,LOCATED_WITH,0.58,2026-06-01T02:18:28,"{""observation_note"": ""Presence recorded at location"", ""source_type"": ""location_record""}"
R004316,P051,P066,ASSOCIATED,0.71,2026-03-26T17:30:45,"{""context"": ""Indirect association noted as an analytical lead, not confirmed activity"", ""source_type"": ""informant_tip"", ""verified"": false}"
R004317,P280,ORG036,MEMBER_OF,0.84,2025-01-07T06:31:36,"{""context"": ""Shared membership recorded"", ""source_type"": ""field_report""}"
R004318,P402,LOC083,TRAVELED_TO,0.82,2025-12-08T06:34:56,"{""mode"": ""rail"", ""source_type"": ""travel_record""}"
R004319,P230,P228,SUSPECTED_ASSOCIATE,0.6,2026-01-10T15:45:31,"{""context"": ""Indirect association noted as an analytical lead, not confirmed activity"", ""source_type"": ""informant_tip"", ""verified"": false}"
R004320,P109,ORG083,ASSOCIATED_WITH,0.66,2026-06-04T20:58:45,"{""context"": ""Indirect association noted as an analytical lead, not confirmed activity"", ""source_type"": ""informant_tip"", ""verified"": false}"
R004321,P175,P157,CALLED,0.52,2026-01-26T14:48:56,"{""duration_seconds"": 2421, ""source_type"": ""call_record"", ""verified"": true}"
R004322,P021,ORG035,MEMBER_OF,0.75,2025-12-23T20:20:41,"{""context"": ""Shared membership recorded"", ""source_type"": ""field_report""}"
R004323,P288,V096,USED_VEHICLE,0.72,2025-05-27T02:20:53,"{""observation"": ""Vehicle observed in use"", ""source_type"": ""CCTV""}"
R004324,P120,P104,MESSAGED,0.69,2025-11-21T10:35:32,"{""message_count"": 118, ""source_type"": ""communication_record""}"
R004325,P158,ACC103,RECEIVED_FROM,0.78,2026-02-09T13:25:33,"{""amount"": 143251, ""currency"": ""INR"", ""transaction_type"": ""cash_deposit""}"
R004326,P436,V069,TRAVELED_IN,0.89,2026-03-26T21:15:06,"{""trip_note"": ""Travel recorded together"", ""source_type"": ""field_report""}"
R004327,P028,P049,CALLED,0.88,2026-07-11T19:07:32,"{""duration_seconds"": 2443, ""source_type"": ""call_record"", ""verified"": false}"
R004328,P288,P276,PARTNER,0.76,2025-05-30T20:52:28,"{""relationship_note"": ""Family relation recorded"", ""source_type"": ""public_record""}"
R004329,P425,P404,LOCATED_WITH,0.58,2026-05-13T09:26:52,"{""observation_note"": ""Presence recorded at location"", ""source_type"": ""location_record""}"
R004330,P117,LOC058,WORKS_AT,0.98,2026-05-03T12:21:25,"{""role"": ""Staff"", ""source_type"": ""employment_record""}"
R004331,P030,P049,TRAVELED_WITH,0.92,2025-08-27T05:02:45,"{""context"": ""Joint travel recorded"", ""source_type"": ""travel_record""}"
R004332,P360,P364,EMPLOYED_WITH,0.91,2025-10-14T22:41:54,"{""context"": ""Shared employment recorded"", ""source_type"": ""employment_record""}"
R004333,P143,P428,MESSAGED,0.5,2026-06-18T16:46:22,"{""message_count"": 46, ""source_type"": ""communication_record""}"
R004334,P334,ACC100,RECEIVED_FROM,0.81,2025-06-29T01:06:31,"{""amount"": 365282, ""currency"": ""INR"", ""transaction_type"": ""cash_deposit""}"
R004335,P233,P360,LOCATED_WITH,0.64,2025-07-14T03:33:55,"{""observation_note"": ""Presence recorded at location"", ""source_type"": ""location_record""}"
R004336,P380,P401,MET,0.84,2025-10-25T12:06:05,"{""details"": ""Extended meeting recorded"", ""source_type"": ""surveillance"", ""verified"": true}"
R004337,P484,P495,LOCATED_WITH,0.68,2025-07-14T01:16:06,"{""observation_note"": ""Presence recorded at location"", ""source_type"": ""location_record""}"
R004338,P230,P248,MESSAGED,0.54,2025-09-19T23:40:20,"{""message_count"": 46, ""source_type"": ""communication_record""}"
R004339,P051,P078,MESSAGED,0.52,2025-05-13T09:32:54,"{""message_count"": 87, ""source_type"": ""communication_record""}"
R004340,P453,P479,CALLED,0.83,2026-06-01T02:23:12,"{""duration_seconds"": 1795, ""source_type"": ""call_record"", ""verified"": false}"
R004341,P479,P478,MESSAGED,0.71,2025-01-10T13:54:16,"{""message_count"": 82, ""source_type"": ""communication_record""}"
R004342,P318,P319,SUSPECTED_ASSOCIATE,0.53,2025-12-08T04:06:59,"{""context"": ""Indirect association noted as an analytical lead, not confirmed activity"", ""source_type"": ""informant_tip"", ""verified"": false}"
R004343,P099,P079,FAMILY,0.55,2026-07-28T00:10:50,"{""relationship_note"": ""Partner relation recorded"", ""source_type"": ""public_record""}"
R004344,P055,P051,LOCATED_WITH,0.61,2026-03-29T17:59:03,"{""observation_note"": ""Presence recorded at location"", ""source_type"": ""location_record""}"
R004345,P288,P285,EMPLOYED_WITH,0.5,2026-04-01T11:19:42,"{""context"": ""Shared employment recorded"", ""source_type"": ""employment_record""}"
R004346,P453,P051,MET,0.57,2025-05-07T01:18:13,"{""details"": ""Extended meeting recorded"", ""source_type"": ""surveillance"", ""verified"": false}"
R004347,P478,V132,TRAVELED_IN,0.97,2025-12-05T12:38:33,"{""trip_note"": ""Travel recorded together"", ""source_type"": ""field_report""}"
R004348,P029,P041,LOCATED_WITH,0.89,2025-10-10T17:12:41,"{""observation_note"": ""Presence recorded at location"", ""source_type"": ""location_record""}"
R004349,P318,P453,EMPLOYED_WITH,0.65,2026-05-30T05:57:35,"{""context"": ""Shared employment recorded"", ""source_type"": ""employment_record""}"
R004350,P175,P164,LOCATED_WITH,0.59,2026-05-12T12:45:04,"{""observation_note"": ""Presence recorded at location"", ""source_type"": ""location_record""}"
R004351,P424,P402,TRAVELED_WITH,0.93,2025-03-30T07:07:52,"{""context"": ""Joint travel recorded"", ""source_type"": ""travel_record""}"
R004352,P267,P258,EMPLOYED_WITH,0.77,2025-10-07T01:54:38,"{""context"": ""Shared employment recorded"", ""source_type"": ""employment_record""}"
R004353,P082,ACC186,TRANSFERRED_TO,0.93,2025-01-10T14:35:26,"{""amount"": 483440, ""currency"": ""INR"", ""transaction_type"": ""wire_transfer""}"
R004354,P302,P091,MEMBER_OF,0.65,2025-11-02T07:16:30,"{""context"": ""Shared membership recorded"", ""source_type"": ""field_report""}"
R004355,P092,ACC138,RECEIVED_FROM,0.71,2026-08-12T10:11:04,"{""amount"": 419847, ""currency"": ""INR"", ""transaction_type"": ""bank_transfer""}"
R004356,P014,LOC099,RESIDES_AT,0.57,2026-01-04T05:37:12,"{""since"": ""2026-07-23"", ""source_type"": ""registration_record""}"
R004357,P360,P374,SUSPECTED_ASSOCIATE,0.71,2026-05-08T19:34:27,"{""context"": ""Indirect association noted as an analytical lead, not confirmed activity"", ""source_type"": ""informant_tip"", ""verified"": false}"
R004358,P070,P054,FAMILY,0.74,2025-12-31T21:04:13,"{""relationship_note"": ""Family relation recorded"", ""source_type"": ""public_record""}"
R004359,P280,P288,SUSPECTED_ASSOCIATE,0.51,2025-02-23T06:36:10,"{""context"": ""Indirect association noted as an analytical lead, not confirmed activity"", ""source_type"": ""informant_tip"", ""verified"": false}"
R004360,P464,PH038,MESSAGED,0.64,2026-08-09T21:40:59,"{""message_count"": 119, ""source_type"": ""communication_record""}"
R004361,P133,LOC056,TRAVELED_TO,0.67,2025-04-17T20:28:30,"{""mode"": ""road"", ""source_type"": ""travel_record""}"
R004362,P109,P139,TRAVELED_WITH,0.85,2026-06-02T15:05:22,"{""context"": ""Joint travel recorded"", ""source_type"": ""travel_record""}"
R004363,P112,P119,PARTNER,0.95,2026-03-04T21:40:06,"{""relationship_note"": ""Family relation recorded"", ""source_type"": ""public_record""}"
R004364,P468,ORG081,MEMBER_OF,0.58,2026-05-19T09:32:16,"{""context"": ""Shared membership recorded"", ""source_type"": ""field_report""}"
R004365,P259,LOC062,RESIDES_AT,0.93,2026-03-03T15:20:00,"{""since"": ""2026-07-27"", ""source_type"": ""registration_record""}"
R004366,P312,ORG030,MEMBER_OF,0.67,2025-08-01T23:24:23,"{""context"": ""Shared membership recorded"", ""source_type"": ""field_report""}"
R004367,P032,ORG079,MEMBER_OF,0.8,2026-08-24T14:51:10,"{""context"": ""Shared membership recorded"", ""source_type"": ""field_report""}"
R004368,P328,P348,CALLED,0.59,2025-02-24T23:22:11,"{""duration_seconds"": 1036, ""source_type"": ""call_record"", ""verified"": false}"
R004369,P172,V121,OWNS_VEHICLE,0.98,2026-07-14T04:11:08,"{""registration_status"": ""active"", ""source_type"": ""vehicle_registry""}"
R004370,ACC096,ACC002,TRANSACTION_WITH,0.85,2025-01-03T13:27:05,"{""amount"": 289686, ""currency"": ""INR"", ""transaction_type"": ""wire_transfer""}"
R004371,P370,P362,LOCATED_WITH,0.75,2026-05-27T13:36:50,"{""observation_note"": ""Presence recorded at location"", ""source_type"": ""location_record""}"
R004372,P367,V061,OWNS_VEHICLE,0.77,2025-11-19T00:46:04,"{""registration_status"": ""active"", ""source_type"": ""vehicle_registry""}"
R004373,P299,P293,LOCATED_WITH,0.68,2025-09-10T17:03:26,"{""observation_note"": ""Presence recorded at location"", ""source_type"": ""location_record""}"
R004374,P288,V087,USED_VEHICLE,0.55,2025-05-07T12:21:56,"{""observation"": ""Vehicle observed in use"", ""source_type"": ""CCTV""}"
R004375,P358,LOC079,VISITED,0.53,2025-05-27T17:52:40,"{""duration_minutes"": 80, ""source_type"": ""location_record""}"
R004376,P175,P333,ASSOCIATED,0.51,2025-11-18T03:38:57,"{""context"": ""Indirect association noted as an analytical lead, not confirmed activity"", ""source_type"": ""informant_tip"", ""verified"": false}"
R004377,P453,P469,PARTNER,0.9,2025-08-28T17:08:22,"{""relationship_note"": ""Partner relation recorded"", ""source_type"": ""public_record""}"
R004378,P004,P358,PARTNER,0.74,2026-08-11T10:38:12,"{""relationship_note"": ""Partner relation recorded"", ""source_type"": ""public_record""}"
R004379,P113,ORG018,MEMBER_OF,0.71,2025-04-21T13:49:47,"{""context"": ""Shared membership recorded"", ""source_type"": ""field_report""}"
R004380,P413,V011,USED_VEHICLE,0.99,2026-01-26T04:04:35,"{""observation"": ""Vehicle observed in use"", ""source_type"": ""CCTV""}"
R004381,P392,P393,MESSAGED,0.53,2026-06-11T22:50:47,"{""message_count"": 135, ""source_type"": ""communication_record""}"
R004382,P360,LOC046,WORKS_AT,0.96,2026-05-23T20:28:57,"{""role"": ""Staff"", ""source_type"": ""employment_record""}"
R004383,P415,PH031,CALLED,0.53,2026-07-31T02:43:46,"{""duration_seconds"": 675, ""source_type"": ""call_record"", ""verified"": false}"
R004384,P116,V128,USED_VEHICLE,0.94,2026-03-28T13:02:27,"{""observation"": ""Vehicle observed in use"", ""source_type"": ""CCTV""}"
R004385,P453,P479,FAMILY,0.99,2025-03-10T02:27:53,"{""relationship_note"": ""Partner relation recorded"", ""source_type"": ""public_record""}"
R004386,P358,P370,MET,0.83,2025-07-06T23:40:41,"{""details"": ""Meeting recorded at location"", ""source_type"": ""surveillance"", ""verified"": true}"
R004387,P007,P011,CALLED,0.68,2026-02-18T15:23:52,"{""duration_seconds"": 394, ""source_type"": ""call_record"", ""verified"": true}"
R004388,P244,ORG039,WORKS_FOR,0.54,2025-04-11T04:31:58,"{""role"": ""Staff"", ""source_type"": ""employment_record""}"
R004389,P158,P177,MEMBER_OF,0.71,2025-03-09T18:20:38,"{""context"": ""Shared membership recorded"", ""source_type"": ""field_report""}"
R004390,P309,P306,MEMBER_OF,0.64,2026-03-04T07:35:29,"{""context"": ""Shared membership recorded"", ""source_type"": ""field_report""}"
R004391,P109,PH033,OWNS_PHONE,0.97,2026-01-07T11:10:31,"{""registration_status"": ""active"", ""source_type"": ""telecom_registry""}"
R004392,P120,P110,FAMILY,0.55,2026-05-16T09:15:57,"{""relationship_note"": ""Partner relation recorded"", ""source_type"": ""public_record""}"
R004393,P198,P196,MET,0.6,2025-02-04T22:34:16,"{""details"": ""Meeting recorded at location"", ""source_type"": ""surveillance"", ""verified"": false}"
R004394,P077,P081,MEMBER_OF,0.56,2026-08-02T19:30:37,"{""context"": ""Shared membership recorded"", ""source_type"": ""field_report""}"
R004395,P496,P498,EMPLOYED_WITH,0.69,2025-10-05T13:18:49,"{""context"": ""Shared employment recorded"", ""source_type"": ""employment_record""}"
R004396,P379,LOC077,WORKS_AT,0.94,2026-07-07T01:45:59,"{""role"": ""Advisor"", ""source_type"": ""employment_record""}"
R004397,P341,ACC117,TRANSACTION_WITH,0.74,2026-03-07T13:11:32,"{""amount"": 250124, ""currency"": ""INR"", ""transaction_type"": ""upi_transfer""}"
R004398,P244,ORG060,MEMBER_OF,0.82,2025-02-19T08:59:13,"{""context"": ""Shared membership recorded"", ""source_type"": ""field_report""}"
R004399,P266,P271,LOCATED_WITH,0.81,2025-06-15T12:09:27,"{""observation_note"": ""Presence recorded at location"", ""source_type"": ""location_record""}"
R004400,P015,P020,TRAVELED_WITH,0.67,2025-08-04T17:21:20,"{""context"": ""Joint travel recorded"", ""source_type"": ""travel_record""}"
R004401,P369,P358,CALLED,0.76,2026-01-31T23:28:17,"{""duration_seconds"": 2823, ""source_type"": ""call_record"", ""verified"": true}"
R004402,P148,P133,SUSPECTED_ASSOCIATE,0.89,2026-03-26T12:28:33,"{""context"": ""Indirect association noted as an analytical lead, not confirmed activity"", ""source_type"": ""informant_tip"", ""verified"": false}"
R004403,P302,P051,PARTNER,0.81,2026-01-12T06:59:19,"{""relationship_note"": ""Family relation recorded"", ""source_type"": ""public_record""}"
R004404,P014,PH072,USED_PHONE,0.91,2026-07-14T11:13:43,"{""observation"": ""Device usage recorded"", ""source_type"": ""telecom_record""}"
R004405,P288,PH115,USED_PHONE,0.54,2026-08-19T21:46:55,"{""observation"": ""Device usage recorded"", ""source_type"": ""telecom_record""}"
R004406,P112,P115,MET,0.86,2026-03-13T04:35:13,"{""details"": ""Extended meeting recorded"", ""source_type"": ""surveillance"", ""verified"": true}"
R004407,P280,V072,USED_VEHICLE,0.59,2025-06-03T04:26:38,"{""observation"": ""Vehicle observed in use"", ""source_type"": ""CCTV""}"
R004408,P328,PH090,CALLED,0.85,2025-09-27T00:43:03,"{""duration_seconds"": 3110, ""source_type"": ""call_record"", ""verified"": true}"
R004409,P446,PH010,CALLED,0.72,2025-07-27T08:52:09,"{""duration_seconds"": 2129, ""source_type"": ""call_record"", ""verified"": false}"
R004410,P271,P256,TRAVELED_WITH,0.94,2026-06-27T13:47:49,"{""context"": ""Joint travel recorded"", ""source_type"": ""travel_record""}"
R004411,P004,P021,MET,0.87,2025-01-15T10:35:32,"{""details"": ""Meeting recorded at location"", ""source_type"": ""surveillance"", ""verified"": true}"
R004412,P051,LOC057,RESIDES_AT,0.68,2025-08-18T04:02:25,"{""since"": ""2026-01-17"", ""source_type"": ""registration_record""}"
R004413,P004,P015,FAMILY,0.76,2025-01-17T04:08:27,"{""relationship_note"": ""Partner relation recorded"", ""source_type"": ""public_record""}"
R004414,P069,ACC075,TRANSACTION_WITH,0.65,2025-04-26T16:20:50,"{""amount"": 497114, ""currency"": ""INR"", ""transaction_type"": ""upi_transfer""}"
R004415,P229,P251,LOCATED_WITH,0.75,2025-07-20T23:39:29,"{""observation_note"": ""Presence recorded at location"", ""source_type"": ""location_record""}"
R004416,P158,P174,ASSOCIATED,0.64,2025-01-11T16:52:22,"{""context"": ""Indirect association noted as an analytical lead, not confirmed activity"", ""source_type"": ""informant_tip"", ""verified"": false}"
R004417,P116,LOC040,RESIDES_AT,0.91,2025-01-23T15:21:45,"{""since"": ""2026-05-28"", ""source_type"": ""registration_record""}"
R004418,P415,P409,LOCATED_WITH,0.9,2026-02-16T17:59:47,"{""observation_note"": ""Presence recorded at location"", ""source_type"": ""location_record""}"
R004419,P120,P258,SUSPECTED_ASSOCIATE,0.73,2025-06-16T01:19:38,"{""context"": ""Indirect association noted as an analytical lead, not confirmed activity"", ""source_type"": ""informant_tip"", ""verified"": false}"
R004420,P120,PH147,USED_PHONE,0.58,2026-07-30T07:23:33,"{""observation"": ""Device usage recorded"", ""source_type"": ""telecom_record""}"
R004421,P413,P410,TRAVELED_WITH,0.59,2025-08-08T10:21:57,"{""context"": ""Joint travel recorded"", ""source_type"": ""travel_record""}"
R004422,P119,P112,FAMILY,0.9,2025-11-27T21:18:32,"{""relationship_note"": ""Family relation recorded"", ""source_type"": ""public_record""}"
R004423,P004,P016,MESSAGED,0.86,2025-01-15T01:06:06,"{""message_count"": 40, ""source_type"": ""communication_record""}"
R004424,P014,P024,SUSPECTED_ASSOCIATE,0.69,2025-10-24T04:33:44,"{""context"": ""Indirect association noted as an analytical lead, not confirmed activity"", ""source_type"": ""informant_tip"", ""verified"": false}"
R004425,P067,P059,SUSPECTED_ASSOCIATE,0.91,2026-06-25T12:43:33,"{""context"": ""Indirect association noted as an analytical lead, not confirmed activity"", ""source_type"": ""informant_tip"", ""verified"": false}"
R004426,P014,ORG002,MEMBER_OF,0.74,2026-05-13T03:54:48,"{""context"": ""Shared membership recorded"", ""source_type"": ""field_report""}"
R004427,P021,P030,SUSPECTED_ASSOCIATE,0.98,2025-11-09T06:01:58,"{""context"": ""Indirect association noted as an analytical lead, not confirmed activity"", ""source_type"": ""informant_tip"", ""verified"": false}"
R004428,P369,P383,SUSPECTED_ASSOCIATE,0.68,2025-05-08T08:15:10,"{""context"": ""Indirect association noted as an analytical lead, not confirmed activity"", ""source_type"": ""informant_tip"", ""verified"": false}"
R004429,P413,P408,SUSPECTED_ASSOCIATE,0.56,2025-07-26T05:32:35,"{""context"": ""Indirect association noted as an analytical lead, not confirmed activity"", ""source_type"": ""informant_tip"", ""verified"": false}"
R004430,P302,P311,PARTNER,0.57,2026-06-17T09:08:38,"{""relationship_note"": ""Family relation recorded"", ""source_type"": ""public_record""}"
R004431,P366,P154,PARTNER,0.7,2025-09-13T21:24:03,"{""relationship_note"": ""Family relation recorded"", ""source_type"": ""public_record""}"
R004432,P025,V028,USED_VEHICLE,0.63,2026-05-01T08:20:49,"{""observation"": ""Vehicle observed in use"", ""source_type"": ""CCTV""}"
R004433,P465,PH047,CALLED,0.89,2026-05-26T05:39:51,"{""duration_seconds"": 562, ""source_type"": ""call_record"", ""verified"": true}"
R004434,P174,P157,LOCATED_WITH,0.86,2025-10-15T17:28:01,"{""observation_note"": ""Presence recorded at location"", ""source_type"": ""location_record""}"
R004435,P252,PH008,USED_PHONE,0.66,2026-05-16T20:40:43,"{""observation"": ""Device usage recorded"", ""source_type"": ""telecom_record""}"
R004436,P021,ACC128,RECEIVED_FROM,0.85,2026-01-21T03:04:41,"{""amount"": 267090, ""currency"": ""INR"", ""transaction_type"": ""bank_transfer""}"
R004437,P175,P160,MEMBER_OF,0.84,2026-04-26T01:37:07,"{""context"": ""Shared membership recorded"", ""source_type"": ""field_report""}"
R004438,P369,P388,MEMBER_OF,0.79,2026-01-15T13:13:34,"{""context"": ""Shared membership recorded"", ""source_type"": ""field_report""}"
R004439,P021,P044,FAMILY,0.75,2025-11-28T18:25:46,"{""relationship_note"": ""Family relation recorded"", ""source_type"": ""public_record""}"
R004440,P370,P372,EMPLOYED_WITH,0.68,2026-03-01T08:27:15,"{""context"": ""Shared employment recorded"", ""source_type"": ""employment_record""}"
R004441,P112,P498,MEMBER_OF,0.82,2025-06-11T11:24:02,"{""context"": ""Shared membership recorded"", ""source_type"": ""field_report""}"
R004442,P367,P120,MET,0.86,2025-07-17T07:57:31,"{""details"": ""Extended meeting recorded"", ""source_type"": ""surveillance"", ""verified"": false}"
R004443,P328,P353,EMPLOYED_WITH,0.92,2026-08-10T22:38:12,"{""context"": ""Shared employment recorded"", ""source_type"": ""employment_record""}"
R004444,P229,LOC057,TRAVELED_TO,0.78,2025-04-20T18:41:01,"{""mode"": ""rail"", ""source_type"": ""travel_record""}"
R004445,P333,ACC076,OWNS_ACCOUNT,0.6,2025-10-08T01:29:31,"{""account_status"": ""active"", ""source_type"": ""financial_registry""}"
R004446,P112,PH096,OWNS_PHONE,0.53,2026-08-25T01:38:13,"{""registration_status"": ""active"", ""source_type"": ""telecom_registry""}"
R004447,P143,LOC087,WORKS_AT,0.81,2026-08-06T04:03:13,"{""role"": ""Advisor"", ""source_type"": ""employment_record""}"
R004448,P446,ACC118,RECEIVED_FROM,0.77,2025-07-20T21:42:34,"{""amount"": 187926, ""currency"": ""INR"", ""transaction_type"": ""cash_deposit""}"
R004449,P045,PH128,MESSAGED,0.79,2025-07-08T14:04:39,"{""message_count"": 68, ""source_type"": ""communication_record""}"
R004450,P376,P400,FAMILY,0.85,2026-07-18T19:55:09,"{""relationship_note"": ""Partner relation recorded"", ""source_type"": ""public_record""}"
R004451,P415,LOC023,WORKS_AT,0.72,2026-07-24T08:58:02,"{""role"": ""Manager"", ""source_type"": ""employment_record""}"
R004452,P415,V037,TRAVELED_IN,0.72,2026-01-18T22:24:02,"{""trip_note"": ""Travel recorded together"", ""source_type"": ""field_report""}"
R004453,P446,P426,MESSAGED,0.79,2025-06-27T13:04:23,"{""message_count"": 54, ""source_type"": ""communication_record""}"
R004454,P051,P084,MESSAGED,0.88,2026-06-02T00:48:40,"{""message_count"": 71, ""source_type"": ""communication_record""}"
R004455,P161,ACC094,TRANSACTION_WITH,0.55,2025-08-05T01:22:13,"{""amount"": 86153, ""currency"": ""INR"", ""transaction_type"": ""upi_transfer""}"
R004456,P175,P333,CALLED,0.76,2025-03-03T17:09:01,"{""duration_seconds"": 2485, ""source_type"": ""call_record"", ""verified"": true}"
R004457,P309,P306,SUSPECTED_ASSOCIATE,0.96,2026-08-25T22:01:13,"{""context"": ""Indirect association noted as an analytical lead, not confirmed activity"", ""source_type"": ""informant_tip"", ""verified"": false}"
R004458,P369,ACC108,TRANSACTION_WITH,0.74,2025-04-15T17:26:52,"{""amount"": 417093, ""currency"": ""INR"", ""transaction_type"": ""wire_transfer""}"
R004459,P125,P113,ASSOCIATED,0.93,2026-05-01T09:54:56,"{""context"": ""Indirect association noted as an analytical lead, not confirmed activity"", ""source_type"": ""informant_tip"", ""verified"": false}"
R004460,P112,P125,MEMBER_OF,0.54,2025-04-14T10:54:44,"{""context"": ""Shared membership recorded"", ""source_type"": ""field_report""}"
R004461,P004,ACC098,OWNS_ACCOUNT,0.5,2025-04-03T23:15:08,"{""account_status"": ""active"", ""source_type"": ""financial_registry""}"
R004462,P426,P449,CALLED,0.97,2025-05-09T06:19:17,"{""duration_seconds"": 2346, ""source_type"": ""call_record"", ""verified"": false}"
R004463,P415,ACC018,TRANSFERRED_TO,0.68,2025-09-24T14:56:48,"{""amount"": 187394, ""currency"": ""INR"", ""transaction_type"": ""upi_transfer""}"
R004464,P280,P278,PARTNER,0.61,2025-01-21T11:07:01,"{""relationship_note"": ""Partner relation recorded"", ""source_type"": ""public_record""}"
R004465,P229,P234,ASSOCIATED,0.56,2026-04-29T15:54:34,"{""context"": ""Indirect association noted as an analytical lead, not confirmed activity"", ""source_type"": ""informant_tip"", ""verified"": false}"
R004466,P358,P352,FAMILY,0.88,2025-05-30T17:29:39,"{""relationship_note"": ""Partner relation recorded"", ""source_type"": ""public_record""}"
R004467,P259,PH106,OWNS_PHONE,0.77,2025-10-17T19:25:44,"{""registration_status"": ""active"", ""source_type"": ""telecom_registry""}"
R004468,P099,P096,MET,0.93,2026-04-17T20:32:16,"{""details"": ""Meeting recorded at location"", ""source_type"": ""surveillance"", ""verified"": false}"
R004469,P333,P327,LOCATED_WITH,0.6,2025-07-10T12:55:29,"{""observation_note"": ""Presence recorded at location"", ""source_type"": ""location_record""}"
R004470,P259,LOC060,WORKS_AT,0.96,2026-04-28T02:20:21,"{""role"": ""Consultant"", ""source_type"": ""employment_record""}"
R004471,P143,P130,LOCATED_WITH,0.77,2025-12-13T00:20:40,"{""observation_note"": ""Presence recorded at location"", ""source_type"": ""location_record""}"
R004472,P004,P009,MET,0.52,2025-01-21T15:58:05,"{""details"": ""Extended meeting recorded"", ""source_type"": ""surveillance"", ""verified"": false}"
R004473,P230,P244,TRAVELED_WITH,0.99,2025-09-29T12:03:28,"{""context"": ""Joint travel recorded"", ""source_type"": ""travel_record""}"
R004474,P020,P015,CALLED,0.62,2026-03-23T15:31:45,"{""duration_seconds"": 1703, ""source_type"": ""call_record"", ""verified"": false}"
R004475,P099,PH110,MESSAGED,0.97,2025-04-10T08:54:03,"{""message_count"": 27, ""source_type"": ""communication_record""}"
R004476,P079,P084,FAMILY,0.63,2025-04-07T23:11:09,"{""relationship_note"": ""Partner relation recorded"", ""source_type"": ""public_record""}"
R004477,P426,ORG019,ASSOCIATED_WITH,0.55,2026-06-14T17:00:36,"{""context"": ""Indirect association noted as an analytical lead, not confirmed activity"", ""source_type"": ""informant_tip"", ""verified"": false}"
R004478,P446,ORG078,MEMBER_OF,0.93,2025-07-22T13:29:02,"{""context"": ""Shared membership recorded"", ""source_type"": ""field_report""}"
R004479,P217,LOC092,VISITED,0.87,2025-08-11T13:24:20,"{""duration_minutes"": 101, ""source_type"": ""location_record""}"
R004480,P328,P349,MEMBER_OF,0.75,2025-01-27T00:42:50,"{""context"": ""Shared membership recorded"", ""source_type"": ""field_report""}"
R004481,P266,LOC058,TRAVELED_TO,0.63,2026-06-25T23:12:13,"{""mode"": ""road"", ""source_type"": ""travel_record""}"
R004482,P198,ACC112,OWNS_ACCOUNT,0.72,2025-03-08T19:57:34,"{""account_status"": ""active"", ""source_type"": ""financial_registry""}"
R004483,P248,P246,FAMILY,0.76,2025-11-30T01:15:08,"{""relationship_note"": ""Partner relation recorded"", ""source_type"": ""public_record""}"
R004484,P143,P130,MET,0.55,2026-08-13T09:26:33,"{""details"": ""Extended meeting recorded"", ""source_type"": ""surveillance"", ""verified"": false}"
R004485,P082,P481,LOCATED_WITH,0.71,2026-06-05T09:36:25,"{""observation_note"": ""Presence recorded at location"", ""source_type"": ""location_record""}"
R004486,P230,P239,MET,0.89,2025-12-09T01:34:26,"{""details"": ""Brief meeting observed"", ""source_type"": ""surveillance"", ""verified"": false}"
R004487,P426,P082,MESSAGED,0.98,2026-03-27T10:12:45,"{""message_count"": 57, ""source_type"": ""communication_record""}"
R004488,P229,PH054,USED_PHONE,0.97,2026-07-18T07:54:27,"{""observation"": ""Device usage recorded"", ""source_type"": ""telecom_record""}"
R004489,P178,V124,OWNS_VEHICLE,0.99,2025-04-02T12:08:03,"{""registration_status"": ""active"", ""source_type"": ""vehicle_registry""}"
R004490,PH007,PH142,COMMUNICATED_WITH,0.88,2025-04-30T20:20:44,"{""contact_count"": 59, ""source_type"": ""telecom_record""}"
R004491,P369,PH030,CALLED,0.68,2026-03-24T11:25:03,"{""duration_seconds"": 596, ""source_type"": ""call_record"", ""verified"": false}"
R004492,P004,P025,EMPLOYED_WITH,0.93,2026-08-26T10:06:13,"{""context"": ""Shared employment recorded"", ""source_type"": ""employment_record""}"
R004493,P004,P009,TRAVELED_WITH,0.7,2025-01-20T13:20:32,"{""context"": ""Joint travel recorded"", ""source_type"": ""travel_record""}"
R004494,P217,PH138,CALLED,0.63,2025-04-08T02:21:10,"{""duration_seconds"": 2798, ""source_type"": ""call_record"", ""verified"": false}"
R004495,P358,ORG006,WORKS_FOR,0.71,2025-12-09T16:23:25,"{""role"": ""Consultant"", ""source_type"": ""employment_record""}"
R004496,P415,P425,CALLED,0.86,2025-12-08T04:40:40,"{""duration_seconds"": 2720, ""source_type"": ""call_record"", ""verified"": false}"
R004497,PH144,PH113,COMMUNICATED_WITH,0.54,2025-08-09T08:46:12,"{""contact_count"": 49, ""source_type"": ""telecom_record""}"
R004498,P415,P424,MEMBER_OF,0.89,2026-06-30T16:11:14,"{""context"": ""Shared membership recorded"", ""source_type"": ""field_report""}"
R004499,P120,LOC048,TRAVELED_TO,0.91,2026-07-29T00:57:10,"{""mode"": ""rail"", ""source_type"": ""travel_record""}"
R004500,P272,P278,MESSAGED,0.74,2026-02-11T15:10:35,"{""message_count"": 93, ""source_type"": ""communication_record""}"
R004501,P120,ORG093,WORKS_FOR,0.86,2026-05-03T14:25:52,"{""role"": ""Advisor"", ""source_type"": ""employment_record""}"
R004502,P120,P103,EMPLOYED_WITH,0.57,2025-05-15T11:12:30,"{""context"": ""Shared employment recorded"", ""source_type"": ""employment_record""}"
R004503,P402,V135,TRAVELED_IN,0.94,2026-03-24T13:55:33,"{""trip_note"": ""Travel recorded together"", ""source_type"": ""field_report""}"
R004504,P151,LOC004,VISITED,0.51,2025-05-04T15:59:02,"{""duration_minutes"": 183, ""source_type"": ""location_record""}"
R004505,P318,LOC001,LOCATED_AT,0.64,2025-06-14T08:54:58,"{""observation_note"": ""Presence recorded at location"", ""source_type"": ""location_record""}"
R004506,P175,P166,FAMILY,0.91,2026-02-02T06:14:12,"{""relationship_note"": ""Partner relation recorded"", ""source_type"": ""public_record""}"
R004507,P193,P189,SUSPECTED_ASSOCIATE,0.78,2025-12-27T21:52:42,"{""context"": ""Indirect association noted as an analytical lead, not confirmed activity"", ""source_type"": ""informant_tip"", ""verified"": false}"
R004508,P180,ORG084,ASSOCIATED_WITH,0.7,2025-11-09T03:23:17,"{""context"": ""Indirect association noted as an analytical lead, not confirmed activity"", ""source_type"": ""informant_tip"", ""verified"": false}"
R004509,P360,ACC103,TRANSACTION_WITH,0.96,2026-06-03T08:31:42,"{""amount"": 428540, ""currency"": ""INR"", ""transaction_type"": ""upi_transfer""}"
R004510,P413,V124,USED_VEHICLE,0.98,2025-10-26T22:26:19,"{""observation"": ""Vehicle observed in use"", ""source_type"": ""CCTV""}"
R004511,P029,P070,MESSAGED,0.67,2025-10-02T00:27:22,"{""message_count"": 36, ""source_type"": ""communication_record""}"
R004512,P446,P437,PARTNER,0.78,2025-08-30T10:41:04,"{""relationship_note"": ""Partner relation recorded"", ""source_type"": ""public_record""}"
R004513,P496,P485,TRAVELED_WITH,0.57,2026-04-06T19:37:38,"{""context"": ""Joint travel recorded"", ""source_type"": ""travel_record""}"
R004514,P175,P170,SUSPECTED_ASSOCIATE,0.91,2025-03-01T19:28:37,"{""context"": ""Indirect association noted as an analytical lead, not confirmed activity"", ""source_type"": ""informant_tip"", ""verified"": false}"
R004515,P217,P202,ASSOCIATED,0.89,2026-06-12T17:39:10,"{""context"": ""Indirect association noted as an analytical lead, not confirmed activity"", ""source_type"": ""informant_tip"", ""verified"": false}"
R004516,P014,P003,EMPLOYED_WITH,0.53,2025-11-19T06:01:39,"{""context"": ""Shared employment recorded"", ""source_type"": ""employment_record""}"
R004517,P389,P401,ASSOCIATED,0.55,2026-06-25T19:55:46,"{""context"": ""Indirect association noted as an analytical lead, not confirmed activity"", ""source_type"": ""informant_tip"", ""verified"": false}"
R004518,P204,P219,FAMILY,0.76,2026-01-30T19:35:22,"{""relationship_note"": ""Partner relation recorded"", ""source_type"": ""public_record""}"
R004519,P280,P278,FAMILY,0.7,2026-06-26T00:15:07,"{""relationship_note"": ""Partner relation recorded"", ""source_type"": ""public_record""}"
R004520,P333,ACC134,TRANSACTION_WITH,0.6,2025-09-27T02:08:56,"{""amount"": 38698, ""currency"": ""INR"", ""transaction_type"": ""upi_transfer""}"
R004521,P311,ACC117,TRANSFERRED_TO,0.85,2026-03-01T06:02:18,"{""amount"": 47157, ""currency"": ""INR"", ""transaction_type"": ""cash_deposit""}"
R004522,P217,P318,EMPLOYED_WITH,0.91,2025-11-05T16:23:03,"{""context"": ""Shared employment recorded"", ""source_type"": ""employment_record""}"
R004523,P336,V138,USED_VEHICLE,0.71,2026-03-23T17:54:15,"{""observation"": ""Vehicle observed in use"", ""source_type"": ""CCTV""}"
R004524,P309,P325,SUSPECTED_ASSOCIATE,0.55,2025-12-18T12:16:07,"{""context"": ""Indirect association noted as an analytical lead, not confirmed activity"", ""source_type"": ""informant_tip"", ""verified"": false}"
R004525,P073,LOC055,RESIDES_AT,0.96,2026-07-25T20:48:04,"{""since"": ""2025-08-27"", ""source_type"": ""registration_record""}"
R004526,P289,PH101,USED_PHONE,0.89,2025-11-23T22:14:24,"{""observation"": ""Device usage recorded"", ""source_type"": ""telecom_record""}"
R004527,P082,PH135,CALLED,0.92,2026-02-21T20:26:41,"{""duration_seconds"": 3441, ""source_type"": ""call_record"", ""verified"": true}"
R004528,P230,P246,MEMBER_OF,0.52,2026-04-04T03:41:20,"{""context"": ""Shared membership recorded"", ""source_type"": ""field_report""}"
R004529,P316,LOC064,LOCATED_AT,0.9,2025-01-04T01:09:35,"{""observation_note"": ""Presence recorded at location"", ""source_type"": ""location_record""}"
R004530,P412,PH190,CALLED,0.83,2025-02-15T03:35:19,"{""duration_seconds"": 536, ""source_type"": ""call_record"", ""verified"": true}"
R004531,P435,P438,MEMBER_OF,0.78,2026-05-28T22:54:40,"{""context"": ""Shared membership recorded"", ""source_type"": ""field_report""}"
R004532,P099,PH079,MESSAGED,0.9,2025-10-01T06:49:36,"{""message_count"": 70, ""source_type"": ""communication_record""}"
R004533,P115,P120,MESSAGED,0.89,2026-07-03T08:31:26,"{""message_count"": 55, ""source_type"": ""communication_record""}"
R004534,ORG020,ORG037,TRANSACTION_WITH,0.59,2025-10-02T00:48:04,"{""amount"": 69431, ""currency"": ""INR"", ""transaction_type"": ""upi_transfer""}"
R004535,P453,P477,SUSPECTED_ASSOCIATE,0.65,2025-07-06T20:46:48,"{""context"": ""Indirect association noted as an analytical lead, not confirmed activity"", ""source_type"": ""informant_tip"", ""verified"": false}"
R004536,P029,ACC071,RECEIVED_FROM,0.94,2026-04-08T09:12:00,"{""amount"": 32632, ""currency"": ""INR"", ""transaction_type"": ""cash_deposit""}"
R004537,P102,ORG045,ASSOCIATED_WITH,0.52,2026-02-16T01:22:05,"{""context"": ""Indirect association noted as an analytical lead, not confirmed activity"", ""source_type"": ""informant_tip"", ""verified"": false}"
R004538,P413,P259,LOCATED_WITH,0.81,2025-01-12T05:58:34,"{""observation_note"": ""Presence recorded at location"", ""source_type"": ""location_record""}"
R004539,P013,ORG034,VISITED_ORG,0.63,2026-04-18T07:49:55,"{""duration_minutes"": 82, ""source_type"": ""location_record""}"
R004540,P013,ACC159,OWNS_ACCOUNT,0.51,2025-06-07T01:29:56,"{""account_status"": ""active"", ""source_type"": ""financial_registry""}"
R004541,P327,P334,TRAVELED_WITH,0.56,2026-06-04T20:10:59,"{""context"": ""Joint travel recorded"", ""source_type"": ""travel_record""}"
R004542,P232,ORG046,MEMBER_OF,0.67,2026-01-04T17:19:52,"{""context"": ""Shared membership recorded"", ""source_type"": ""field_report""}"
R004543,P465,P391,MEMBER_OF,0.65,2026-05-03T19:59:39,"{""context"": ""Shared membership recorded"", ""source_type"": ""field_report""}"
R004544,P446,ACC047,TRANSACTION_WITH,0.95,2025-08-12T18:35:00,"{""amount"": 213511, ""currency"": ""INR"", ""transaction_type"": ""upi_transfer""}"
R004545,P377,P381,ASSOCIATED,0.59,2026-06-15T18:24:18,"{""context"": ""Indirect association noted as an analytical lead, not confirmed activity"", ""source_type"": ""informant_tip"", ""verified"": false}"
R004546,P172,V026,OWNS_VEHICLE,0.6,2025-04-18T20:05:20,"{""registration_status"": ""active"", ""source_type"": ""vehicle_registry""}"
R004547,P021,P045,SUSPECTED_ASSOCIATE,0.76,2025-06-22T21:15:21,"{""context"": ""Indirect association noted as an analytical lead, not confirmed activity"", ""source_type"": ""informant_tip"", ""verified"": false}"
R004548,P423,PH115,USED_PHONE,0.73,2025-09-14T18:07:49,"{""observation"": ""Device usage recorded"", ""source_type"": ""telecom_record""}"
R004549,P299,P277,CALLED,0.95,2026-03-15T19:50:17,"{""duration_seconds"": 2835, ""source_type"": ""call_record"", ""verified"": true}"
R004550,P280,P287,PARTNER,0.95,2025-12-10T00:06:07,"{""relationship_note"": ""Partner relation recorded"", ""source_type"": ""public_record""}"
R004551,P215,LOC087,VISITED,0.59,2025-03-07T11:00:52,"{""duration_minutes"": 50, ""source_type"": ""location_record""}"
R004552,P004,P008,EMPLOYED_WITH,0.93,2025-01-16T06:38:12,"{""context"": ""Shared employment recorded"", ""source_type"": ""employment_record""}"
R004553,P093,P089,FAMILY,0.62,2025-08-14T07:52:55,"{""relationship_note"": ""Family relation recorded"", ""source_type"": ""public_record""}"
R004554,P304,PH119,OWNS_PHONE,0.81,2026-07-04T13:34:05,"{""registration_status"": ""active"", ""source_type"": ""telecom_registry""}"
R004555,P259,P157,EMPLOYED_WITH,0.53,2025-01-06T09:49:25,"{""context"": ""Shared employment recorded"", ""source_type"": ""employment_record""}"
R004556,P112,ORG002,ASSOCIATED_WITH,0.52,2025-05-27T07:11:31,"{""context"": ""Indirect association noted as an analytical lead, not confirmed activity"", ""source_type"": ""informant_tip"", ""verified"": false}"
R004557,P307,P318,SUSPECTED_ASSOCIATE,0.71,2025-02-16T14:25:35,"{""context"": ""Indirect association noted as an analytical lead, not confirmed activity"", ""source_type"": ""informant_tip"", ""verified"": false}"
R004558,P133,ACC095,RECEIVED_FROM,0.77,2025-12-13T09:00:22,"{""amount"": 63726, ""currency"": ""INR"", ""transaction_type"": ""upi_transfer""}"
R004559,P315,P309,FAMILY,0.81,2026-05-27T03:18:54,"{""relationship_note"": ""Family relation recorded"", ""source_type"": ""public_record""}"
R004560,P369,P364,EMPLOYED_WITH,0.76,2025-08-11T22:51:06,"{""context"": ""Shared employment recorded"", ""source_type"": ""employment_record""}"
R004561,P159,ACC192,OWNS_ACCOUNT,0.7,2026-08-23T00:40:08,"{""account_status"": ""active"", ""source_type"": ""financial_registry""}"
R004562,P109,P360,MEMBER_OF,0.89,2026-03-23T14:45:57,"{""context"": ""Shared membership recorded"", ""source_type"": ""field_report""}"
R004563,P280,LOC050,RESIDES_AT,0.68,2026-01-24T03:02:13,"{""since"": ""2026-03-16"", ""source_type"": ""registration_record""}"
R004564,P215,P222,EMPLOYED_WITH,0.95,2026-03-27T10:24:52,"{""context"": ""Shared employment recorded"", ""source_type"": ""employment_record""}"
R004565,P086,P089,MEMBER_OF,0.75,2025-06-20T01:06:43,"{""context"": ""Shared membership recorded"", ""source_type"": ""field_report""}"
R004566,P280,PH048,OWNS_PHONE,0.98,2025-03-10T13:34:42,"{""registration_status"": ""active"", ""source_type"": ""telecom_registry""}"
R004567,P230,P238,FAMILY,0.6,2025-03-13T21:50:18,"{""relationship_note"": ""Family relation recorded"", ""source_type"": ""public_record""}"
R004568,P270,P273,EMPLOYED_WITH,0.96,2025-11-04T23:16:26,"{""context"": ""Shared employment recorded"", ""source_type"": ""employment_record""}"
R004569,P229,P234,MESSAGED,0.58,2025-02-14T14:20:33,"{""message_count"": 144, ""source_type"": ""communication_record""}"
R004570,P175,P160,LOCATED_WITH,0.57,2026-06-28T07:04:51,"{""observation_note"": ""Presence recorded at location"", ""source_type"": ""location_record""}"
R004571,P040,PH173,OWNS_PHONE,0.83,2025-10-14T19:53:26,"{""registration_status"": ""active"", ""source_type"": ""telecom_registry""}"
R004572,P426,ACC143,TRANSACTION_WITH,0.63,2026-03-17T23:55:18,"{""amount"": 242126, ""currency"": ""INR"", ""transaction_type"": ""upi_transfer""}"
R004573,P107,PH014,CALLED,0.95,2026-06-03T13:14:27,"{""duration_seconds"": 1931, ""source_type"": ""call_record"", ""verified"": true}"
R004574,P360,PH104,CALLED,0.72,2026-05-25T17:46:43,"{""duration_seconds"": 2569, ""source_type"": ""call_record"", ""verified"": true}"
R004575,P143,P138,TRAVELED_WITH,0.61,2026-06-19T17:32:52,"{""context"": ""Joint travel recorded"", ""source_type"": ""travel_record""}"
R004576,P109,ACC105,RECEIVED_FROM,0.75,2025-01-04T18:51:14,"{""amount"": 461242, ""currency"": ""INR"", ""transaction_type"": ""wire_transfer""}"
R004577,P160,ORG024,ASSOCIATED_WITH,0.66,2025-01-13T17:43:03,"{""context"": ""Indirect association noted as an analytical lead, not confirmed activity"", ""source_type"": ""informant_tip"", ""verified"": false}"
R004578,P370,PH097,MESSAGED,0.69,2025-05-09T06:56:33,"{""message_count"": 38, ""source_type"": ""communication_record""}"
R004579,P358,P359,MESSAGED,0.65,2026-08-28T08:06:56,"{""message_count"": 106, ""source_type"": ""communication_record""}"
R004580,P229,ACC015,TRANSFERRED_TO,0.86,2026-07-12T09:17:33,"{""amount"": 142310, ""currency"": ""INR"", ""transaction_type"": ""upi_transfer""}"
R004581,P120,P114,SUSPECTED_ASSOCIATE,0.55,2026-08-30T14:06:01,"{""context"": ""Indirect association noted as an analytical lead, not confirmed activity"", ""source_type"": ""informant_tip"", ""verified"": false}"
R004582,P188,P189,LOCATED_WITH,0.9,2026-06-08T02:36:16,"{""observation_note"": ""Presence recorded at location"", ""source_type"": ""location_record""}"
R004583,P453,P301,TRAVELED_WITH,0.98,2026-07-28T20:39:32,"{""context"": ""Joint travel recorded"", ""source_type"": ""travel_record""}"
R004584,P360,PH175,OWNS_PHONE,0.96,2025-07-17T22:13:11,"{""registration_status"": ""active"", ""source_type"": ""telecom_registry""}"
R004585,P175,V134,TRAVELED_IN,0.97,2026-06-09T22:29:15,"{""trip_note"": ""Travel recorded together"", ""source_type"": ""field_report""}"
R004586,P378,PH059,MESSAGED,0.83,2025-09-09T15:58:22,"{""message_count"": 70, ""source_type"": ""communication_record""}"
R004587,P317,P272,TRAVELED_WITH,0.56,2026-03-13T02:06:58,"{""context"": ""Joint travel recorded"", ""source_type"": ""travel_record""}"
R004588,P288,P297,FAMILY,0.95,2025-05-29T01:18:08,"{""relationship_note"": ""Partner relation recorded"", ""source_type"": ""public_record""}"
R004589,P305,ACC157,TRANSFERRED_TO,0.77,2026-04-13T22:48:50,"{""amount"": 1736, ""currency"": ""INR"", ""transaction_type"": ""bank_transfer""}"
R004590,P446,V008,OWNS_VEHICLE,0.54,2025-05-03T12:43:04,"{""registration_status"": ""active"", ""source_type"": ""vehicle_registry""}"
R004591,P004,P020,PARTNER,0.57,2026-01-25T06:33:52,"{""relationship_note"": ""Family relation recorded"", ""source_type"": ""public_record""}"
R004592,P309,ACC176,TRANSACTION_WITH,0.61,2025-07-08T06:01:40,"{""amount"": 35400, ""currency"": ""INR"", ""transaction_type"": ""wire_transfer""}"
R004593,P099,V043,TRAVELED_IN,0.74,2026-04-07T02:23:00,"{""trip_note"": ""Travel recorded together"", ""source_type"": ""field_report""}"
R004594,P217,P204,TRAVELED_WITH,0.67,2025-04-05T21:50:47,"{""context"": ""Joint travel recorded"", ""source_type"": ""travel_record""}"
R004595,P224,P213,CALLED,0.84,2025-07-10T04:59:06,"{""duration_seconds"": 71, ""source_type"": ""call_record"", ""verified"": true}"
R004596,P318,PH164,OWNS_PHONE,0.99,2026-06-21T03:24:23,"{""registration_status"": ""active"", ""source_type"": ""telecom_registry""}"
R004597,P413,V055,USED_VEHICLE,0.9,2025-12-26T13:20:02,"{""observation"": ""Vehicle observed in use"", ""source_type"": ""CCTV""}"
R004598,P120,P117,FAMILY,0.74,2025-08-17T09:02:23,"{""relationship_note"": ""Partner relation recorded"", ""source_type"": ""public_record""}"
R004599,P345,ORG039,ASSOCIATED_WITH,0.71,2025-08-31T19:35:15,"{""context"": ""Indirect association noted as an analytical lead, not confirmed activity"", ""source_type"": ""informant_tip"", ""verified"": false}"
R004600,P182,P186,SUSPECTED_ASSOCIATE,0.72,2025-12-28T07:53:02,"{""context"": ""Indirect association noted as an analytical lead, not confirmed activity"", ""source_type"": ""informant_tip"", ""verified"": false}"
R004601,P280,P300,TRAVELED_WITH,0.5,2025-02-21T22:05:15,"{""context"": ""Joint travel recorded"", ""source_type"": ""travel_record""}"
R004602,P133,ORG092,MEMBER_OF,0.78,2026-07-19T17:56:39,"{""context"": ""Shared membership recorded"", ""source_type"": ""field_report""}"
R004603,P029,P070,MESSAGED,0.51,2025-06-09T03:31:25,"{""message_count"": 55, ""source_type"": ""communication_record""}"
R004604,P082,P088,CALLED,0.72,2026-06-27T01:41:13,"{""duration_seconds"": 671, ""source_type"": ""call_record"", ""verified"": false}"
R004605,P113,P119,MESSAGED,0.73,2025-02-03T08:17:34,"{""message_count"": 89, ""source_type"": ""communication_record""}"
R004606,P453,V056,TRAVELED_IN,0.58,2025-05-09T15:27:39,"{""trip_note"": ""Travel recorded together"", ""source_type"": ""field_report""}"
R004607,P312,P325,MET,0.72,2026-06-12T21:16:55,"{""details"": ""Meeting recorded at location"", ""source_type"": ""surveillance"", ""verified"": true}"
R004608,P215,LOC018,WORKS_AT,0.97,2025-12-30T17:23:42,"{""role"": ""Consultant"", ""source_type"": ""employment_record""}"
R004609,P200,P181,PARTNER,0.58,2026-03-05T15:45:20,"{""relationship_note"": ""Family relation recorded"", ""source_type"": ""public_record""}"
R004610,P230,PH087,OWNS_PHONE,0.6,2025-08-21T03:16:23,"{""registration_status"": ""active"", ""source_type"": ""telecom_registry""}"
R004611,P175,LOC026,VISITED,0.54,2025-08-08T17:53:07,"{""duration_minutes"": 138, ""source_type"": ""location_record""}"
R004612,P004,P007,MET,0.7,2025-01-17T19:33:59,"{""details"": ""Brief meeting observed"", ""source_type"": ""surveillance"", ""verified"": false}"
R004613,P217,P202,MEMBER_OF,0.77,2026-08-31T03:22:06,"{""context"": ""Shared membership recorded"", ""source_type"": ""field_report""}"
R004614,P224,V070,TRAVELED_IN,0.82,2025-01-19T09:44:02,"{""trip_note"": ""Travel recorded together"", ""source_type"": ""field_report""}"
R004615,P113,LOC042,WORKS_AT,0.85,2025-09-21T21:15:32,"{""role"": ""Consultant"", ""source_type"": ""employment_record""}"
R004616,P309,P114,MEMBER_OF,0.77,2025-05-07T22:22:49,"{""context"": ""Shared membership recorded"", ""source_type"": ""field_report""}"
R004617,P074,P053,TRAVELED_WITH,0.53,2025-04-02T12:02:29,"{""context"": ""Joint travel recorded"", ""source_type"": ""travel_record""}"
R004618,P405,P403,EMPLOYED_WITH,0.79,2025-01-22T12:08:56,"{""context"": ""Shared employment recorded"", ""source_type"": ""employment_record""}"
R004619,P328,P347,FAMILY,0.83,2025-05-19T20:31:01,"{""relationship_note"": ""Partner relation recorded"", ""source_type"": ""public_record""}"
R004620,P345,LOC059,VISITED,0.52,2026-01-04T15:31:59,"{""duration_minutes"": 105, ""source_type"": ""location_record""}"
R004621,P432,P433,MEMBER_OF,0.97,2026-08-23T05:49:59,"{""context"": ""Shared membership recorded"", ""source_type"": ""field_report""}"
R004622,P358,LOC078,RESIDES_AT,0.51,2025-02-13T12:06:39,"{""since"": ""2026-05-09"", ""source_type"": ""registration_record""}"
R004623,P272,P254,CALLED,0.95,2026-06-16T20:28:43,"{""duration_seconds"": 423, ""source_type"": ""call_record"", ""verified"": false}"
R004624,P243,LOC089,RESIDES_AT,0.7,2025-09-18T09:51:08,"{""since"": ""2025-12-07"", ""source_type"": ""registration_record""}"
R004625,P259,P255,LOCATED_WITH,0.72,2025-01-09T11:40:56,"{""observation_note"": ""Presence recorded at location"", ""source_type"": ""location_record""}"
R004626,P229,P231,MEMBER_OF,0.83,2025-02-28T07:59:30,"{""context"": ""Shared membership recorded"", ""source_type"": ""field_report""}"
R004627,P143,P131,PARTNER,0.92,2026-05-04T05:48:10,"{""relationship_note"": ""Family relation recorded"", ""source_type"": ""public_record""}"
R004628,P328,P343,SUSPECTED_ASSOCIATE,0.73,2025-10-02T10:14:14,"{""context"": ""Indirect association noted as an analytical lead, not confirmed activity"", ""source_type"": ""informant_tip"", ""verified"": false}"
R004629,P477,P302,TRAVELED_WITH,0.59,2026-07-05T12:07:26,"{""context"": ""Joint travel recorded"", ""source_type"": ""travel_record""}"
R004630,P423,PH161,MESSAGED,0.51,2025-09-21T15:48:42,"{""message_count"": 66, ""source_type"": ""communication_record""}"
R004631,P204,P224,ASSOCIATED,0.76,2026-04-21T16:05:31,"{""context"": ""Indirect association noted as an analytical lead, not confirmed activity"", ""source_type"": ""informant_tip"", ""verified"": false}"
R004632,P134,V035,TRAVELED_IN,0.83,2025-08-11T06:48:56,"{""trip_note"": ""Travel recorded together"", ""source_type"": ""field_report""}"
R004633,P361,P363,ASSOCIATED,0.62,2026-03-09T19:38:45,"{""context"": ""Indirect association noted as an analytical lead, not confirmed activity"", ""source_type"": ""informant_tip"", ""verified"": false}"
R004634,P224,P230,TRAVELED_WITH,0.66,2026-07-24T08:54:23,"{""context"": ""Joint travel recorded"", ""source_type"": ""travel_record""}"
R004635,PH001,PH100,COMMUNICATED_WITH,0.81,2025-06-25T08:14:30,"{""contact_count"": 8, ""source_type"": ""telecom_record""}"
R004636,P103,LOC035,RESIDES_AT,0.88,2025-11-16T05:48:28,"{""since"": ""2025-04-01"", ""source_type"": ""registration_record""}"
R004637,P328,P373,CALLED,0.59,2025-04-14T10:53:20,"{""duration_seconds"": 3593, ""source_type"": ""call_record"", ""verified"": false}"
R004638,P102,P113,TRAVELED_WITH,0.64,2025-05-14T01:46:18,"{""context"": ""Joint travel recorded"", ""source_type"": ""travel_record""}"
R004639,P415,P109,CALLED,0.54,2025-10-10T00:06:40,"{""duration_seconds"": 446, ""source_type"": ""call_record"", ""verified"": false}"
R004640,P280,P286,FAMILY,0.9,2026-03-24T06:52:31,"{""relationship_note"": ""Partner relation recorded"", ""source_type"": ""public_record""}"
R004641,P250,P029,FAMILY,0.56,2026-05-01T19:25:06,"{""relationship_note"": ""Partner relation recorded"", ""source_type"": ""public_record""}"
R004642,P426,P436,SUSPECTED_ASSOCIATE,0.79,2026-01-17T11:07:31,"{""context"": ""Indirect association noted as an analytical lead, not confirmed activity"", ""source_type"": ""informant_tip"", ""verified"": false}"
R004643,P355,P372,MESSAGED,0.8,2025-12-10T10:26:58,"{""message_count"": 127, ""source_type"": ""communication_record""}"
R004644,P175,P026,LOCATED_WITH,0.56,2026-05-17T02:25:00,"{""observation_note"": ""Presence recorded at location"", ""source_type"": ""location_record""}"
R004645,P112,P120,CALLED,0.84,2026-05-21T13:55:17,"{""duration_seconds"": 975, ""source_type"": ""call_record"", ""verified"": true}"
R004646,P309,P314,TRAVELED_WITH,0.94,2025-12-22T11:26:16,"{""context"": ""Joint travel recorded"", ""source_type"": ""travel_record""}"
R004647,P393,P381,TRAVELED_WITH,0.86,2026-01-07T14:02:17,"{""context"": ""Joint travel recorded"", ""source_type"": ""travel_record""}"
R004648,ORG081,ORG054,PARTNERED_WITH,0.51,2026-05-09T18:06:25,"{""relationship_note"": ""Organizational link recorded"", ""source_type"": ""corporate_record""}"
R004649,P352,P371,LOCATED_WITH,0.62,2026-08-01T10:50:16,"{""observation_note"": ""Presence recorded at location"", ""source_type"": ""location_record""}"
R004650,P215,P214,LOCATED_WITH,0.92,2025-08-29T09:42:46,"{""observation_note"": ""Presence recorded at location"", ""source_type"": ""location_record""}"
R004651,P302,P301,LOCATED_WITH,0.92,2026-01-17T10:28:43,"{""observation_note"": ""Presence recorded at location"", ""source_type"": ""location_record""}"
R004652,P051,P155,PARTNER,0.99,2025-03-06T21:00:40,"{""relationship_note"": ""Family relation recorded"", ""source_type"": ""public_record""}"
R004653,P102,P098,FAMILY,0.8,2025-01-02T06:42:56,"{""relationship_note"": ""Partner relation recorded"", ""source_type"": ""public_record""}"
R004654,P309,LOC015,LOCATED_AT,0.95,2026-02-02T05:53:05,"{""observation_note"": ""Presence recorded at location"", ""source_type"": ""location_record""}"
R004655,P333,P330,CALLED,0.92,2025-10-31T18:49:54,"{""duration_seconds"": 2548, ""source_type"": ""call_record"", ""verified"": false}"
R004656,P389,V116,TRAVELED_IN,0.75,2026-04-25T22:14:20,"{""trip_note"": ""Travel recorded together"", ""source_type"": ""field_report""}"
R004657,P134,P135,MET,0.69,2025-01-26T04:21:28,"{""details"": ""Extended meeting recorded"", ""source_type"": ""surveillance"", ""verified"": false}"
R004658,P402,P029,MESSAGED,0.78,2026-01-15T07:16:22,"{""message_count"": 44, ""source_type"": ""communication_record""}"
R004659,P297,P286,LOCATED_WITH,0.84,2025-09-08T03:35:06,"{""observation_note"": ""Presence recorded at location"", ""source_type"": ""location_record""}"
R004660,P367,P370,MEMBER_OF,0.9,2026-03-06T22:27:37,"{""context"": ""Shared membership recorded"", ""source_type"": ""field_report""}"
R004661,P223,PH005,MESSAGED,0.73,2025-06-12T07:35:10,"{""message_count"": 26, ""source_type"": ""communication_record""}"
R004662,P004,P009,ASSOCIATED,0.98,2025-01-18T00:51:32,"{""context"": ""Indirect association noted as an analytical lead, not confirmed activity"", ""source_type"": ""informant_tip"", ""verified"": false}"
R004663,P263,P272,MET,0.81,2025-12-03T19:50:03,"{""details"": ""Brief meeting observed"", ""source_type"": ""surveillance"", ""verified"": false}"
R004664,P109,V079,USED_VEHICLE,0.83,2026-04-25T13:12:00,"{""observation"": ""Vehicle observed in use"", ""source_type"": ""CCTV""}"
R004665,P426,ORG042,WORKS_FOR,0.91,2025-11-02T02:14:40,"{""role"": ""Manager"", ""source_type"": ""employment_record""}"
R004666,P192,P188,TRAVELED_WITH,0.82,2025-03-10T19:40:22,"{""context"": ""Joint travel recorded"", ""source_type"": ""travel_record""}"
R004667,P415,ORG017,WORKS_FOR,0.92,2026-02-13T20:45:02,"{""role"": ""Staff"", ""source_type"": ""employment_record""}"
R004668,P369,P361,TRAVELED_WITH,0.62,2025-02-17T06:59:03,"{""context"": ""Joint travel recorded"", ""source_type"": ""travel_record""}"
R004669,P367,P370,SUSPECTED_ASSOCIATE,0.9,2025-08-03T16:50:19,"{""context"": ""Indirect association noted as an analytical lead, not confirmed activity"", ""source_type"": ""informant_tip"", ""verified"": false}"
R004670,P446,V083,TRAVELED_IN,0.72,2025-11-21T04:05:08,"{""trip_note"": ""Travel recorded together"", ""source_type"": ""field_report""}"
R004671,P377,P400,TRAVELED_WITH,0.54,2025-07-15T17:45:20,"{""context"": ""Joint travel recorded"", ""source_type"": ""travel_record""}"
R004672,P215,P222,TRAVELED_WITH,0.82,2025-09-15T01:30:00,"{""context"": ""Joint travel recorded"", ""source_type"": ""travel_record""}"
R004673,P408,LOC062,LOCATED_AT,0.79,2026-08-24T07:07:21,"{""observation_note"": ""Presence recorded at location"", ""source_type"": ""location_record""}"
R004674,P280,PH195,CALLED,0.92,2025-05-17T01:08:30,"{""duration_seconds"": 1768, ""source_type"": ""call_record"", ""verified"": false}"
R004675,P239,ORG087,VISITED_ORG,0.93,2025-06-12T08:31:08,"{""duration_minutes"": 149, ""source_type"": ""location_record""}"
R004676,P389,PH171,OWNS_PHONE,0.75,2025-04-21T10:58:14,"{""registration_status"": ""active"", ""source_type"": ""telecom_registry""}"
R004677,P416,P417,MET,0.67,2025-12-06T22:30:40,"{""details"": ""Extended meeting recorded"", ""source_type"": ""surveillance"", ""verified"": true}"
R004678,P215,ACC190,TRANSFERRED_TO,0.66,2025-08-08T17:03:05,"{""amount"": 466561, ""currency"": ""INR"", ""transaction_type"": ""wire_transfer""}"
R004679,P333,P346,TRAVELED_WITH,0.68,2026-06-24T14:41:19,"{""context"": ""Joint travel recorded"", ""source_type"": ""travel_record""}"
R004680,P029,P064,LOCATED_WITH,0.51,2025-05-06T01:43:21,"{""observation_note"": ""Presence recorded at location"", ""source_type"": ""location_record""}"
R004681,P215,P213,MESSAGED,0.63,2025-10-03T02:09:11,"{""message_count"": 105, ""source_type"": ""communication_record""}"
R004682,P239,P243,LOCATED_WITH,0.69,2026-02-14T11:54:28,"{""observation_note"": ""Presence recorded at location"", ""source_type"": ""location_record""}"
R004683,P329,P330,ASSOCIATED,0.8,2026-04-14T13:03:54,"{""context"": ""Indirect association noted as an analytical lead, not confirmed activity"", ""source_type"": ""informant_tip"", ""verified"": false}"
R004684,P109,P123,MET,0.64,2026-05-14T03:59:22,"{""details"": ""Meeting recorded at location"", ""source_type"": ""surveillance"", ""verified"": false}"
R004685,P021,P041,EMPLOYED_WITH,0.81,2026-05-22T23:03:06,"{""context"": ""Shared employment recorded"", ""source_type"": ""employment_record""}"
R004686,P229,ORG071,MEMBER_OF,0.76,2025-03-09T16:48:50,"{""context"": ""Shared membership recorded"", ""source_type"": ""field_report""}"
R004687,P014,V062,OWNS_VEHICLE,0.96,2026-06-16T09:32:42,"{""registration_status"": ""active"", ""source_type"": ""vehicle_registry""}"
R004688,P225,P208,EMPLOYED_WITH,0.67,2026-07-16T17:28:06,"{""context"": ""Shared employment recorded"", ""source_type"": ""employment_record""}"
R004689,P175,ACC077,RECEIVED_FROM,0.66,2025-10-21T04:38:48,"{""amount"": 464822, ""currency"": ""INR"", ""transaction_type"": ""bank_transfer""}"
R004690,P385,P382,CALLED,0.86,2026-01-27T16:10:01,"{""duration_seconds"": 469, ""source_type"": ""call_record"", ""verified"": true}"
R004691,P302,ORG074,VISITED_ORG,0.65,2025-04-19T12:23:03,"{""duration_minutes"": 57, ""source_type"": ""location_record""}"
R004692,P360,P358,TRAVELED_WITH,0.96,2025-02-08T07:19:19,"{""context"": ""Joint travel recorded"", ""source_type"": ""travel_record""}"
R004693,P029,P259,SUSPECTED_ASSOCIATE,0.88,2025-10-11T16:15:30,"{""context"": ""Indirect association noted as an analytical lead, not confirmed activity"", ""source_type"": ""informant_tip"", ""verified"": false}"
R004694,P259,P254,EMPLOYED_WITH,0.99,2025-01-04T18:48:18,"{""context"": ""Shared employment recorded"", ""source_type"": ""employment_record""}"
R004695,P389,V123,USED_VEHICLE,0.71,2025-08-19T15:37:06,"{""observation"": ""Vehicle observed in use"", ""source_type"": ""CCTV""}"
R004696,P116,P318,FAMILY,0.93,2025-11-23T06:35:20,"{""relationship_note"": ""Partner relation recorded"", ""source_type"": ""public_record""}"
R004697,P217,P216,LOCATED_WITH,0.67,2025-05-16T08:31:58,"{""observation_note"": ""Presence recorded at location"", ""source_type"": ""location_record""}"
R004698,P358,PH199,USED_PHONE,0.97,2025-05-03T11:25:35,"{""observation"": ""Device usage recorded"", ""source_type"": ""telecom_record""}"
R004699,P054,P057,MEMBER_OF,0.77,2026-07-29T10:35:51,"{""context"": ""Shared membership recorded"", ""source_type"": ""field_report""}"
R004700,P397,ORG046,ASSOCIATED_WITH,0.97,2026-04-05T14:50:52,"{""context"": ""Indirect association noted as an analytical lead, not confirmed activity"", ""source_type"": ""informant_tip"", ""verified"": false}"
R004701,P029,P045,PARTNER,0.91,2026-07-18T07:14:22,"{""relationship_note"": ""Partner relation recorded"", ""source_type"": ""public_record""}"
R004702,P217,PH197,CALLED,0.66,2025-08-16T17:45:13,"{""duration_seconds"": 990, ""source_type"": ""call_record"", ""verified"": true}"
R004703,P415,P358,PARTNER,0.76,2025-02-26T08:26:08,"{""relationship_note"": ""Partner relation recorded"", ""source_type"": ""public_record""}"
R004704,P229,P272,CALLED,0.52,2025-01-08T06:01:33,"{""duration_seconds"": 2820, ""source_type"": ""call_record"", ""verified"": false}"
R004705,P112,P122,LOCATED_WITH,0.94,2025-02-03T18:40:29,"{""observation_note"": ""Presence recorded at location"", ""source_type"": ""location_record""}"
R004706,P014,V080,TRAVELED_IN,0.83,2026-01-27T02:04:47,"{""trip_note"": ""Travel recorded together"", ""source_type"": ""field_report""}"
R004707,P280,P279,MET,0.65,2025-02-16T22:42:12,"{""details"": ""Extended meeting recorded"", ""source_type"": ""surveillance"", ""verified"": false}"
R004708,P187,P192,SUSPECTED_ASSOCIATE,0.59,2025-04-10T00:49:19,"{""context"": ""Indirect association noted as an analytical lead, not confirmed activity"", ""source_type"": ""informant_tip"", ""verified"": false}"
R004709,P337,P332,MESSAGED,0.87,2026-05-19T00:05:00,"{""message_count"": 126, ""source_type"": ""communication_record""}"
R004710,P441,PH091,CALLED,0.83,2026-01-26T00:15:20,"{""duration_seconds"": 1747, ""source_type"": ""call_record"", ""verified"": false}"
R004711,P358,P362,CALLED,0.7,2026-01-30T15:29:23,"{""duration_seconds"": 1720, ""source_type"": ""call_record"", ""verified"": true}"
R004712,P485,LOC039,WORKS_AT,0.98,2025-11-19T00:23:13,"{""role"": ""Advisor"", ""source_type"": ""employment_record""}"
R004713,P211,P220,ASSOCIATED,0.65,2026-08-03T15:27:38,"{""context"": ""Indirect association noted as an analytical lead, not confirmed activity"", ""source_type"": ""informant_tip"", ""verified"": false}"
R004714,P112,PH151,OWNS_PHONE,0.66,2025-04-01T12:58:05,"{""registration_status"": ""active"", ""source_type"": ""telecom_registry""}"
R004715,PH096,PH020,COMMUNICATED_WITH,0.75,2025-05-26T12:44:49,"{""contact_count"": 48, ""source_type"": ""telecom_record""}"
R004716,P034,P049,CALLED,0.78,2025-11-10T20:47:58,"{""duration_seconds"": 3478, ""source_type"": ""call_record"", ""verified"": false}"
R004717,P274,P269,EMPLOYED_WITH,0.75,2026-08-14T03:54:28,"{""context"": ""Shared employment recorded"", ""source_type"": ""employment_record""}"
R004718,P038,PH109,USED_PHONE,0.96,2025-11-14T04:14:32,"{""observation"": ""Device usage recorded"", ""source_type"": ""telecom_record""}"
R004719,P120,P119,MEMBER_OF,0.98,2025-05-06T20:34:34,"{""context"": ""Shared membership recorded"", ""source_type"": ""field_report""}"
R004720,P215,P201,LOCATED_WITH,0.57,2025-09-27T22:42:05,"{""observation_note"": ""Presence recorded at location"", ""source_type"": ""location_record""}"
R004721,P295,P286,MET,0.55,2026-04-01T11:28:32,"{""details"": ""Extended meeting recorded"", ""source_type"": ""surveillance"", ""verified"": true}"
R004722,P496,P492,EMPLOYED_WITH,0.67,2026-01-26T05:35:32,"{""context"": ""Shared employment recorded"", ""source_type"": ""employment_record""}"
R004723,P369,LOC023,RESIDES_AT,0.59,2025-01-04T10:35:59,"{""since"": ""2025-11-17"", ""source_type"": ""registration_record""}"
R004724,P358,P363,MEMBER_OF,0.86,2025-11-21T00:46:31,"{""context"": ""Shared membership recorded"", ""source_type"": ""field_report""}"
R004725,P029,P026,TRAVELED_WITH,0.85,2026-04-18T05:40:36,"{""context"": ""Joint travel recorded"", ""source_type"": ""travel_record""}"
R004726,P007,P011,MESSAGED,0.59,2026-08-02T06:20:51,"{""message_count"": 114, ""source_type"": ""communication_record""}"
R004727,P371,P375,EMPLOYED_WITH,0.67,2026-06-24T15:20:31,"{""context"": ""Shared employment recorded"", ""source_type"": ""employment_record""}"
R004728,P360,P358,TRAVELED_WITH,0.76,2025-04-01T01:12:05,"{""context"": ""Joint travel recorded"", ""source_type"": ""travel_record""}"
R004729,P250,PH106,CALLED,0.97,2025-11-30T10:07:32,"{""duration_seconds"": 2723, ""source_type"": ""call_record"", ""verified"": true}"
R004730,P415,P404,SUSPECTED_ASSOCIATE,0.58,2025-06-05T05:51:37,"{""context"": ""Indirect association noted as an analytical lead, not confirmed activity"", ""source_type"": ""informant_tip"", ""verified"": false}"
R004731,P373,V008,USED_VEHICLE,0.9,2025-12-29T10:39:52,"{""observation"": ""Vehicle observed in use"", ""source_type"": ""CCTV""}"
R004732,P112,P121,EMPLOYED_WITH,0.59,2025-10-31T22:29:26,"{""context"": ""Shared employment recorded"", ""source_type"": ""employment_record""}"
R004733,P404,P410,MESSAGED,0.59,2025-07-11T06:40:50,"{""message_count"": 126, ""source_type"": ""communication_record""}"
R004734,P318,PH154,USED_PHONE,0.64,2026-07-12T00:11:12,"{""observation"": ""Device usage recorded"", ""source_type"": ""telecom_record""}"
R004735,ACC056,ACC089,TRANSACTION_WITH,0.81,2025-06-24T16:43:00,"{""amount"": 104275, ""currency"": ""INR"", ""transaction_type"": ""bank_transfer""}"
R004736,P358,PH033,CALLED,0.91,2025-05-01T15:00:33,"{""duration_seconds"": 1850, ""source_type"": ""call_record"", ""verified"": false}"
R004737,P021,P025,LOCATED_WITH,0.68,2025-03-18T05:31:49,"{""observation_note"": ""Presence recorded at location"", ""source_type"": ""location_record""}"
R004738,P029,P039,MET,0.64,2026-03-08T10:19:05,"{""details"": ""Extended meeting recorded"", ""source_type"": ""surveillance"", ""verified"": false}"
R004739,P244,LOC021,VISITED,0.89,2026-04-14T20:31:28,"{""duration_minutes"": 158, ""source_type"": ""location_record""}"
R004740,P429,ACC183,TRANSFERRED_TO,0.54,2025-07-04T19:52:28,"{""amount"": 63836, ""currency"": ""INR"", ""transaction_type"": ""wire_transfer""}"
R004741,P283,P300,MEMBER_OF,0.92,2025-12-10T02:12:23,"{""context"": ""Shared membership recorded"", ""source_type"": ""field_report""}"
R004742,P495,P333,MESSAGED,0.69,2025-09-27T00:58:16,"{""message_count"": 146, ""source_type"": ""communication_record""}"
R004743,P333,PH145,CALLED,0.83,2026-05-25T22:57:30,"{""duration_seconds"": 112, ""source_type"": ""call_record"", ""verified"": true}"
R004744,P143,P150,FAMILY,0.66,2026-03-13T10:33:19,"{""relationship_note"": ""Partner relation recorded"", ""source_type"": ""public_record""}"
R004745,P029,LOC031,RESIDES_AT,0.95,2025-11-14T21:31:03,"{""since"": ""2026-02-21"", ""source_type"": ""registration_record""}"
R004746,P005,LOC095,TRAVELED_TO,0.97,2025-09-24T14:51:14,"{""mode"": ""road"", ""source_type"": ""travel_record""}"
R004747,P333,V089,OWNS_VEHICLE,0.85,2026-03-29T12:50:03,"{""registration_status"": ""active"", ""source_type"": ""vehicle_registry""}"
R004748,P082,V054,OWNS_VEHICLE,0.78,2026-02-05T10:53:24,"{""registration_status"": ""active"", ""source_type"": ""vehicle_registry""}"
R004749,P456,PH194,CALLED,0.79,2026-07-30T17:51:02,"{""duration_seconds"": 786, ""source_type"": ""call_record"", ""verified"": false}"
R004750,P369,LOC012,WORKS_AT,0.58,2025-04-01T21:27:14,"{""role"": ""Contractor"", ""source_type"": ""employment_record""}"
R004751,P158,P177,CALLED,0.74,2025-10-25T09:03:27,"{""duration_seconds"": 185, ""source_type"": ""call_record"", ""verified"": false}"
R004752,P399,P379,MESSAGED,0.95,2026-06-04T13:58:09,"{""message_count"": 55, ""source_type"": ""communication_record""}"
R004753,P091,P095,CALLED,0.69,2026-03-03T12:34:23,"{""duration_seconds"": 1967, ""source_type"": ""call_record"", ""verified"": false}"
R004754,P453,ACC052,TRANSFERRED_TO,0.82,2025-12-10T23:47:44,"{""amount"": 117702, ""currency"": ""INR"", ""transaction_type"": ""wire_transfer""}"
R004755,P486,V097,OWNS_VEHICLE,0.68,2026-01-26T21:57:05,"{""registration_status"": ""active"", ""source_type"": ""vehicle_registry""}"
R004756,P230,P248,SUSPECTED_ASSOCIATE,0.67,2025-12-24T07:01:59,"{""context"": ""Indirect association noted as an analytical lead, not confirmed activity"", ""source_type"": ""informant_tip"", ""verified"": false}"
R004757,P384,PH050,MESSAGED,0.79,2025-09-11T04:38:42,"{""message_count"": 126, ""source_type"": ""communication_record""}"
R004758,P224,P203,FAMILY,0.86,2025-09-04T17:21:53,"{""relationship_note"": ""Family relation recorded"", ""source_type"": ""public_record""}"
R004759,P217,P219,PARTNER,0.97,2026-07-31T20:50:40,"{""relationship_note"": ""Family relation recorded"", ""source_type"": ""public_record""}"
R004760,P217,V032,TRAVELED_IN,0.53,2026-02-06T22:36:14,"{""trip_note"": ""Travel recorded together"", ""source_type"": ""field_report""}"
R004761,P112,P125,CALLED,0.71,2025-06-14T22:24:04,"{""duration_seconds"": 1733, ""source_type"": ""call_record"", ""verified"": true}"
R004762,P328,P343,TRAVELED_WITH,0.51,2026-01-20T17:45:59,"{""context"": ""Joint travel recorded"", ""source_type"": ""travel_record""}"
R004763,P328,P347,EMPLOYED_WITH,0.73,2025-08-17T06:20:32,"{""context"": ""Shared employment recorded"", ""source_type"": ""employment_record""}"
R004764,P029,V149,OWNS_VEHICLE,0.83,2025-02-01T18:09:26,"{""registration_status"": ""active"", ""source_type"": ""vehicle_registry""}"
R004765,P109,ACC130,TRANSACTION_WITH,0.96,2025-01-28T02:59:45,"{""amount"": 135573, ""currency"": ""INR"", ""transaction_type"": ""upi_transfer""}"
R004766,P355,P364,ASSOCIATED,0.61,2026-08-12T23:17:42,"{""context"": ""Indirect association noted as an analytical lead, not confirmed activity"", ""source_type"": ""informant_tip"", ""verified"": false}"
R004767,P051,P092,TRAVELED_WITH,0.78,2025-01-26T04:35:28,"{""context"": ""Joint travel recorded"", ""source_type"": ""travel_record""}"
R004768,P058,P069,ASSOCIATED,0.67,2026-02-11T18:01:27,"{""context"": ""Indirect association noted as an analytical lead, not confirmed activity"", ""source_type"": ""informant_tip"", ""verified"": false}"
R004769,P316,P312,TRAVELED_WITH,0.55,2026-05-28T20:47:56,"{""context"": ""Joint travel recorded"", ""source_type"": ""travel_record""}"
R004770,P105,ACC091,OWNS_ACCOUNT,0.79,2026-03-29T18:30:07,"{""account_status"": ""active"", ""source_type"": ""financial_registry""}"
R004771,P142,LOC085,WORKS_AT,0.78,2025-01-12T04:26:40,"{""role"": ""Consultant"", ""source_type"": ""employment_record""}"
R004772,P224,LOC080,WORKS_AT,0.86,2025-09-01T12:18:58,"{""role"": ""Advisor"", ""source_type"": ""employment_record""}"
R004773,P082,P099,ASSOCIATED,0.71,2026-06-15T16:32:34,"{""context"": ""Indirect association noted as an analytical lead, not confirmed activity"", ""source_type"": ""informant_tip"", ""verified"": false}"
R004774,P189,P200,MET,0.94,2025-12-01T03:37:12,"{""details"": ""Meeting recorded at location"", ""source_type"": ""surveillance"", ""verified"": true}"
R004775,P309,LOC073,VISITED,0.8,2025-08-29T14:00:58,"{""duration_minutes"": 125, ""source_type"": ""location_record""}"
R004776,P318,P301,MEMBER_OF,0.75,2026-02-19T13:52:44,"{""context"": ""Shared membership recorded"", ""source_type"": ""field_report""}"
R004777,P307,P389,LOCATED_WITH,0.59,2025-05-06T02:44:52,"{""observation_note"": ""Presence recorded at location"", ""source_type"": ""location_record""}"
R004778,P099,V002,TRAVELED_IN,0.73,2025-07-08T05:50:25,"{""trip_note"": ""Travel recorded together"", ""source_type"": ""field_report""}"
R004779,P328,P347,TRAVELED_WITH,0.61,2025-08-28T22:38:08,"{""context"": ""Joint travel recorded"", ""source_type"": ""travel_record""}"
R004780,P254,ORG008,VISITED_ORG,0.67,2025-03-02T08:02:31,"{""duration_minutes"": 217, ""source_type"": ""location_record""}"
R004781,P158,P172,MEMBER_OF,0.88,2025-12-18T07:50:53,"{""context"": ""Shared membership recorded"", ""source_type"": ""field_report""}"
R004782,P299,LOC098,WORKS_AT,0.52,2026-03-10T22:36:07,"{""role"": ""Manager"", ""source_type"": ""employment_record""}"
R004783,P491,P490,TRAVELED_WITH,0.68,2025-05-02T05:38:39,"{""context"": ""Joint travel recorded"", ""source_type"": ""travel_record""}"
R004784,P328,PH004,USED_PHONE,0.6,2025-05-25T05:41:31,"{""observation"": ""Device usage recorded"", ""source_type"": ""telecom_record""}"
R004785,P053,P099,MEMBER_OF,0.73,2025-12-07T03:09:46,"{""context"": ""Shared membership recorded"", ""source_type"": ""field_report""}"
R004786,P167,ACC120,RECEIVED_FROM,0.53,2025-10-21T14:31:30,"{""amount"": 484642, ""currency"": ""INR"", ""transaction_type"": ""upi_transfer""}"
R004787,P333,P350,MEMBER_OF,0.61,2025-11-18T17:22:51,"{""context"": ""Shared membership recorded"", ""source_type"": ""field_report""}"
R004788,P143,P148,PARTNER,0.76,2025-05-19T00:31:56,"{""relationship_note"": ""Partner relation recorded"", ""source_type"": ""public_record""}"
R004789,P299,P333,SUSPECTED_ASSOCIATE,0.68,2025-11-22T15:35:27,"{""context"": ""Indirect association noted as an analytical lead, not confirmed activity"", ""source_type"": ""informant_tip"", ""verified"": false}"
R004790,P217,P369,CALLED,0.67,2025-03-22T00:32:17,"{""duration_seconds"": 1324, ""source_type"": ""call_record"", ""verified"": false}"
R004791,P014,P023,EMPLOYED_WITH,0.92,2026-07-26T16:34:01,"{""context"": ""Shared employment recorded"", ""source_type"": ""employment_record""}"
R004792,PH018,PH150,COMMUNICATED_WITH,0.61,2025-01-08T04:20:50,"{""contact_count"": 56, ""source_type"": ""telecom_record""}"
R004793,P157,P021,MESSAGED,0.65,2025-02-17T00:24:22,"{""message_count"": 89, ""source_type"": ""communication_record""}"
R004794,P367,P358,ASSOCIATED,0.98,2026-06-19T12:03:25,"{""context"": ""Indirect association noted as an analytical lead, not confirmed activity"", ""source_type"": ""informant_tip"", ""verified"": false}"
R004795,P164,P161,PARTNER,0.92,2025-08-05T15:00:23,"{""relationship_note"": ""Family relation recorded"", ""source_type"": ""public_record""}"
R004796,P230,P248,TRAVELED_WITH,0.58,2026-02-20T20:50:57,"{""context"": ""Joint travel recorded"", ""source_type"": ""travel_record""}"
R004797,P180,P200,MESSAGED,0.85,2026-06-11T00:32:24,"{""message_count"": 131, ""source_type"": ""communication_record""}"
R004798,P455,ORG033,VISITED_ORG,0.74,2025-10-21T11:19:44,"{""duration_minutes"": 190, ""source_type"": ""location_record""}"
R004799,P014,LOC088,RESIDES_AT,0.77,2025-06-17T11:04:27,"{""since"": ""2026-05-21"", ""source_type"": ""registration_record""}"
R004800,ACC106,ACC135,TRANSFERRED_TO,0.55,2025-12-31T17:40:36,"{""amount"": 455484, ""currency"": ""INR"", ""transaction_type"": ""cash_deposit""}"
R004801,P100,ORG074,MEMBER_OF,0.97,2026-04-20T08:27:43,"{""context"": ""Shared membership recorded"", ""source_type"": ""field_report""}"
R004802,P367,P358,MESSAGED,0.62,2026-04-04T21:46:02,"{""message_count"": 25, ""source_type"": ""communication_record""}"
R004803,P167,ORG036,ASSOCIATED_WITH,0.53,2025-10-08T00:46:51,"{""context"": ""Indirect association noted as an analytical lead, not confirmed activity"", ""source_type"": ""informant_tip"", ""verified"": false}"
R004804,P262,P113,PARTNER,0.5,2025-05-08T12:39:36,"{""relationship_note"": ""Family relation recorded"", ""source_type"": ""public_record""}"
R004805,P435,P440,MET,0.66,2025-06-24T11:55:42,"{""details"": ""Brief meeting observed"", ""source_type"": ""surveillance"", ""verified"": true}"
R004806,P272,P290,LOCATED_WITH,0.91,2025-12-14T00:31:49,"{""observation_note"": ""Presence recorded at location"", ""source_type"": ""location_record""}"
R004807,P046,P050,EMPLOYED_WITH,0.53,2026-07-09T10:02:48,"{""context"": ""Shared employment recorded"", ""source_type"": ""employment_record""}"
R004808,P150,P146,EMPLOYED_WITH,0.71,2026-02-24T08:22:00,"{""context"": ""Shared employment recorded"", ""source_type"": ""employment_record""}"
R004809,P452,P451,TRAVELED_WITH,0.92,2026-06-13T05:40:21,"{""context"": ""Joint travel recorded"", ""source_type"": ""travel_record""}"
R004810,P312,P316,TRAVELED_WITH,0.83,2025-05-18T13:15:33,"{""context"": ""Joint travel recorded"", ""source_type"": ""travel_record""}"
R004811,P259,P264,EMPLOYED_WITH,0.57,2025-01-11T06:14:03,"{""context"": ""Shared employment recorded"", ""source_type"": ""employment_record""}"
R004812,P333,V104,OWNS_VEHICLE,0.65,2025-07-03T00:12:37,"{""registration_status"": ""active"", ""source_type"": ""vehicle_registry""}"
R004813,P280,P290,SUSPECTED_ASSOCIATE,0.62,2025-08-09T13:48:12,"{""context"": ""Indirect association noted as an analytical lead, not confirmed activity"", ""source_type"": ""informant_tip"", ""verified"": false}"
R004814,P413,LOC088,LOCATED_AT,0.52,2026-07-04T10:13:42,"{""observation_note"": ""Presence recorded at location"", ""source_type"": ""location_record""}"
R004815,P190,ACC061,OWNS_ACCOUNT,0.88,2025-02-17T10:17:54,"{""account_status"": ""active"", ""source_type"": ""financial_registry""}"
R004816,P176,P179,MESSAGED,0.5,2026-08-07T21:24:18,"{""message_count"": 85, ""source_type"": ""communication_record""}"
R004817,P284,P279,MESSAGED,0.75,2025-10-21T21:11:15,"{""message_count"": 135, ""source_type"": ""communication_record""}"
R004818,P367,P375,EMPLOYED_WITH,0.53,2025-01-29T06:16:02,"{""context"": ""Shared employment recorded"", ""source_type"": ""employment_record""}"
R004819,P215,ORG003,ASSOCIATED_WITH,0.81,2025-01-05T18:13:12,"{""context"": ""Indirect association noted as an analytical lead, not confirmed activity"", ""source_type"": ""informant_tip"", ""verified"": false}"
R004820,P256,P254,SUSPECTED_ASSOCIATE,0.85,2026-04-21T17:30:49,"{""context"": ""Indirect association noted as an analytical lead, not confirmed activity"", ""source_type"": ""informant_tip"", ""verified"": false}"
R004821,P133,ORG004,ASSOCIATED_WITH,0.7,2025-04-15T03:45:37,"{""context"": ""Indirect association noted as an analytical lead, not confirmed activity"", ""source_type"": ""informant_tip"", ""verified"": false}"
R004822,P157,PH121,CALLED,0.93,2026-02-28T20:22:43,"{""duration_seconds"": 919, ""source_type"": ""call_record"", ""verified"": true}"
R004823,P021,ORG023,ASSOCIATED_WITH,0.95,2025-12-01T10:28:16,"{""context"": ""Indirect association noted as an analytical lead, not confirmed activity"", ""source_type"": ""informant_tip"", ""verified"": false}"
R004824,P172,P151,TRAVELED_WITH,0.89,2025-06-14T05:53:16,"{""context"": ""Joint travel recorded"", ""source_type"": ""travel_record""}"
R004825,P360,PH158,MESSAGED,0.75,2025-01-12T21:25:49,"{""message_count"": 7, ""source_type"": ""communication_record""}"
R004826,P465,P391,SUSPECTED_ASSOCIATE,0.91,2026-05-29T14:05:40,"{""context"": ""Indirect association noted as an analytical lead, not confirmed activity"", ""source_type"": ""informant_tip"", ""verified"": false}"
R004827,P113,P107,FAMILY,0.74,2025-03-15T05:37:01,"{""relationship_note"": ""Family relation recorded"", ""source_type"": ""public_record""}"
R004828,P358,P370,PARTNER,0.92,2026-03-23T13:07:04,"{""relationship_note"": ""Family relation recorded"", ""source_type"": ""public_record""}"
R004829,P004,P018,LOCATED_WITH,0.94,2026-08-13T02:17:15,"{""observation_note"": ""Presence recorded at location"", ""source_type"": ""location_record""}"
R004830,P112,P125,MESSAGED,0.83,2026-05-23T15:31:46,"{""message_count"": 36, ""source_type"": ""communication_record""}"
R004831,P063,P065,EMPLOYED_WITH,0.58,2025-12-09T03:16:49,"{""context"": ""Shared employment recorded"", ""source_type"": ""employment_record""}"
R004832,P230,ACC059,OWNS_ACCOUNT,0.98,2025-09-12T11:05:19,"{""account_status"": ""active"", ""source_type"": ""financial_registry""}"
R004833,P278,P294,LOCATED_WITH,0.62,2026-08-06T09:56:58,"{""observation_note"": ""Presence recorded at location"", ""source_type"": ""location_record""}"
R004834,P358,P360,MESSAGED,0.9,2026-06-19T09:14:03,"{""message_count"": 62, ""source_type"": ""communication_record""}"
R004835,P361,P471,FAMILY,0.61,2026-01-28T21:19:23,"{""relationship_note"": ""Partner relation recorded"", ""source_type"": ""public_record""}"
R004836,P126,P144,LOCATED_WITH,0.86,2025-06-13T11:45:23,"{""observation_note"": ""Presence recorded at location"", ""source_type"": ""location_record""}"
R004837,P309,P311,MET,0.82,2025-06-24T13:54:52,"{""details"": ""Meeting recorded at location"", ""source_type"": ""surveillance"", ""verified"": true}"
R004838,P360,P373,PARTNER,0.74,2025-01-16T19:25:18,"{""relationship_note"": ""Family relation recorded"", ""source_type"": ""public_record""}"
R004839,P158,P172,PARTNER,0.73,2025-01-22T12:57:27,"{""relationship_note"": ""Family relation recorded"", ""source_type"": ""public_record""}"
R004840,P137,P149,MET,0.55,2026-04-23T03:10:37,"{""details"": ""Meeting recorded at location"", ""source_type"": ""surveillance"", ""verified"": false}"
R004841,P182,P186,MET,0.69,2025-07-15T06:53:25,"{""details"": ""Extended meeting recorded"", ""source_type"": ""surveillance"", ""verified"": false}"
R004842,P158,ORG063,VISITED_ORG,0.87,2026-02-16T15:07:10,"{""duration_minutes"": 127, ""source_type"": ""location_record""}"
R004843,P180,P205,LOCATED_WITH,0.88,2026-03-13T20:56:12,"{""observation_note"": ""Presence recorded at location"", ""source_type"": ""location_record""}"
R004844,P051,LOC001,TRAVELED_TO,0.77,2026-01-01T00:45:13,"{""mode"": ""air"", ""source_type"": ""travel_record""}"
R004845,P245,P230,TRAVELED_WITH,0.83,2025-12-05T22:16:23,"{""context"": ""Joint travel recorded"", ""source_type"": ""travel_record""}"
R004846,P288,P279,MET,0.57,2025-08-08T01:35:33,"{""details"": ""Extended meeting recorded"", ""source_type"": ""surveillance"", ""verified"": false}"
R004847,P175,P164,PARTNER,0.77,2025-12-09T15:45:38,"{""relationship_note"": ""Family relation recorded"", ""source_type"": ""public_record""}"
R004848,P204,P216,CALLED,0.63,2026-07-30T05:08:12,"{""duration_seconds"": 2667, ""source_type"": ""call_record"", ""verified"": true}"
R004849,P127,P143,MEMBER_OF,0.6,2026-03-04T19:38:22,"{""context"": ""Shared membership recorded"", ""source_type"": ""field_report""}"
R004850,P297,PH035,USED_PHONE,0.86,2025-10-05T23:40:07,"{""observation"": ""Device usage recorded"", ""source_type"": ""telecom_record""}"
R004851,P259,ORG069,WORKS_FOR,0.98,2025-11-05T11:04:07,"{""role"": ""Manager"", ""source_type"": ""employment_record""}"
R004852,P138,P047,MEMBER_OF,0.9,2026-03-11T01:47:38,"{""context"": ""Shared membership recorded"", ""source_type"": ""field_report""}"
R004853,P158,P157,FAMILY,0.82,2026-07-14T02:11:32,"{""relationship_note"": ""Partner relation recorded"", ""source_type"": ""public_record""}"
R004854,P016,P226,LOCATED_WITH,0.65,2026-08-14T23:17:32,"{""observation_note"": ""Presence recorded at location"", ""source_type"": ""location_record""}"
R004855,P284,LOC058,TRAVELED_TO,0.61,2025-10-30T10:10:52,"{""mode"": ""rail"", ""source_type"": ""travel_record""}"
R004856,P328,P366,SUSPECTED_ASSOCIATE,0.94,2025-01-25T07:49:47,"{""context"": ""Indirect association noted as an analytical lead, not confirmed activity"", ""source_type"": ""informant_tip"", ""verified"": false}"
R004857,P044,P034,LOCATED_WITH,0.87,2026-07-21T11:09:31,"{""observation_note"": ""Presence recorded at location"", ""source_type"": ""location_record""}"
R004858,P415,P422,SUSPECTED_ASSOCIATE,0.61,2025-03-27T01:19:40,"{""context"": ""Indirect association noted as an analytical lead, not confirmed activity"", ""source_type"": ""informant_tip"", ""verified"": false}"
R004859,P426,P443,MESSAGED,0.72,2026-07-09T02:55:10,"{""message_count"": 18, ""source_type"": ""communication_record""}"
R004860,P189,PH130,OWNS_PHONE,0.73,2025-11-26T14:19:59,"{""registration_status"": ""active"", ""source_type"": ""telecom_registry""}"
R004861,P061,P062,FAMILY,0.77,2025-07-12T01:01:08,"{""relationship_note"": ""Partner relation recorded"", ""source_type"": ""public_record""}"
R004862,P388,P394,MESSAGED,0.77,2025-03-27T17:33:56,"{""message_count"": 37, ""source_type"": ""communication_record""}"
R004863,P099,LOC063,VISITED,0.87,2026-04-01T19:36:44,"{""duration_minutes"": 164, ""source_type"": ""location_record""}"
R004864,P431,PH043,CALLED,0.63,2026-02-19T19:00:12,"{""duration_seconds"": 2774, ""source_type"": ""call_record"", ""verified"": true}"
R004865,P309,PH075,OWNS_PHONE,0.55,2025-11-11T01:20:35,"{""registration_status"": ""active"", ""source_type"": ""telecom_registry""}"
R004866,P415,PH050,CALLED,0.73,2026-06-11T03:24:47,"{""duration_seconds"": 944, ""source_type"": ""call_record"", ""verified"": true}"
R004867,P224,V107,OWNS_VEHICLE,0.6,2025-08-05T00:09:55,"{""registration_status"": ""active"", ""source_type"": ""vehicle_registry""}"
R004868,P237,P229,LOCATED_WITH,0.8,2025-10-14T03:39:40,"{""observation_note"": ""Presence recorded at location"", ""source_type"": ""location_record""}"
R004869,P143,P150,CALLED,0.68,2026-05-27T22:12:43,"{""duration_seconds"": 199, ""source_type"": ""call_record"", ""verified"": true}"
R004870,P149,P140,MET,0.8,2025-04-06T13:34:54,"{""details"": ""Meeting recorded at location"", ""source_type"": ""surveillance"", ""verified"": false}"
R004871,P247,P360,MESSAGED,0.86,2026-04-11T15:02:49,"{""message_count"": 67, ""source_type"": ""communication_record""}"
R004872,ACC096,ACC030,TRANSFERRED_TO,0.89,2026-07-07T09:23:14,"{""amount"": 337133, ""currency"": ""INR"", ""transaction_type"": ""upi_transfer""}"
R004873,P304,PH083,MESSAGED,0.99,2025-11-16T06:28:59,"{""message_count"": 115, ""source_type"": ""communication_record""}"
R004874,P426,V119,TRAVELED_IN,0.91,2025-10-12T10:55:58,"{""trip_note"": ""Travel recorded together"", ""source_type"": ""field_report""}"
R004875,P115,V124,TRAVELED_IN,0.95,2026-06-03T01:42:30,"{""trip_note"": ""Travel recorded together"", ""source_type"": ""field_report""}"
R004876,P102,ORG076,ASSOCIATED_WITH,0.86,2026-06-29T08:49:13,"{""context"": ""Indirect association noted as an analytical lead, not confirmed activity"", ""source_type"": ""informant_tip"", ""verified"": false}"
R004877,P109,P133,LOCATED_WITH,0.77,2026-03-25T23:22:29,"{""observation_note"": ""Presence recorded at location"", ""source_type"": ""location_record""}"
R004878,P051,P083,MET,0.63,2025-11-08T16:48:50,"{""details"": ""Meeting recorded at location"", ""source_type"": ""surveillance"", ""verified"": false}"
R004879,P109,P147,MET,0.57,2026-05-09T23:24:36,"{""details"": ""Meeting recorded at location"", ""source_type"": ""surveillance"", ""verified"": false}"
R004880,P333,P329,MEMBER_OF,0.6,2025-05-01T23:22:54,"{""context"": ""Shared membership recorded"", ""source_type"": ""field_report""}"
R004881,P415,ACC195,TRANSACTION_WITH,0.64,2025-01-08T04:48:59,"{""amount"": 365562, ""currency"": ""INR"", ""transaction_type"": ""upi_transfer""}"
R004882,P328,P368,LOCATED_WITH,0.74,2026-07-14T18:49:24,"{""observation_note"": ""Presence recorded at location"", ""source_type"": ""location_record""}"
R004883,P080,V043,USED_VEHICLE,0.92,2025-12-25T17:36:04,"{""observation"": ""Vehicle observed in use"", ""source_type"": ""CCTV""}"
R004884,P453,P483,PARTNER,0.66,2025-04-22T17:18:30,"{""relationship_note"": ""Partner relation recorded"", ""source_type"": ""public_record""}"
R004885,ACC086,ACC108,TRANSFERRED_TO,0.53,2025-07-31T19:40:01,"{""amount"": 148747, ""currency"": ""INR"", ""transaction_type"": ""upi_transfer""}"
R004886,P480,LOC006,LOCATED_AT,0.83,2026-02-02T23:19:19,"{""observation_note"": ""Presence recorded at location"", ""source_type"": ""location_record""}"
R004887,P051,P074,EMPLOYED_WITH,0.82,2025-01-17T15:43:02,"{""context"": ""Shared employment recorded"", ""source_type"": ""employment_record""}"
R004888,P333,P229,ASSOCIATED,0.57,2025-02-20T05:28:37,"{""context"": ""Indirect association noted as an analytical lead, not confirmed activity"", ""source_type"": ""informant_tip"", ""verified"": false}"
R004889,P389,LOC092,VISITED,0.71,2026-06-06T23:16:02,"{""duration_minutes"": 117, ""source_type"": ""location_record""}"
R004890,P158,P156,FAMILY,0.81,2025-09-08T20:37:39,"{""relationship_note"": ""Family relation recorded"", ""source_type"": ""public_record""}"
R004891,P112,PH058,CALLED,0.84,2025-11-16T21:52:49,"{""duration_seconds"": 2065, ""source_type"": ""call_record"", ""verified"": false}"
R004892,P179,ORG009,WORKS_FOR,0.62,2025-12-29T05:36:52,"{""role"": ""Advisor"", ""source_type"": ""employment_record""}"
R004893,P058,P066,MEMBER_OF,0.87,2025-09-16T14:17:22,"{""context"": ""Shared membership recorded"", ""source_type"": ""field_report""}"
R004894,P143,ORG043,VISITED_ORG,0.91,2026-03-12T00:51:11,"{""duration_minutes"": 39, ""source_type"": ""location_record""}"
R004895,P460,P458,CALLED,0.67,2025-09-02T21:40:17,"{""duration_seconds"": 1511, ""source_type"": ""call_record"", ""verified"": false}"
R004896,P014,P017,LOCATED_WITH,0.63,2025-05-02T12:14:38,"{""observation_note"": ""Presence recorded at location"", ""source_type"": ""location_record""}"
R004897,P323,P324,ASSOCIATED,0.71,2026-08-23T23:19:44,"{""context"": ""Indirect association noted as an analytical lead, not confirmed activity"", ""source_type"": ""informant_tip"", ""verified"": false}"
R004898,P082,P087,TRAVELED_WITH,0.52,2025-09-04T23:16:24,"{""context"": ""Joint travel recorded"", ""source_type"": ""travel_record""}"
R004899,P028,PH023,CALLED,0.74,2025-09-17T23:44:54,"{""duration_seconds"": 3133, ""source_type"": ""call_record"", ""verified"": false}"
R004900,P413,PH052,OWNS_PHONE,0.73,2025-10-10T03:07:40,"{""registration_status"": ""active"", ""source_type"": ""telecom_registry""}"
R004901,P402,P432,PARTNER,0.93,2026-04-02T16:23:54,"{""relationship_note"": ""Partner relation recorded"", ""source_type"": ""public_record""}"
R004902,P052,P076,SUSPECTED_ASSOCIATE,0.58,2025-01-16T10:50:59,"{""context"": ""Indirect association noted as an analytical lead, not confirmed activity"", ""source_type"": ""informant_tip"", ""verified"": false}"
R004903,P200,P178,EMPLOYED_WITH,0.96,2025-07-28T19:37:23,"{""context"": ""Shared employment recorded"", ""source_type"": ""employment_record""}"
R004904,P120,LOC019,TRAVELED_TO,0.56,2025-12-02T04:18:49,"{""mode"": ""air"", ""source_type"": ""travel_record""}"
R004905,P016,LOC087,RESIDES_AT,0.75,2026-08-25T00:18:49,"{""since"": ""2025-01-02"", ""source_type"": ""registration_record""}"
R004906,P347,P343,CALLED,0.52,2026-02-15T03:06:30,"{""duration_seconds"": 3455, ""source_type"": ""call_record"", ""verified"": false}"
R004907,P367,P354,FAMILY,0.56,2026-08-20T13:33:58,"{""relationship_note"": ""Family relation recorded"", ""source_type"": ""public_record""}"
R004908,P230,ORG077,WORKS_FOR,0.62,2026-02-05T06:22:51,"{""role"": ""Consultant"", ""source_type"": ""employment_record""}"
R004909,P385,P376,PARTNER,0.82,2025-01-15T01:43:53,"{""relationship_note"": ""Family relation recorded"", ""source_type"": ""public_record""}"
R004910,P133,P137,MET,0.77,2025-07-27T23:36:28,"{""details"": ""Extended meeting recorded"", ""source_type"": ""surveillance"", ""verified"": true}"
R004911,P180,PH182,CALLED,0.61,2025-02-07T10:58:23,"{""duration_seconds"": 2642, ""source_type"": ""call_record"", ""verified"": false}"
R004912,P014,LOC024,WORKS_AT,0.97,2026-04-05T06:47:50,"{""role"": ""Manager"", ""source_type"": ""employment_record""}"
R004913,ACC146,ACC078,TRANSACTION_WITH,0.7,2025-03-17T12:11:17,"{""amount"": 466963, ""currency"": ""INR"", ""transaction_type"": ""cash_deposit""}"
R004914,P432,ACC075,TRANSFERRED_TO,0.94,2025-02-28T07:42:39,"{""amount"": 235390, ""currency"": ""INR"", ""transaction_type"": ""upi_transfer""}"
R004915,P057,V089,TRAVELED_IN,0.78,2025-04-22T23:50:02,"{""trip_note"": ""Travel recorded together"", ""source_type"": ""field_report""}"
R004916,P021,ORG035,MEMBER_OF,0.8,2025-11-05T00:01:20,"{""context"": ""Shared membership recorded"", ""source_type"": ""field_report""}"
R004917,P426,LOC093,WORKS_AT,0.66,2025-07-24T15:14:48,"{""role"": ""Consultant"", ""source_type"": ""employment_record""}"
R004918,P413,LOC020,VISITED,0.5,2025-10-29T23:37:25,"{""duration_minutes"": 62, ""source_type"": ""location_record""}"
R004919,P466,P474,EMPLOYED_WITH,0.56,2025-07-21T17:28:04,"{""context"": ""Shared employment recorded"", ""source_type"": ""employment_record""}"
R004920,P367,P360,MEMBER_OF,0.75,2026-03-04T14:16:28,"{""context"": ""Shared membership recorded"", ""source_type"": ""field_report""}"
R004921,P310,PH102,CALLED,0.63,2025-11-04T15:42:26,"{""duration_seconds"": 176, ""source_type"": ""call_record"", ""verified"": false}"
R004922,P102,P367,LOCATED_WITH,0.51,2026-07-17T10:23:19,"{""observation_note"": ""Presence recorded at location"", ""source_type"": ""location_record""}"
R004923,ACC066,ACC025,TRANSACTION_WITH,0.95,2025-07-30T15:49:48,"{""amount"": 217146, ""currency"": ""INR"", ""transaction_type"": ""bank_transfer""}"
R004924,P389,ORG100,ASSOCIATED_WITH,0.68,2026-06-05T00:24:29,"{""context"": ""Indirect association noted as an analytical lead, not confirmed activity"", ""source_type"": ""informant_tip"", ""verified"": false}"
R004925,P367,P109,EMPLOYED_WITH,0.52,2026-03-04T16:44:29,"{""context"": ""Shared employment recorded"", ""source_type"": ""employment_record""}"
R004926,P133,P171,SUSPECTED_ASSOCIATE,0.76,2025-07-30T17:18:36,"{""context"": ""Indirect association noted as an analytical lead, not confirmed activity"", ""source_type"": ""informant_tip"", ""verified"": false}"
R004927,P004,P013,CALLED,0.6,2026-02-01T02:05:07,"{""duration_seconds"": 1532, ""source_type"": ""call_record"", ""verified"": false}"
R004928,P328,LOC018,RESIDES_AT,0.62,2025-12-23T02:45:39,"{""since"": ""2026-02-23"", ""source_type"": ""registration_record""}"
R004929,P426,P457,MEMBER_OF,0.8,2025-05-16T03:54:56,"{""context"": ""Shared membership recorded"", ""source_type"": ""field_report""}"
R004930,P308,V121,USED_VEHICLE,0.91,2025-09-25T11:50:53,"{""observation"": ""Vehicle observed in use"", ""source_type"": ""CCTV""}"
R004931,P094,LOC018,VISITED,0.94,2026-08-29T03:06:16,"{""duration_minutes"": 9, ""source_type"": ""location_record""}"
R004932,P413,P414,MEMBER_OF,0.78,2025-12-19T21:42:08,"{""context"": ""Shared membership recorded"", ""source_type"": ""field_report""}"
R004933,P318,P309,MESSAGED,0.88,2025-01-14T18:30:48,"{""message_count"": 55, ""source_type"": ""communication_record""}"
R004934,P302,P308,FAMILY,0.56,2026-07-16T13:40:08,"{""relationship_note"": ""Partner relation recorded"", ""source_type"": ""public_record""}"
R004935,P463,LOC074,RESIDES_AT,0.81,2026-08-05T07:27:40,"{""since"": ""2025-11-26"", ""source_type"": ""registration_record""}"
R004936,P309,P302,FAMILY,0.55,2026-01-13T18:15:55,"{""relationship_note"": ""Family relation recorded"", ""source_type"": ""public_record""}"
R004937,P119,P118,ASSOCIATED,0.51,2026-03-05T05:03:20,"{""context"": ""Indirect association noted as an analytical lead, not confirmed activity"", ""source_type"": ""informant_tip"", ""verified"": false}"
R004938,P230,P238,MEMBER_OF,0.59,2026-03-01T06:58:19,"{""context"": ""Shared membership recorded"", ""source_type"": ""field_report""}"
R004939,P077,ACC055,TRANSFERRED_TO,0.79,2025-08-08T10:12:22,"{""amount"": 493947, ""currency"": ""INR"", ""transaction_type"": ""cash_deposit""}"
R004940,P235,P231,PARTNER,0.62,2025-04-10T12:51:55,"{""relationship_note"": ""Partner relation recorded"", ""source_type"": ""public_record""}"
R004941,P495,PH169,USED_PHONE,0.89,2025-02-07T04:56:53,"{""observation"": ""Device usage recorded"", ""source_type"": ""telecom_record""}"
R004942,P413,P410,MESSAGED,0.76,2025-09-25T09:45:00,"{""message_count"": 111, ""source_type"": ""communication_record""}"
R004943,ACC136,ACC059,TRANSFERRED_TO,0.79,2025-06-26T12:41:59,"{""amount"": 208241, ""currency"": ""INR"", ""transaction_type"": ""upi_transfer""}"
R004944,P369,P373,FAMILY,0.66,2026-01-28T15:10:02,"{""relationship_note"": ""Family relation recorded"", ""source_type"": ""public_record""}"
R004945,P360,P364,LOCATED_WITH,0.97,2026-01-26T16:00:49,"{""observation_note"": ""Presence recorded at location"", ""source_type"": ""location_record""}"
R004946,P099,LOC044,WORKS_AT,0.62,2026-06-15T02:09:10,"{""role"": ""Consultant"", ""source_type"": ""employment_record""}"
R004947,P408,P424,FAMILY,0.79,2025-09-04T09:38:32,"{""relationship_note"": ""Partner relation recorded"", ""source_type"": ""public_record""}"
R004948,P318,P350,SUSPECTED_ASSOCIATE,0.89,2025-12-12T17:22:07,"{""context"": ""Indirect association noted as an analytical lead, not confirmed activity"", ""source_type"": ""informant_tip"", ""verified"": false}"
R004949,P413,P424,CALLED,0.81,2025-11-18T18:27:29,"{""duration_seconds"": 3231, ""source_type"": ""call_record"", ""verified"": true}"
R004950,P338,V086,OWNS_VEHICLE,0.87,2025-02-20T05:02:09,"{""registration_status"": ""active"", ""source_type"": ""vehicle_registry""}"
R004951,P021,P015,PARTNER,0.74,2026-05-07T07:43:13,"{""relationship_note"": ""Partner relation recorded"", ""source_type"": ""public_record""}"
R004952,P369,P387,ASSOCIATED,0.97,2026-06-09T01:00:58,"{""context"": ""Indirect association noted as an analytical lead, not confirmed activity"", ""source_type"": ""informant_tip"", ""verified"": false}"
R004953,P280,ACC182,TRANSACTION_WITH,0.73,2026-01-19T06:50:54,"{""amount"": 329251, ""currency"": ""INR"", ""transaction_type"": ""cash_deposit""}"
R004954,P021,LOC092,VISITED,0.82,2025-04-15T23:17:35,"{""duration_minutes"": 10, ""source_type"": ""location_record""}"
R004955,P099,LOC053,TRAVELED_TO,0.83,2025-03-17T15:59:22,"{""mode"": ""air"", ""source_type"": ""travel_record""}"
R004956,P052,P076,PARTNER,0.67,2025-05-22T12:32:40,"{""relationship_note"": ""Partner relation recorded"", ""source_type"": ""public_record""}"
R004957,P280,ORG051,WORKS_FOR,0.72,2026-08-19T21:59:57,"{""role"": ""Consultant"", ""source_type"": ""employment_record""}"
R004958,P338,PH162,OWNS_PHONE,0.96,2025-01-07T03:41:17,"{""registration_status"": ""active"", ""source_type"": ""telecom_registry""}"
R004959,P318,P347,MESSAGED,0.64,2026-01-11T17:42:22,"{""message_count"": 101, ""source_type"": ""communication_record""}"
R004960,P453,P051,SUSPECTED_ASSOCIATE,0.6,2026-07-01T15:13:54,"{""context"": ""Indirect association noted as an analytical lead, not confirmed activity"", ""source_type"": ""informant_tip"", ""verified"": false}"
R004961,P288,P286,CALLED,0.82,2025-09-26T05:26:24,"{""duration_seconds"": 3556, ""source_type"": ""call_record"", ""verified"": false}"
R004962,P217,P215,PARTNER,0.74,2025-07-02T13:00:24,"{""relationship_note"": ""Family relation recorded"", ""source_type"": ""public_record""}"
R004963,P400,P391,MESSAGED,0.5,2026-03-16T02:45:15,"{""message_count"": 113, ""source_type"": ""communication_record""}"
R004964,P230,P248,MET,0.93,2025-07-19T10:22:01,"{""details"": ""Meeting recorded at location"", ""source_type"": ""surveillance"", ""verified"": false}"
R004965,P230,P239,LOCATED_WITH,0.85,2026-05-28T22:02:19,"{""observation_note"": ""Presence recorded at location"", ""source_type"": ""location_record""}"
R004966,P133,P174,MEMBER_OF,0.56,2026-08-16T14:20:04,"{""context"": ""Shared membership recorded"", ""source_type"": ""field_report""}"
R004967,P180,ACC109,TRANSFERRED_TO,0.75,2025-08-14T02:50:26,"{""amount"": 424999, ""currency"": ""INR"", ""transaction_type"": ""cash_deposit""}"
R004968,P112,LOC045,VISITED,0.87,2026-07-26T03:50:51,"{""duration_minutes"": 104, ""source_type"": ""location_record""}"
R004969,P341,ACC093,RECEIVED_FROM,0.66,2026-03-21T22:10:08,"{""amount"": 234064, ""currency"": ""INR"", ""transaction_type"": ""upi_transfer""}"
R004970,P280,P277,MET,0.59,2025-09-06T16:30:42,"{""details"": ""Extended meeting recorded"", ""source_type"": ""surveillance"", ""verified"": true}"
R004971,P402,PH069,MESSAGED,0.96,2025-08-20T02:27:05,"{""message_count"": 107, ""source_type"": ""communication_record""}"
R004972,P328,V023,OWNS_VEHICLE,0.63,2025-02-25T21:44:12,"{""registration_status"": ""active"", ""source_type"": ""vehicle_registry""}"
R004973,P318,PH172,USED_PHONE,0.96,2026-04-17T20:30:35,"{""observation"": ""Device usage recorded"", ""source_type"": ""telecom_record""}"
R004974,P459,P464,EMPLOYED_WITH,0.63,2026-03-22T03:33:23,"{""context"": ""Shared employment recorded"", ""source_type"": ""employment_record""}"
R004975,P029,P037,MET,0.99,2026-08-15T21:42:26,"{""details"": ""Meeting recorded at location"", ""source_type"": ""surveillance"", ""verified"": true}"
R004976,P336,P327,ASSOCIATED,0.54,2025-11-02T22:11:12,"{""context"": ""Indirect association noted as an analytical lead, not confirmed activity"", ""source_type"": ""informant_tip"", ""verified"": false}"
R004977,P358,P337,TRAVELED_WITH,0.91,2025-12-12T21:36:43,"{""context"": ""Joint travel recorded"", ""source_type"": ""travel_record""}"
R004978,P178,P360,ASSOCIATED,0.84,2025-03-12T05:17:19,"{""context"": ""Indirect association noted as an analytical lead, not confirmed activity"", ""source_type"": ""informant_tip"", ""verified"": false}"
R004979,P299,P306,SUSPECTED_ASSOCIATE,0.81,2026-05-06T17:27:24,"{""context"": ""Indirect association noted as an analytical lead, not confirmed activity"", ""source_type"": ""informant_tip"", ""verified"": false}"
R004980,P272,P291,PARTNER,0.66,2026-04-08T16:35:50,"{""relationship_note"": ""Partner relation recorded"", ""source_type"": ""public_record""}"
R004981,P485,P496,MET,0.88,2026-03-31T04:54:38,"{""details"": ""Meeting recorded at location"", ""source_type"": ""surveillance"", ""verified"": false}"
R004982,P449,P447,MESSAGED,0.62,2026-03-03T11:50:05,"{""message_count"": 27, ""source_type"": ""communication_record""}"
R004983,P309,P319,EMPLOYED_WITH,0.64,2025-12-21T02:56:42,"{""context"": ""Shared employment recorded"", ""source_type"": ""employment_record""}"
R004984,P358,P259,CALLED,0.81,2026-01-10T09:40:58,"{""duration_seconds"": 1548, ""source_type"": ""call_record"", ""verified"": true}"
R004985,P360,V122,USED_VEHICLE,0.71,2025-10-02T08:00:15,"{""observation"": ""Vehicle observed in use"", ""source_type"": ""CCTV""}"
R004986,V040,LOC029,SEEN_AT,0.84,2025-10-11T04:24:09,"{""observation"": ""Vehicle observed in use"", ""source_type"": ""CCTV""}"
R004987,P233,P240,TRAVELED_WITH,0.88,2025-04-11T16:46:40,"{""context"": ""Joint travel recorded"", ""source_type"": ""travel_record""}"
R004988,P339,P333,TRAVELED_WITH,0.67,2025-04-25T19:58:48,"{""context"": ""Joint travel recorded"", ""source_type"": ""travel_record""}"
R004989,P051,P058,TRAVELED_WITH,0.94,2025-12-07T20:20:31,"{""context"": ""Joint travel recorded"", ""source_type"": ""travel_record""}"
R004990,P452,PH106,MESSAGED,0.76,2025-08-22T06:23:04,"{""message_count"": 80, ""source_type"": ""communication_record""}"
R004991,P215,LOC087,TRAVELED_TO,0.68,2026-01-23T10:59:32,"{""mode"": ""road"", ""source_type"": ""travel_record""}"
R004992,P360,P066,TRAVELED_WITH,0.67,2025-04-28T04:48:14,"{""context"": ""Joint travel recorded"", ""source_type"": ""travel_record""}"
R004993,P446,PH123,OWNS_PHONE,0.65,2026-02-13T19:36:08,"{""registration_status"": ""active"", ""source_type"": ""telecom_registry""}"
R004994,P360,V087,OWNS_VEHICLE,0.77,2025-09-30T08:01:41,"{""registration_status"": ""active"", ""source_type"": ""vehicle_registry""}"
R004995,P051,PH144,OWNS_PHONE,0.94,2025-09-06T14:21:35,"{""registration_status"": ""active"", ""source_type"": ""telecom_registry""}"
R004996,P234,P120,EMPLOYED_WITH,0.79,2026-06-13T12:11:15,"{""context"": ""Shared employment recorded"", ""source_type"": ""employment_record""}"
R004997,P180,P197,TRAVELED_WITH,0.62,2026-08-23T14:09:32,"{""context"": ""Joint travel recorded"", ""source_type"": ""travel_record""}"
R004998,P358,P359,MEMBER_OF,0.73,2025-08-22T06:54:14,"{""context"": ""Shared membership recorded"", ""source_type"": ""field_report""}"
R004999,P371,ORG089,MEMBER_OF,0.71,2025-04-25T21:00:01,"{""context"": ""Shared membership recorded"", ""source_type"": ""field_report""}"
R005000,P301,ORG010,WORKS_FOR,0.67,2026-01-25T21:55:57,"{""role"": ""Manager"", ""source_type"": ""employment_record""}"
